{
"type": "FeatureCollection",
"name": "geo_canarias_municipios",
"crs": { "type": "name", "properties": { "name": "urn:ogc:def:crs:OGC:1.3:CRS84" } },
"features": [
{ "type": "Feature", "properties": { "geocode": "35001", "geopadre": "ES705A22", "etiqueta": "Agaete", "notas": "Ayuntamiento de Agaete", "granularidad": "MUNICIPIOS", "gcd_provincia": "ES701", "gcd_isla": "ES705", "gcd_grancomarca": "ES705A2", "gcd_comarca": "ES705A22", "ign_sup": 4451.16, "ign_perim": 41038.0, "utm_x": 432237.32, "utm_y": 3105495.86, "longitud": -15.689645, "latitud": 28.073135, "utm_x_capi": 431360.28, "utm_y_capi": 3108387.71, "long_capi": -15.698739, "lati_capi": 28.099193 }, "geometry": { "type": "MultiPolygon", "coordinates": [ [ [ [ -15.746036728476307, 28.051058557889231 ], [ -15.74420289412252, 28.052144697990187 ], [ -15.740885226710194, 28.052868073113594 ], [ -15.737892016714131, 28.054623673208969 ], [ -15.736840076924526, 28.0573769729757 ], [ -15.73697832464279, 28.058639559038859 ], [ -15.735150599085198, 28.059619846794622 ], [ -15.733937495822278, 28.062401283882458 ], [ -15.734416809903649, 28.064233977076015 ], [ -15.731987978077511, 28.063804337652595 ], [ -15.726059456216547, 28.066823222313822 ], [ -15.72555661406631, 28.068083034692226 ], [ -15.723396043433386, 28.068714172541291 ], [ -15.720245962314296, 28.070501082895806 ], [ -15.720044883148082, 28.072606484308093 ], [ -15.718446912713491, 28.073580879154914 ], [ -15.718053105549297, 28.075131975253836 ], [ -15.716504523555004, 28.075927268523891 ], [ -15.713859672928214, 28.078717568603739 ], [ -15.710171308437024, 28.084500190508482 ], [ -15.710393323383038, 28.086406782468057 ], [ -15.707569643937319, 28.088532947537022 ], [ -15.708060988431404, 28.090518157890617 ], [ -15.707055124061752, 28.092497775370784 ], [ -15.70783325556099, 28.097285127193587 ], [ -15.709300100005677, 28.10043432391139 ], [ -15.711299235629404, 28.101062526036014 ], [ -15.713488372825326, 28.100886571469534 ], [ -15.712063588541916, 28.105096153920751 ], [ -15.711077303508729, 28.106809848586309 ], [ -15.707464514429301, 28.107480319117915 ], [ -15.706004195951687, 28.108427838089572 ], [ -15.706522525635785, 28.110013374762651 ], [ -15.705072031761773, 28.114237901767673 ], [ -15.705120647530352, 28.116883644044631 ], [ -15.70298429037177, 28.117379174786635 ], [ -15.702033913885094, 28.116225729551434 ], [ -15.699254300194998, 28.116187649496286 ], [ -15.698893938123279, 28.114775822364535 ], [ -15.696015741170287, 28.116195054558975 ], [ -15.693059984749429, 28.116464174777793 ], [ -15.69218947304722, 28.114929127407542 ], [ -15.688883736403429, 28.114003405597945 ], [ -15.685367269219869, 28.10953172410543 ], [ -15.684386452191077, 28.109782611355403 ], [ -15.68091608502422, 28.106554571366296 ], [ -15.680208999488595, 28.104461839832702 ], [ -15.678680539786354, 28.103014434645122 ], [ -15.677673601773183, 28.100180337030654 ], [ -15.676532392960858, 28.099414322073191 ], [ -15.674051192617807, 28.096235808973699 ], [ -15.672966707388865, 28.093085355555601 ], [ -15.668910607501401, 28.089458170598874 ], [ -15.664707459076645, 28.089600207031111 ], [ -15.663283127821289, 28.08788770323136 ], [ -15.664687220097983, 28.084463237315539 ], [ -15.663365546894685, 28.084679073860325 ], [ -15.65977737030912, 28.08368072596603 ], [ -15.659406818766408, 28.080668819574946 ], [ -15.660248037690632, 28.079212985683 ], [ -15.658554865645904, 28.075112960133769 ], [ -15.658736697126232, 28.072919823006313 ], [ -15.656985166846162, 28.072422713115746 ], [ -15.652542495028904, 28.069247326324557 ], [ -15.652386834681527, 28.065964069103263 ], [ -15.652850811696135, 28.064088712956934 ], [ -15.651723104609795, 28.062654300624672 ], [ -15.651888998009941, 28.060349219160493 ], [ -15.651208085891426, 28.058620180788438 ], [ -15.653668531472237, 28.057345121801756 ], [ -15.654640212030209, 28.055541071887237 ], [ -15.658217790018837, 28.055955265221872 ], [ -15.660179681660942, 28.055091749763193 ], [ -15.661974634487024, 28.052985431112905 ], [ -15.66155097844268, 28.049893198588244 ], [ -15.663518278544956, 28.049825249625449 ], [ -15.665886495471728, 28.048919583571021 ], [ -15.669212800905811, 28.049503667302403 ], [ -15.670118073105149, 28.048184649510048 ], [ -15.674187413822121, 28.051304066246249 ], [ -15.675597672257643, 28.053483408928621 ], [ -15.678457785139729, 28.054174812051375 ], [ -15.681292924517129, 28.055384601657664 ], [ -15.683730453372721, 28.053422277109163 ], [ -15.685562843110597, 28.051064973671135 ], [ -15.687613779035223, 28.049595382489798 ], [ -15.689341753227575, 28.047635797339098 ], [ -15.692869301961569, 28.049354986396633 ], [ -15.695480708789924, 28.052327248194043 ], [ -15.699135247592981, 28.049998674411917 ], [ -15.700784572865924, 28.047838654249702 ], [ -15.703305097665218, 28.046029624621127 ], [ -15.7062606292015, 28.042986409319749 ], [ -15.708500844711835, 28.042712524696892 ], [ -15.708324410104401, 28.040932057059642 ], [ -15.711508954196395, 28.039847414887767 ], [ -15.714434395509929, 28.037665903622628 ], [ -15.7147744927119, 28.034117690537688 ], [ -15.716649155383941, 28.032939307431565 ], [ -15.725011794088127, 28.029563792068235 ], [ -15.732991949469886, 28.028978946736313 ], [ -15.738023821094771, 28.029379810646073 ], [ -15.740885975533134, 28.029314542700664 ], [ -15.743787722488078, 28.031892417640737 ], [ -15.74401326284266, 28.033019766458114 ], [ -15.742274003131826, 28.03438460669809 ], [ -15.7422234806919, 28.036984605217359 ], [ -15.744980570903545, 28.038423495410917 ], [ -15.744600145338495, 28.041061018444484 ], [ -15.745779064684504, 28.042894341282032 ], [ -15.747454140786358, 28.044119236918771 ], [ -15.748441860862545, 28.046055090815969 ], [ -15.748492112560807, 28.047665668045951 ], [ -15.745702369354433, 28.049730686493486 ], [ -15.746036728476307, 28.051058557889231 ] ] ] ] } },
{ "type": "Feature", "properties": { "geocode": "35002", "geopadre": "ES705A32", "etiqueta": "Agüimes", "notas": "Ayuntamiento de Agüimes", "granularidad": "MUNICIPIOS", "gcd_provincia": "ES701", "gcd_isla": "ES705", "gcd_grancomarca": "ES705A3", "gcd_comarca": "ES705A32", "ign_sup": 7889.72, "ign_perim": 55508.0, "utm_x": 455417.29, "utm_y": 3085973.99, "longitud": -15.453004, "latitud": 27.897893, "utm_x_capi": 456117.58, "utm_y_capi": 3086639.88, "long_capi": -15.445914, "lati_capi": 27.903927 }, "geometry": { "type": "MultiPolygon", "coordinates": [ [ [ [ -15.386900488993088, 27.90250941336372 ], [ -15.388716642371149, 27.897278012475226 ], [ -15.390607962154512, 27.894147309544152 ], [ -15.393733722865603, 27.891649783647907 ], [ -15.39376599741127, 27.888026097591485 ], [ -15.392293686528653, 27.883561975539923 ], [ -15.389966703124966, 27.879513732880564 ], [ -15.387237558601786, 27.877472091659346 ], [ -15.385481603959374, 27.877893876160218 ], [ -15.385689307305064, 27.87571458218882 ], [ -15.383361039314256, 27.876207368450988 ], [ -15.380979757854119, 27.875378152852083 ], [ -15.383557592567321, 27.871981616773674 ], [ -15.385691616394652, 27.87146739834046 ], [ -15.386713713570769, 27.870009580024924 ], [ -15.386074626178093, 27.867829332813088 ], [ -15.386961831961942, 27.866527214364265 ], [ -15.38411406128842, 27.864692527893403 ], [ -15.384717539821683, 27.862179082096105 ], [ -15.386835846877654, 27.860761061895651 ], [ -15.385695440693649, 27.858703930430231 ], [ -15.385877266939623, 27.857264279013197 ], [ -15.387762842050257, 27.857291734442782 ], [ -15.38954542633391, 27.855089009018826 ], [ -15.391750548880864, 27.855870105265058 ], [ -15.393909955073294, 27.855133633846709 ], [ -15.395368319458772, 27.856780756939514 ], [ -15.398549523215118, 27.856321968858612 ], [ -15.398845400800132, 27.854319007150622 ], [ -15.401733966908006, 27.851541500651162 ], [ -15.403369250678073, 27.849288879334988 ], [ -15.396541767115625, 27.845535027461732 ], [ -15.397178663900405, 27.844565406825691 ], [ -15.404194174806364, 27.848618665863135 ], [ -15.408390463298826, 27.847912200651908 ], [ -15.408337194813866, 27.849740810666898 ], [ -15.409430163541552, 27.851914069012633 ], [ -15.412145288498419, 27.853611397966198 ], [ -15.412877243306546, 27.854852059795498 ], [ -15.416988345687205, 27.857380064593457 ], [ -15.419597592828184, 27.858120339923044 ], [ -15.421429227817365, 27.859790863834682 ], [ -15.423148498815047, 27.859262412308354 ], [ -15.426015450615425, 27.861324478368036 ], [ -15.427675253566605, 27.861223634684439 ], [ -15.430679526212923, 27.86271647239921 ], [ -15.435508733053734, 27.862739098729001 ], [ -15.436599651768722, 27.863315132475559 ], [ -15.44162591952729, 27.863229305802619 ], [ -15.445257655067632, 27.864360950108018 ], [ -15.44904731402575, 27.865052940372035 ], [ -15.453800303872749, 27.868279128942067 ], [ -15.458665565467799, 27.86833420669069 ], [ -15.464061652524082, 27.869104682296651 ], [ -15.469136971397365, 27.868565174595137 ], [ -15.472672031809962, 27.869488739031755 ], [ -15.474729970348601, 27.871238779043335 ], [ -15.477976764618834, 27.872724604903865 ], [ -15.481275919292266, 27.871694753998369 ], [ -15.48387431104309, 27.872818621971295 ], [ -15.487545986528835, 27.872663700423509 ], [ -15.490699545147573, 27.873660149338061 ], [ -15.495039663317733, 27.873298117124211 ], [ -15.497886114132887, 27.87448653795142 ], [ -15.499119609860331, 27.875655118250641 ], [ -15.501400348097052, 27.875797807348839 ], [ -15.505609890794615, 27.876932230391535 ], [ -15.508642688557089, 27.878400238039458 ], [ -15.511911392331221, 27.881136650990861 ], [ -15.514487213913297, 27.885146462451665 ], [ -15.514663588579804, 27.886941322338913 ], [ -15.513325486119607, 27.889298593049595 ], [ -15.514611264429535, 27.891867825004688 ], [ -15.516225463740216, 27.893870131559005 ], [ -15.516140084529553, 27.896063164954928 ], [ -15.517605702287275, 27.897433381796343 ], [ -15.517332099185451, 27.900423818670802 ], [ -15.519057542884497, 27.906486968337123 ], [ -15.519550835381713, 27.909965856289787 ], [ -15.519312966132434, 27.913870242121032 ], [ -15.519951486720268, 27.922139461617093 ], [ -15.520527995611676, 27.92532810602831 ], [ -15.518780157318869, 27.926943425899385 ], [ -15.517823864927502, 27.929835993947304 ], [ -15.519195352903367, 27.93302074634083 ], [ -15.522153336950867, 27.935280826180204 ], [ -15.525460722370653, 27.936327646746534 ], [ -15.527038410182092, 27.937731118820103 ], [ -15.532002562508461, 27.940605025363055 ], [ -15.532658329615632, 27.941592597364242 ], [ -15.535524070846163, 27.943597207434646 ], [ -15.536427054124445, 27.946010539134075 ], [ -15.539461498079634, 27.946755580880616 ], [ -15.54119903509997, 27.949123404197604 ], [ -15.543301676896693, 27.950050179471425 ], [ -15.544786640719423, 27.951173063231991 ], [ -15.544161341524157, 27.952533153833286 ], [ -15.545421647783911, 27.953673924980805 ], [ -15.544762164262654, 27.953111980002507 ], [ -15.53753610997812, 27.951484017541983 ], [ -15.532857427634173, 27.948713074057206 ], [ -15.531487061172333, 27.946703331891218 ], [ -15.528060363572601, 27.945791452091807 ], [ -15.524117652448426, 27.945573798470772 ], [ -15.521739553100145, 27.943871751478362 ], [ -15.51827482851861, 27.938937661969266 ], [ -15.516612677160248, 27.939000237769736 ], [ -15.513656741548148, 27.936781909402267 ], [ -15.51245286833865, 27.934628538266782 ], [ -15.509927838115788, 27.934170411852921 ], [ -15.508833893995249, 27.936882432072498 ], [ -15.504148628147506, 27.937474805324364 ], [ -15.500345747714407, 27.935876203995381 ], [ -15.497400183621712, 27.936768975968956 ], [ -15.490363560268385, 27.936103633351731 ], [ -15.487709953115221, 27.936872208410467 ], [ -15.485926051465578, 27.936401012468721 ], [ -15.480927685265854, 27.933081239038227 ], [ -15.476111335077825, 27.933671960724354 ], [ -15.474253461987294, 27.934232894868806 ], [ -15.472717675444027, 27.933726296403172 ], [ -15.470017565195446, 27.934062251414097 ], [ -15.467398970470789, 27.932363178751739 ], [ -15.465325188217312, 27.929906023223847 ], [ -15.464289649260277, 27.927859399558088 ], [ -15.461227199567373, 27.9256335362568 ], [ -15.459530724500699, 27.923417315835383 ], [ -15.4576050085858, 27.919848940669912 ], [ -15.453428976950914, 27.915693353623507 ], [ -15.452664305393915, 27.914101583644964 ], [ -15.450312068821722, 27.911216120049076 ], [ -15.445459531944318, 27.908461761275344 ], [ -15.441873819774132, 27.907967283119284 ], [ -15.439722402018512, 27.908324594867654 ], [ -15.43700479149549, 27.9070538144205 ], [ -15.434089333600475, 27.906767539746561 ], [ -15.431041136330998, 27.907090977660918 ], [ -15.429300905710575, 27.907788224511588 ], [ -15.426114024261397, 27.908059221292049 ], [ -15.424500139938127, 27.909930474693184 ], [ -15.422088053660625, 27.910069276744611 ], [ -15.420941172745289, 27.911965940500608 ], [ -15.415568519484314, 27.910874557488196 ], [ -15.414570530660324, 27.908497457661664 ], [ -15.412619353618359, 27.906879088766566 ], [ -15.410321120472378, 27.907769614507213 ], [ -15.407405763437081, 27.9077856672107 ], [ -15.401910538815009, 27.904895169260538 ], [ -15.396582756974134, 27.903840797403685 ], [ -15.393907344113773, 27.902875525916976 ], [ -15.386900488993088, 27.90250941336372 ] ] ] ] } },
{ "type": "Feature", "properties": { "geocode": "35003", "geopadre": "ES704A01", "etiqueta": "Antigua", "notas": "Ayuntamiento De Antigua", "granularidad": "MUNICIPIOS", "gcd_provincia": "ES701", "gcd_isla": "ES704", "gcd_grancomarca": "ES704A0", "gcd_comarca": "ES704A01", "ign_sup": 25024.8, "ign_perim": 79292.0, "utm_x": 603336.94, "utm_y": 3136732.92, "longitud": -13.945579, "latitud": 28.352768, "utm_x_capi": 596564.74, "utm_y_capi": 3144502.79, "long_capi": -14.014024, "lati_capi": 28.423412 }, "geometry": { "type": "MultiPolygon", "coordinates": [ [ [ [ -13.91950980860212, 28.251487572034808 ], [ -13.930137121528027, 28.264986315567281 ], [ -13.933412152538054, 28.269337113912428 ], [ -13.949947959852564, 28.292030418254058 ], [ -13.966200177634425, 28.314719628335968 ], [ -13.981532547476213, 28.335005834243933 ], [ -14.010256640175232, 28.350542990728758 ], [ -14.028091510443915, 28.360305052629215 ], [ -14.059693713643414, 28.377458786570262 ], [ -14.060095229475269, 28.38177794887963 ], [ -14.059588712285432, 28.384294013177669 ], [ -14.05804441459696, 28.387260151017756 ], [ -14.057186666423375, 28.391101338151753 ], [ -14.053710780437244, 28.393205061970971 ], [ -14.050617418849608, 28.398168798504575 ], [ -14.050572113288696, 28.399322466278409 ], [ -14.047813327257415, 28.401860239231119 ], [ -14.046362368226085, 28.404735255180096 ], [ -14.044707409780029, 28.406343177182759 ], [ -14.045183806763621, 28.407582856306792 ], [ -14.044367475554823, 28.409465041990604 ], [ -14.045269553401747, 28.414548798968351 ], [ -14.04509397013679, 28.416247353369819 ], [ -14.045880294885492, 28.419105859059357 ], [ -14.045046323311224, 28.421192279623575 ], [ -14.045047033310993, 28.427279023727586 ], [ -14.046787685802487, 28.430160267852166 ], [ -14.047526561652544, 28.43474767307357 ], [ -14.047368515641082, 28.438063571579722 ], [ -14.044255074547245, 28.442189338297229 ], [ -14.041203907116218, 28.443773388291422 ], [ -14.03845437171187, 28.444183988024164 ], [ -14.035530340813656, 28.445642620781577 ], [ -14.03110076629428, 28.445939332425979 ], [ -14.026285582547535, 28.448407579282396 ], [ -14.022915440524521, 28.448944812224283 ], [ -14.020388661307443, 28.448460236265106 ], [ -14.017014164612954, 28.449943202263764 ], [ -14.0162285932927, 28.447813189909059 ], [ -14.009357942451992, 28.447214213283228 ], [ -14.004282550414759, 28.447350314355614 ], [ -13.996082439832861, 28.44990279268044 ], [ -13.98924924901425, 28.449136396427175 ], [ -13.985639301561006, 28.449932715618655 ], [ -13.980925625613329, 28.452810753011715 ], [ -13.978224928025297, 28.453215446827453 ], [ -13.975839174796107, 28.452221420446111 ], [ -13.974803968029834, 28.450216189180193 ], [ -13.970225027470466, 28.449751987910215 ], [ -13.967421554811448, 28.44994333972155 ], [ -13.964030253929636, 28.451507318818258 ], [ -13.9616658963653, 28.451499269688505 ], [ -13.958639186546591, 28.452432068214996 ], [ -13.954135803882949, 28.454501303948081 ], [ -13.948736635245435, 28.454632970567467 ], [ -13.945261177621196, 28.454246562557728 ], [ -13.941672259968612, 28.451534620376687 ], [ -13.933124554871782, 28.447406062016995 ], [ -13.92969785273891, 28.446241004221417 ], [ -13.926431249975641, 28.44446192876039 ], [ -13.923944898783645, 28.441957091823266 ], [ -13.921591249098167, 28.440665755344011 ], [ -13.912830239269844, 28.439348528790859 ], [ -13.905683113719412, 28.437175986210821 ], [ -13.903298480589422, 28.435653740047673 ], [ -13.90098969006911, 28.433487256158507 ], [ -13.898961758613261, 28.432215738348038 ], [ -13.888617200337942, 28.429154169123972 ], [ -13.881662102007139, 28.42866493462715 ], [ -13.880766658024129, 28.427603898141648 ], [ -13.878604630109979, 28.426721002453483 ], [ -13.869737353311503, 28.425247284902454 ], [ -13.861210884953431, 28.423407345353336 ], [ -13.850978006783693, 28.420539990307287 ], [ -13.851641343197169, 28.417580426122331 ], [ -13.850386156655381, 28.41609817750583 ], [ -13.849134236654255, 28.413130144789946 ], [ -13.84953495435329, 28.411594595218066 ], [ -13.84876897280445, 28.410130914527418 ], [ -13.850699926144944, 28.405388799082427 ], [ -13.852093107004125, 28.404569609108513 ], [ -13.852971469529745, 28.40292195409085 ], [ -13.852093936775891, 28.401905534783172 ], [ -13.852317528492076, 28.398828521000027 ], [ -13.853457305319337, 28.398394457085317 ], [ -13.853571107364822, 28.395987391813378 ], [ -13.852337985685743, 28.394925244261472 ], [ -13.853936269798114, 28.391992566658786 ], [ -13.854950958104331, 28.391982574787729 ], [ -13.856292285183997, 28.395016751354287 ], [ -13.859027767729236, 28.394292714622505 ], [ -13.860057323185956, 28.392862224824523 ], [ -13.859372664379668, 28.389641705065593 ], [ -13.861821209146838, 28.388191490149339 ], [ -13.863695521521496, 28.38485729575962 ], [ -13.863881271589358, 28.383088910067038 ], [ -13.866198001863365, 28.376896780380271 ], [ -13.866485142362427, 28.373062506263604 ], [ -13.867367847075617, 28.3713857322007 ], [ -13.869172173279697, 28.369805649177092 ], [ -13.868626123466971, 28.367919745190061 ], [ -13.869197789872578, 28.365433157470456 ], [ -13.871375634294154, 28.365735609539431 ], [ -13.87210370580331, 28.362102078197452 ], [ -13.873587219579262, 28.361180311434683 ], [ -13.874214914529297, 28.35950839201794 ], [ -13.877878493840246, 28.355640347150587 ], [ -13.876486148802533, 28.352210071431767 ], [ -13.877140915322896, 28.350932391130037 ], [ -13.876474817484812, 28.349340941163991 ], [ -13.87694657481992, 28.347619972417341 ], [ -13.878692044009055, 28.345494757793649 ], [ -13.87932490963961, 28.343062319705584 ], [ -13.87818326125775, 28.340854534914019 ], [ -13.880451877731515, 28.336745766534396 ], [ -13.883452246875585, 28.335728424926273 ], [ -13.884008036138388, 28.334366585699765 ], [ -13.885954957373965, 28.332271689283012 ], [ -13.884196395289878, 28.330755252593949 ], [ -13.884726439120811, 28.329374063278443 ], [ -13.886544330817326, 28.327406069658753 ], [ -13.886727280698782, 28.325012407219244 ], [ -13.889331116049348, 28.324584568332448 ], [ -13.893500165368723, 28.325197209115728 ], [ -13.894810197524436, 28.324858829090683 ], [ -13.896143934942083, 28.32003608736531 ], [ -13.893628219373555, 28.317098394128251 ], [ -13.893806373892126, 28.314351003455538 ], [ -13.896705935481094, 28.313202904073833 ], [ -13.898366066862547, 28.311888016984401 ], [ -13.899765190534799, 28.307196231698345 ], [ -13.899842095854392, 28.304981146966469 ], [ -13.902414929244753, 28.303997112166222 ], [ -13.903102503093656, 28.303004689944064 ], [ -13.903252630796507, 28.297124383686878 ], [ -13.901395323532913, 28.295480424128634 ], [ -13.898952371141297, 28.294176908822081 ], [ -13.897768394052459, 28.290934257799716 ], [ -13.898465148056044, 28.28929328662322 ], [ -13.897282277415176, 28.28645904756095 ], [ -13.898694754715779, 28.284842453153498 ], [ -13.900193479372076, 28.280029743636 ], [ -13.902424476193456, 28.278139481887795 ], [ -13.903281319974829, 28.275916793987538 ], [ -13.907126682043828, 28.275130224217719 ], [ -13.909848245448341, 28.274174811936742 ], [ -13.910675314852021, 28.272524356393756 ], [ -13.910031813852822, 28.27165106399314 ], [ -13.912721854369922, 28.266618458077051 ], [ -13.914113698889579, 28.265142313948935 ], [ -13.914249394203841, 28.263000662326 ], [ -13.915276472960343, 28.261210883626081 ], [ -13.914165298200736, 28.260424157396663 ], [ -13.914932099375234, 28.257714271540916 ], [ -13.916017525859374, 28.256106633556982 ], [ -13.91811679484718, 28.255224425005217 ], [ -13.918568320380796, 28.253347218498465 ], [ -13.917525077670103, 28.25181278711182 ], [ -13.91950980860212, 28.251487572034808 ] ] ] ] } },
{ "type": "Feature", "properties": { "geocode": "35004", "geopadre": "ES708A01", "etiqueta": "Arrecife", "notas": "Ayuntamiento De Arrecife", "granularidad": "MUNICIPIOS", "gcd_provincia": "ES701", "gcd_isla": "ES708", "gcd_grancomarca": "ES708A0", "gcd_comarca": "ES708A01", "ign_sup": 2427.54, "ign_perim": 36641.0, "utm_x": 641157.78, "utm_y": 3206510.34, "longitud": -13.551117, "latitud": 28.978878, "utm_x_capi": 641613.1, "utm_y_capi": 3204338.91, "long_capi": -13.546719, "lati_capi": 28.959235 }, "geometry": { "type": "MultiPolygon", "coordinates": [ [ [ [ -13.583585013958382, 28.951968085464085 ], [ -13.587796218040582, 28.988489188598301 ], [ -13.589114778163015, 29.001518964867547 ], [ -13.588935383499026, 29.003593447649152 ], [ -13.585208620492928, 29.003377025538313 ], [ -13.57712254704629, 29.002872198589944 ], [ -13.576101287456586, 29.002201604530502 ], [ -13.573807821406385, 29.003708288001981 ], [ -13.567601657444106, 29.005583173797778 ], [ -13.561824853995043, 29.005386018811603 ], [ -13.556583413386058, 29.006328196845971 ], [ -13.556785868411303, 29.004037262591886 ], [ -13.553931047041889, 29.003237873470031 ], [ -13.551569468864153, 29.004054601368981 ], [ -13.551665292106447, 29.002159602253318 ], [ -13.554369720672485, 28.997851485858256 ], [ -13.553867507569622, 28.993260765439675 ], [ -13.552155986798788, 28.99065624378439 ], [ -13.551796070947768, 28.989167665599052 ], [ -13.549828982683685, 28.985254182611055 ], [ -13.54866229773083, 28.98484316414444 ], [ -13.547313003964772, 28.982921005553493 ], [ -13.54582647870108, 28.982481725126334 ], [ -13.534156496102776, 28.981884432913507 ], [ -13.51568124610603, 28.981365155255265 ], [ -13.51542942555043, 28.979648974677463 ], [ -13.516264430909869, 28.976938567914178 ], [ -13.517507280459421, 28.976546286888777 ], [ -13.520111527064937, 28.974517916817447 ], [ -13.523148859222898, 28.97631842990295 ], [ -13.525091233290764, 28.975535773484602 ], [ -13.525176740639896, 28.973267479569241 ], [ -13.528122246536054, 28.96416056856344 ], [ -13.528548082605937, 28.964263566915669 ], [ -13.52629755291753, 28.971520458083074 ], [ -13.528378365815586, 28.971251132624175 ], [ -13.532288127914832, 28.972223401650513 ], [ -13.532952645261592, 28.970668343881634 ], [ -13.536065801901513, 28.969936472278441 ], [ -13.537138148798787, 28.968019067864986 ], [ -13.539596407001085, 28.966206068816518 ], [ -13.539625388884312, 28.964377786769134 ], [ -13.542514818793634, 28.96239100623691 ], [ -13.540709560941073, 28.959711249654777 ], [ -13.537204871002677, 28.965801757374017 ], [ -13.534192741800988, 28.967470621198341 ], [ -13.532728379036296, 28.967190156845945 ], [ -13.534117588233114, 28.965016311062463 ], [ -13.53573197665297, 28.965559605425373 ], [ -13.537665793080071, 28.963114236445652 ], [ -13.539479867492293, 28.960048449975446 ], [ -13.541824883573229, 28.958112640549903 ], [ -13.544948518754348, 28.959263159582324 ], [ -13.546781464136066, 28.958857983860778 ], [ -13.551277175034095, 28.956933380514904 ], [ -13.555082122072438, 28.957516899476605 ], [ -13.558030105941118, 28.958425784048419 ], [ -13.563485235446185, 28.955919815243369 ], [ -13.566891363753863, 28.953876703910218 ], [ -13.573384989990268, 28.954509363348766 ], [ -13.574842878391305, 28.955052659949658 ], [ -13.576214111066374, 28.954272802818956 ], [ -13.576918821358079, 28.952537674020373 ], [ -13.579199905639499, 28.953500109531291 ], [ -13.581836718674262, 28.953599900578105 ], [ -13.583585013958382, 28.951968085464085 ] ] ] ] } },
{ "type": "Feature", "properties": { "geocode": "35005", "geopadre": "ES705A23", "etiqueta": "Artenara", "notas": "Ayuntamiento de Artenara", "granularidad": "MUNICIPIOS", "gcd_provincia": "ES701", "gcd_isla": "ES705", "gcd_grancomarca": "ES705A2", "gcd_comarca": "ES705A23", "ign_sup": 6641.9, "ign_perim": 50791.0, "utm_x": 432859.41, "utm_y": 3099392.63, "longitud": -15.682966, "latitud": 28.018075, "utm_x_capi": 436451.97, "utm_y_capi": 3099620.39, "long_capi": -15.646436, "lati_capi": 28.020308 }, "geometry": { "type": "MultiPolygon", "coordinates": [ [ [ [ -15.749591850133339, 27.988006244214112 ], [ -15.75012060782633, 27.988751174834796 ], [ -15.7484248971229, 27.991597416140355 ], [ -15.748137340277641, 27.999597184650959 ], [ -15.747399039665641, 28.001380106058683 ], [ -15.747605565720924, 28.003887620184557 ], [ -15.746501671385165, 28.004858517823202 ], [ -15.748455502383829, 28.009468958039101 ], [ -15.74835952497628, 28.013891616456938 ], [ -15.749440318950441, 28.015979124789663 ], [ -15.751722187075751, 28.017604510793934 ], [ -15.758985745533765, 28.023680651742662 ], [ -15.758315775666466, 28.024898530170709 ], [ -15.764896262961669, 28.025637433787971 ], [ -15.766355281454354, 28.028303857257743 ], [ -15.767997651260178, 28.028693455174192 ], [ -15.772742892281924, 28.031752115193708 ], [ -15.771859893700256, 28.033697615861861 ], [ -15.770576977023568, 28.034162287530847 ], [ -15.769207995145109, 28.036346436714087 ], [ -15.767744344913783, 28.037337082557098 ], [ -15.768511782845291, 28.040067439395141 ], [ -15.767583094071389, 28.041093868787865 ], [ -15.767711345907681, 28.042806066115119 ], [ -15.765672192996991, 28.046182914101653 ], [ -15.763867222652854, 28.046340733230409 ], [ -15.761607787695249, 28.044858516958733 ], [ -15.759260842859938, 28.045762049217544 ], [ -15.756807274219211, 28.046055737557339 ], [ -15.755303978621511, 28.047440400673036 ], [ -15.753403578886049, 28.047190325503774 ], [ -15.751822214804353, 28.047847990979328 ], [ -15.750157529090473, 28.04973543520428 ], [ -15.746036728476307, 28.051058557889231 ], [ -15.745702369354433, 28.049730686493486 ], [ -15.748492112560807, 28.047665668045951 ], [ -15.748441860862545, 28.046055090815969 ], [ -15.747454140786358, 28.044119236918771 ], [ -15.745779064684504, 28.042894341282032 ], [ -15.744600145338495, 28.041061018444484 ], [ -15.744980570903545, 28.038423495410917 ], [ -15.7422234806919, 28.036984605217359 ], [ -15.742274003131826, 28.03438460669809 ], [ -15.74401326284266, 28.033019766458114 ], [ -15.743787722488078, 28.031892417640737 ], [ -15.740885975533134, 28.029314542700664 ], [ -15.738023821094771, 28.029379810646073 ], [ -15.732991949469886, 28.028978946736313 ], [ -15.725011794088127, 28.029563792068235 ], [ -15.716649155383941, 28.032939307431565 ], [ -15.7147744927119, 28.034117690537688 ], [ -15.714434395509929, 28.037665903622628 ], [ -15.711508954196395, 28.039847414887767 ], [ -15.708324410104401, 28.040932057059642 ], [ -15.708500844711835, 28.042712524696892 ], [ -15.7062606292015, 28.042986409319749 ], [ -15.703305097665218, 28.046029624621127 ], [ -15.700784572865924, 28.047838654249702 ], [ -15.699135247592981, 28.049998674411917 ], [ -15.695480708789924, 28.052327248194043 ], [ -15.692869301961569, 28.049354986396633 ], [ -15.689341753227575, 28.047635797339098 ], [ -15.687613779035223, 28.049595382489798 ], [ -15.685562843110597, 28.051064973671135 ], [ -15.683730453372721, 28.053422277109163 ], [ -15.681292924517129, 28.055384601657664 ], [ -15.678457785139729, 28.054174812051375 ], [ -15.675597672257643, 28.053483408928621 ], [ -15.674187413822121, 28.051304066246249 ], [ -15.670118073105149, 28.048184649510048 ], [ -15.669212800905811, 28.049503667302403 ], [ -15.665950385147331, 28.04700238619666 ], [ -15.66543869643092, 28.045756735683021 ], [ -15.662619287725621, 28.044904046171776 ], [ -15.660950732745764, 28.045530428400152 ], [ -15.65782395330727, 28.043326518146731 ], [ -15.656504502550115, 28.044074517776675 ], [ -15.654705147200806, 28.043525712839905 ], [ -15.652777453905019, 28.04197296116876 ], [ -15.653139598019635, 28.040749121936052 ], [ -15.651162691622874, 28.039908858077929 ], [ -15.649347467552113, 28.037384135825189 ], [ -15.646405788230348, 28.034914484974518 ], [ -15.645435419035511, 28.034964290282119 ], [ -15.641633963064278, 28.032663980522599 ], [ -15.638978243037275, 28.032205043041301 ], [ -15.636826459538458, 28.030480019223393 ], [ -15.633217011358028, 28.029191440865947 ], [ -15.631241032771078, 28.029675314568113 ], [ -15.629142559467414, 28.028713783675848 ], [ -15.623866800178426, 28.027346820899997 ], [ -15.622421157122341, 28.026469538016592 ], [ -15.618631565590999, 28.021783780672273 ], [ -15.617276993393096, 28.020896490117252 ], [ -15.613826046903547, 28.018655807061197 ], [ -15.613292001797339, 28.017066481362232 ], [ -15.617440302637485, 28.016141635183249 ], [ -15.621598069786405, 28.017682069616743 ], [ -15.62296997002975, 28.017350065454202 ], [ -15.624896317702062, 28.015546414948162 ], [ -15.625208645097587, 28.014122397390093 ], [ -15.628614051798991, 28.011256173506997 ], [ -15.633397988815801, 28.009220078223027 ], [ -15.633612917580448, 28.008271508070219 ], [ -15.638746141813654, 28.003563231226572 ], [ -15.641395100416165, 28.003841233187362 ], [ -15.645065328422335, 28.001845168717107 ], [ -15.648843424423205, 28.002350991076401 ], [ -15.649686155517665, 28.001417847473341 ], [ -15.654260766222839, 28.002074115805478 ], [ -15.65763833786996, 28.001947258713411 ], [ -15.661089166150951, 28.004301115398022 ], [ -15.663581728551954, 28.004756775270032 ], [ -15.665457994981416, 28.004065124320498 ], [ -15.6667881983792, 28.004707752837383 ], [ -15.668715965082908, 28.003926838306661 ], [ -15.670369111516351, 28.004317706080059 ], [ -15.672110936614946, 28.00275985325975 ], [ -15.671022651856555, 28.001296665552818 ], [ -15.673634160362219, 28.001131484245146 ], [ -15.674693904177369, 27.998291502093753 ], [ -15.678521943591981, 27.995312296380369 ], [ -15.678949210952696, 27.993553922499746 ], [ -15.684527332348939, 27.992881853053465 ], [ -15.686293616669191, 27.992247563646632 ], [ -15.68848731948585, 27.993077520988329 ], [ -15.690981603899909, 27.991010822355822 ], [ -15.690395734658306, 27.989701536464285 ], [ -15.692041326526827, 27.987658060423641 ], [ -15.694074603106575, 27.988131071553934 ], [ -15.694995457190741, 27.99049107260555 ], [ -15.696778845918788, 27.990622272831576 ], [ -15.701734188717531, 27.992975220581272 ], [ -15.704822056774624, 27.993260611950394 ], [ -15.708970412765943, 27.992728607465217 ], [ -15.709255845649341, 27.99155653388792 ], [ -15.710945593862984, 27.991183689915196 ], [ -15.712017590525065, 27.989640011262129 ], [ -15.715147003932945, 27.98974740629863 ], [ -15.716014803443644, 27.988237652882571 ], [ -15.717638031154001, 27.988311689389334 ], [ -15.721806637764605, 27.986383869222784 ], [ -15.721953636377084, 27.984041633785509 ], [ -15.724651783147211, 27.980708330123836 ], [ -15.726271199410522, 27.980181111878949 ], [ -15.730775670885908, 27.981609865545515 ], [ -15.734831072024701, 27.981979378150918 ], [ -15.738156973185239, 27.984461993565212 ], [ -15.739982466132911, 27.984865977258885 ], [ -15.740414607225841, 27.98710192344079 ], [ -15.742892223260988, 27.986983192003468 ], [ -15.745857110374308, 27.988221502751934 ], [ -15.749591850133339, 27.988006244214112 ] ] ] ] } },
{ "type": "Feature", "properties": { "geocode": "35006", "geopadre": "ES705A10", "etiqueta": "Arucas", "notas": "Ayuntamiento de Arucas", "granularidad": "MUNICIPIOS", "gcd_provincia": "ES701", "gcd_isla": "ES705", "gcd_grancomarca": "ES705A1", "gcd_comarca": "ES705A10", "ign_sup": 3283.87, "ign_perim": 38491.0, "utm_x": 448820.77, "utm_y": 3110505.21, "longitud": -15.521094, "latitud": 28.119097, "utm_x_capi": 448399.3, "utm_y_capi": 3110439.81, "long_capi": -15.525382, "lati_capi": 28.118491 }, "geometry": { "type": "MultiPolygon", "coordinates": [ [ [ [ -15.559425471763539, 28.14720148898968 ], [ -15.556104597423795, 28.145856333941168 ], [ -15.551764311993935, 28.14604121052859 ], [ -15.548507970853283, 28.146650400664488 ], [ -15.545918624585966, 28.146236613431949 ], [ -15.542526934889235, 28.147383218948026 ], [ -15.540599566954494, 28.149751177147753 ], [ -15.537732148781483, 28.151225980141522 ], [ -15.53624863608966, 28.150176784382214 ], [ -15.534708862077656, 28.150523774416047 ], [ -15.534740400758073, 28.152107814390671 ], [ -15.532598807872477, 28.152263213079646 ], [ -15.531657326386826, 28.153736075510327 ], [ -15.529473553561424, 28.155235493006916 ], [ -15.526552626830865, 28.154698295418367 ], [ -15.52588641776379, 28.153630906993289 ], [ -15.524113642848492, 28.153869420368682 ], [ -15.521578717928143, 28.152990821649365 ], [ -15.520791929158982, 28.149900236307946 ], [ -15.518819325157425, 28.149342825877426 ], [ -15.51732488789739, 28.147560347496537 ], [ -15.513467355802348, 28.148038758501816 ], [ -15.509694614534894, 28.147523578838392 ], [ -15.508062131613736, 28.147876933641694 ], [ -15.507237635200084, 28.146858034202797 ], [ -15.502744496108843, 28.14543184892629 ], [ -15.500763852851243, 28.142620573345102 ], [ -15.4985332750797, 28.142556219893677 ], [ -15.496050155331178, 28.144851343111146 ], [ -15.494970634935298, 28.142573827986386 ], [ -15.492477642502237, 28.140837056597704 ], [ -15.489709330593369, 28.140977478946127 ], [ -15.486372884525716, 28.137646091744969 ], [ -15.485748682744324, 28.135141777874875 ], [ -15.484697992425657, 28.135190308586761 ], [ -15.486341323756486, 28.13274278917023 ], [ -15.487018971629281, 28.129946679888114 ], [ -15.489990782846435, 28.12645992152429 ], [ -15.491866144124586, 28.125245012280178 ], [ -15.492323768737423, 28.122926404906384 ], [ -15.494267313139595, 28.121791693390254 ], [ -15.496234705215519, 28.12164148262837 ], [ -15.497060181205125, 28.118034762599418 ], [ -15.497135862757839, 28.11367526336274 ], [ -15.498773307486143, 28.112829882670368 ], [ -15.499873836546353, 28.11107363465371 ], [ -15.500246100660844, 28.107749489024059 ], [ -15.499266182396443, 28.10627610380784 ], [ -15.499546793150529, 28.104684593721384 ], [ -15.501653647045698, 28.104610357467006 ], [ -15.504241703336454, 28.105340934057097 ], [ -15.505425040628781, 28.102590648339898 ], [ -15.504502878112401, 28.100374429073437 ], [ -15.5066110911186, 28.100014526242525 ], [ -15.508677348188183, 28.098564298013905 ], [ -15.50894554589809, 28.097551127262342 ], [ -15.511095370317907, 28.097489225586262 ], [ -15.514889812719804, 28.095036924913838 ], [ -15.516889912678609, 28.092875063691714 ], [ -15.518705991905431, 28.090122855348543 ], [ -15.519074222293694, 28.086730606516149 ], [ -15.520882595922401, 28.084542258712794 ], [ -15.523231881150457, 28.083934399313041 ], [ -15.529916817971522, 28.082935964920512 ], [ -15.531926978563595, 28.083688367085717 ], [ -15.537410074740135, 28.084802343032756 ], [ -15.539621165374072, 28.086377969695302 ], [ -15.542590358506088, 28.08665074556469 ], [ -15.546483710711227, 28.086209006250655 ], [ -15.549412713757777, 28.084920980221263 ], [ -15.549026427547735, 28.086254001801954 ], [ -15.551673078483949, 28.090444600013814 ], [ -15.548947840659411, 28.095200091919562 ], [ -15.547644058132541, 28.095806424677718 ], [ -15.545714374996574, 28.099052077609905 ], [ -15.545968584594558, 28.100273421665285 ], [ -15.544240236149051, 28.104521432606063 ], [ -15.544652638879818, 28.107261319338129 ], [ -15.545689712562758, 28.108452515538762 ], [ -15.548845561685887, 28.110288040417391 ], [ -15.548513138966573, 28.112166798148436 ], [ -15.545582237042929, 28.118042546582554 ], [ -15.545098408092597, 28.120618223984835 ], [ -15.541664349924972, 28.12438385095631 ], [ -15.541197177272544, 28.127035652767383 ], [ -15.541959952006971, 28.128911417779655 ], [ -15.540892026769997, 28.129938645491382 ], [ -15.541979408219859, 28.131483384601243 ], [ -15.543836929084385, 28.1366918931346 ], [ -15.543294501895788, 28.139623432292524 ], [ -15.545251005690874, 28.140147779085989 ], [ -15.544538827652678, 28.142632498166879 ], [ -15.546215178945882, 28.143790222045059 ], [ -15.548482105094671, 28.144343984202667 ], [ -15.549835422866011, 28.143854025215639 ], [ -15.552101354496829, 28.144309401547094 ], [ -15.553748626630833, 28.143152803501152 ], [ -15.557971248066002, 28.141631248093514 ], [ -15.558802268487968, 28.140573767139436 ], [ -15.562065035159595, 28.139447537628829 ], [ -15.56366922973926, 28.138027675154376 ], [ -15.563698791113728, 28.13632905719216 ], [ -15.563021898090314, 28.136189431487786 ], [ -15.562573846413667, 28.13562943856833 ], [ -15.56269482408052, 28.134236230305202 ], [ -15.561208059499034, 28.133929743086274 ], [ -15.563174491526354, 28.134187176097935 ], [ -15.562835025397401, 28.135635759309302 ], [ -15.563015678449382, 28.13593468252234 ], [ -15.564506314168453, 28.136081746255705 ], [ -15.563691116404922, 28.139257721964771 ], [ -15.55908669866408, 28.141527487623407 ], [ -15.558786156979968, 28.144619811341006 ], [ -15.559425471763539, 28.14720148898968 ] ] ] ] } },
{ "type": "Feature", "properties": { "geocode": "35007", "geopadre": "ES704A01", "etiqueta": "Betancuria", "notas": "Ayuntamiento De Betancuria", "granularidad": "MUNICIPIOS", "gcd_provincia": "ES701", "gcd_isla": "ES704", "gcd_grancomarca": "ES704A0", "gcd_comarca": "ES704A01", "ign_sup": 10370.9, "ign_perim": 51679.0, "utm_x": 588427.21, "utm_y": 3145727.58, "longitud": -14.097009, "latitud": 28.435042, "utm_x_capi": 592275.71, "utm_y_capi": 3144614.7, "long_capi": -14.057803, "lati_capi": 28.424732 }, "geometry": { "type": "MultiPolygon", "coordinates": [ [ [ [ -14.059693713643414, 28.377458786570262 ], [ -14.062711412139302, 28.375607072369213 ], [ -14.064157395617201, 28.377509890083573 ], [ -14.068311542321323, 28.378198008191095 ], [ -14.069173662903525, 28.378906042396729 ], [ -14.074292870065779, 28.380284485595361 ], [ -14.076871414731084, 28.379209236762925 ], [ -14.078114160812603, 28.380233090697821 ], [ -14.081021803882749, 28.380069350061721 ], [ -14.083543290081918, 28.380724769222677 ], [ -14.084942395843807, 28.378258944364827 ], [ -14.086778696374742, 28.376909364039658 ], [ -14.089901400833057, 28.375413919355779 ], [ -14.092961947858488, 28.378368459683504 ], [ -14.095734916693083, 28.379927789730427 ], [ -14.099694779525571, 28.383695212625856 ], [ -14.102675456701599, 28.388169805890165 ], [ -14.106418565954996, 28.387273182246467 ], [ -14.111575549710116, 28.388313756763157 ], [ -14.115346939150275, 28.387349627359157 ], [ -14.117900765908196, 28.388203534526014 ], [ -14.122765494110959, 28.388395399612239 ], [ -14.124248059041532, 28.392436623120812 ], [ -14.127244583459822, 28.393169019881661 ], [ -14.129698636813513, 28.39554980852472 ], [ -14.127790032409715, 28.398276051706283 ], [ -14.128507383117935, 28.399270164571714 ], [ -14.132313498058753, 28.402075820134332 ], [ -14.138157509819534, 28.404209842209198 ], [ -14.142340299655494, 28.405341657502692 ], [ -14.149733916498667, 28.406089538278607 ], [ -14.15487210364229, 28.405253839157862 ], [ -14.158078900804357, 28.406482702066132 ], [ -14.157401161622362, 28.409371414947756 ], [ -14.157834114923357, 28.411537505815616 ], [ -14.156468338208247, 28.412998530033025 ], [ -14.154129944552183, 28.417460347856974 ], [ -14.153345159186626, 28.417716120339968 ], [ -14.151909878338831, 28.420573196653997 ], [ -14.14952594451532, 28.421144479368813 ], [ -14.149166741007273, 28.422866680257421 ], [ -14.150898852617411, 28.423587800459089 ], [ -14.151096386958645, 28.426230772649237 ], [ -14.150611351934472, 28.427790776235081 ], [ -14.151265392993203, 28.430115350741339 ], [ -14.149819939391426, 28.432149400143079 ], [ -14.147805795758153, 28.43268389115083 ], [ -14.146299899560768, 28.434950774936414 ], [ -14.146957739832105, 28.438159027240211 ], [ -14.145053336689656, 28.440453182007165 ], [ -14.143262129023238, 28.4402865600374 ], [ -14.140459713005932, 28.442726468789996 ], [ -14.140798750854579, 28.443453229316685 ], [ -14.139323941806031, 28.4463380187727 ], [ -14.137172587322949, 28.446379201872883 ], [ -14.134603185917415, 28.448329962120631 ], [ -14.132762006867511, 28.451436526216046 ], [ -14.130547810357115, 28.452073287924105 ], [ -14.128889999739075, 28.453902515670535 ], [ -14.127996579157399, 28.455816874442238 ], [ -14.123007650266475, 28.457868341080292 ], [ -14.122084786928049, 28.459163340111711 ], [ -14.119394251325936, 28.461278494124127 ], [ -14.11814807049592, 28.460951005788008 ], [ -14.115769688142041, 28.463047078071437 ], [ -14.112523449412233, 28.465104014512146 ], [ -14.111057295865239, 28.467572624518525 ], [ -14.109376325843529, 28.469218500328584 ], [ -14.104809027715813, 28.472692454627364 ], [ -14.103590794480359, 28.472191525936285 ], [ -14.100538114540598, 28.475200002469645 ], [ -14.100124297781816, 28.476714229154517 ], [ -14.097978222819682, 28.480109321961486 ], [ -14.097226376588718, 28.482020634350917 ], [ -14.094625394121222, 28.485575837863138 ], [ -14.094749727987077, 28.487108375140995 ], [ -14.093482818193976, 28.490126452356495 ], [ -14.091744258812463, 28.491451981807256 ], [ -14.091455206867627, 28.494220290387947 ], [ -14.089798219215504, 28.494391135235421 ], [ -14.086933913127099, 28.4928941404192 ], [ -14.083070555013901, 28.492320952118288 ], [ -14.079099356594423, 28.493302294674155 ], [ -14.07748782581217, 28.49304207857476 ], [ -14.076114005707932, 28.49115357784444 ], [ -14.066687677919013, 28.492306155356896 ], [ -14.064306082282505, 28.492127358772741 ], [ -14.062772783003227, 28.493805063048502 ], [ -14.059849644830003, 28.494595220653725 ], [ -14.057655121316103, 28.492209332454159 ], [ -14.052466389437498, 28.488549898028733 ], [ -14.048551075922727, 28.488952125905822 ], [ -14.046899272773993, 28.489770762073924 ], [ -14.043907979838329, 28.489351543001948 ], [ -14.041871312182147, 28.486311918961146 ], [ -14.041495204629898, 28.483215120598238 ], [ -14.040333187229226, 28.477597738091859 ], [ -14.043162807290637, 28.475341516169273 ], [ -14.043553203308143, 28.472025995947149 ], [ -14.041436949010086, 28.47007443686789 ], [ -14.031373001884608, 28.463589619901679 ], [ -14.025242084022986, 28.459188737404748 ], [ -14.022450768073064, 28.456421970008265 ], [ -14.02093056363657, 28.453271380990273 ], [ -14.017014164612954, 28.449943202263764 ], [ -14.020388661307443, 28.448460236265106 ], [ -14.022915440524521, 28.448944812224283 ], [ -14.026285582547535, 28.448407579282396 ], [ -14.03110076629428, 28.445939332425979 ], [ -14.035530340813656, 28.445642620781577 ], [ -14.03845437171187, 28.444183988024164 ], [ -14.041203907116218, 28.443773388291422 ], [ -14.044255074547245, 28.442189338297229 ], [ -14.047368515641082, 28.438063571579722 ], [ -14.047526561652544, 28.43474767307357 ], [ -14.046787685802487, 28.430160267852166 ], [ -14.045047033310993, 28.427279023727586 ], [ -14.045046323311224, 28.421192279623575 ], [ -14.045880294885492, 28.419105859059357 ], [ -14.04509397013679, 28.416247353369819 ], [ -14.045269553401747, 28.414548798968351 ], [ -14.044367475554823, 28.409465041990604 ], [ -14.045183806763621, 28.407582856306792 ], [ -14.044707409780029, 28.406343177182759 ], [ -14.046362368226085, 28.404735255180096 ], [ -14.047813327257415, 28.401860239231119 ], [ -14.050572113288696, 28.399322466278409 ], [ -14.050617418849608, 28.398168798504575 ], [ -14.053710780437244, 28.393205061970971 ], [ -14.057186666423375, 28.391101338151753 ], [ -14.05804441459696, 28.387260151017756 ], [ -14.059588712285432, 28.384294013177669 ], [ -14.060095229475269, 28.38177794887963 ], [ -14.059693713643414, 28.377458786570262 ] ] ] ] } },
{ "type": "Feature", "properties": { "geocode": "35008", "geopadre": "ES705A21", "etiqueta": "Firgas", "notas": "Ayuntamiento de Firgas", "granularidad": "MUNICIPIOS", "gcd_provincia": "ES701", "gcd_isla": "ES705", "gcd_grancomarca": "ES705A2", "gcd_comarca": "ES705A21", "ign_sup": 1602.78, "ign_perim": 24002.0, "utm_x": 445018.28, "utm_y": 3109572.62, "longitud": -15.559765, "latitud": 28.110527, "utm_x_capi": 444667.32, "utm_y_capi": 3109268.25, "long_capi": -15.563323, "lati_capi": 28.107765 }, "geometry": { "type": "MultiPolygon", "coordinates": [ [ [ [ -15.556209814940651, 28.078246150418362 ], [ -15.558847118270211, 28.078514839151985 ], [ -15.562140169389419, 28.077931934354474 ], [ -15.562907052366441, 28.078536268799052 ], [ -15.5652361343106, 28.077823190047233 ], [ -15.568631618268151, 28.077806871134246 ], [ -15.571232565948057, 28.077300779957493 ], [ -15.574399028583919, 28.077618085831439 ], [ -15.575687403332511, 28.076967098987776 ], [ -15.57710578366304, 28.077881953215122 ], [ -15.577761841587698, 28.082789664811422 ], [ -15.576755841278819, 28.083790469820222 ], [ -15.577350529451939, 28.085182593580203 ], [ -15.57403660256141, 28.090258825080475 ], [ -15.575358903867563, 28.091097213553596 ], [ -15.57411190395552, 28.093644698258377 ], [ -15.575369128745432, 28.096459982088703 ], [ -15.57439176391178, 28.097412120573811 ], [ -15.572939307240146, 28.105513537447312 ], [ -15.572104186236725, 28.107138111243621 ], [ -15.570521836899632, 28.107900534428953 ], [ -15.57154007311555, 28.109620334105617 ], [ -15.569566123498879, 28.113348667608236 ], [ -15.567061661827779, 28.115275177773448 ], [ -15.565586568670412, 28.115484338978302 ], [ -15.565538353945547, 28.117012204999714 ], [ -15.564169124766224, 28.118181204924142 ], [ -15.563165195380087, 28.122024290056395 ], [ -15.562197110664176, 28.123071049805255 ], [ -15.562486757476226, 28.125291081706081 ], [ -15.561182817661471, 28.126635122224531 ], [ -15.56168950535568, 28.127951117132515 ], [ -15.560925318263521, 28.129246029700472 ], [ -15.560331942240207, 28.13222158710871 ], [ -15.561208059499034, 28.133929743086274 ], [ -15.56269482408052, 28.134236230305202 ], [ -15.562573846413667, 28.13562943856833 ], [ -15.563021898090314, 28.136189431487786 ], [ -15.563698791113728, 28.13632905719216 ], [ -15.56366922973926, 28.138027675154376 ], [ -15.562065035159595, 28.139447537628829 ], [ -15.558802268487968, 28.140573767139436 ], [ -15.557971248066002, 28.141631248093514 ], [ -15.553748626630833, 28.143152803501152 ], [ -15.552101354496829, 28.144309401547094 ], [ -15.549835422866011, 28.143854025215639 ], [ -15.548482105094671, 28.144343984202667 ], [ -15.546215178945882, 28.143790222045059 ], [ -15.544538827652678, 28.142632498166879 ], [ -15.545251005690874, 28.140147779085989 ], [ -15.543294501895788, 28.139623432292524 ], [ -15.543836929084385, 28.1366918931346 ], [ -15.541979408219859, 28.131483384601243 ], [ -15.540892026769997, 28.129938645491382 ], [ -15.541959952006971, 28.128911417779655 ], [ -15.541197177272544, 28.127035652767383 ], [ -15.541664349924972, 28.12438385095631 ], [ -15.545098408092597, 28.120618223984835 ], [ -15.545582237042929, 28.118042546582554 ], [ -15.548513138966573, 28.112166798148436 ], [ -15.548845561685887, 28.110288040417391 ], [ -15.545689712562758, 28.108452515538762 ], [ -15.544652638879818, 28.107261319338129 ], [ -15.544240236149051, 28.104521432606063 ], [ -15.545968584594558, 28.100273421665285 ], [ -15.545714374996574, 28.099052077609905 ], [ -15.547644058132541, 28.095806424677718 ], [ -15.548947840659411, 28.095200091919562 ], [ -15.551673078483949, 28.090444600013814 ], [ -15.549026427547735, 28.086254001801954 ], [ -15.549412713757777, 28.084920980221263 ], [ -15.550631851522677, 28.082256753014633 ], [ -15.552679052796707, 28.081227331207042 ], [ -15.552996565091187, 28.079941787137567 ], [ -15.556209814940651, 28.078246150418362 ] ] ] ] } },
{ "type": "Feature", "properties": { "geocode": "35009", "geopadre": "ES705A22", "etiqueta": "Gáldar", "notas": "Ayuntamiento de Gáldar", "granularidad": "MUNICIPIOS", "gcd_provincia": "ES701", "gcd_isla": "ES705", "gcd_grancomarca": "ES705A2", "gcd_comarca": "ES705A22", "ign_sup": 6254.51, "ign_perim": 63267.0, "utm_x": 435602.32, "utm_y": 3107995.04, "longitud": -15.655537, "latitud": 28.095862, "utm_x_capi": 435857.83, "utm_y_capi": 3113495.26, "long_capi": -15.653237, "lati_capi": 28.145522 }, "geometry": { "type": "MultiPolygon", "coordinates": [ [ [ [ -15.618649968006219, 28.038626952684762 ], [ -15.61800185648287, 28.038062038551825 ], [ -15.619032526054324, 28.034279031031431 ], [ -15.617467996210236, 28.032612978993164 ], [ -15.617676589996954, 28.030196950067207 ], [ -15.616266393050978, 28.026835889966868 ], [ -15.616049239610346, 28.021269099333693 ], [ -15.617276993393096, 28.020896490117252 ], [ -15.618631565590999, 28.021783780672273 ], [ -15.622421157122341, 28.026469538016592 ], [ -15.623866800178426, 28.027346820899997 ], [ -15.629142559467414, 28.028713783675848 ], [ -15.631241032771078, 28.029675314568113 ], [ -15.633217011358028, 28.029191440865947 ], [ -15.636826459538458, 28.030480019223393 ], [ -15.638978243037275, 28.032205043041301 ], [ -15.641633963064278, 28.032663980522599 ], [ -15.645435419035511, 28.034964290282119 ], [ -15.646405788230348, 28.034914484974518 ], [ -15.649347467552113, 28.037384135825189 ], [ -15.651162691622874, 28.039908858077929 ], [ -15.653139598019635, 28.040749121936052 ], [ -15.652777453905019, 28.04197296116876 ], [ -15.654705147200806, 28.043525712839905 ], [ -15.656504502550115, 28.044074517776675 ], [ -15.65782395330727, 28.043326518146731 ], [ -15.660950732745764, 28.045530428400152 ], [ -15.662619287725621, 28.044904046171776 ], [ -15.66543869643092, 28.045756735683021 ], [ -15.665950385147331, 28.04700238619666 ], [ -15.669212800905811, 28.049503667302403 ], [ -15.665886495471728, 28.048919583571021 ], [ -15.663518278544956, 28.049825249625449 ], [ -15.66155097844268, 28.049893198588244 ], [ -15.661974634487024, 28.052985431112905 ], [ -15.660179681660942, 28.055091749763193 ], [ -15.658217790018837, 28.055955265221872 ], [ -15.654640212030209, 28.055541071887237 ], [ -15.653668531472237, 28.057345121801756 ], [ -15.651208085891426, 28.058620180788438 ], [ -15.651888998009941, 28.060349219160493 ], [ -15.651723104609795, 28.062654300624672 ], [ -15.652850811696135, 28.064088712956934 ], [ -15.652386834681527, 28.065964069103263 ], [ -15.652542495028904, 28.069247326324557 ], [ -15.656985166846162, 28.072422713115746 ], [ -15.658736697126232, 28.072919823006313 ], [ -15.658554865645904, 28.075112960133769 ], [ -15.660248037690632, 28.079212985683 ], [ -15.659406818766408, 28.080668819574946 ], [ -15.65977737030912, 28.08368072596603 ], [ -15.663365546894685, 28.084679073860325 ], [ -15.664687220097983, 28.084463237315539 ], [ -15.663283127821289, 28.08788770323136 ], [ -15.664707459076645, 28.089600207031111 ], [ -15.668910607501401, 28.089458170598874 ], [ -15.672966707388865, 28.093085355555601 ], [ -15.674051192617807, 28.096235808973699 ], [ -15.676532392960858, 28.099414322073191 ], [ -15.677673601773183, 28.100180337030654 ], [ -15.678680539786354, 28.103014434645122 ], [ -15.680208999488595, 28.104461839832702 ], [ -15.68091608502422, 28.106554571366296 ], [ -15.684386452191077, 28.109782611355403 ], [ -15.685367269219869, 28.10953172410543 ], [ -15.688883736403429, 28.114003405597945 ], [ -15.69218947304722, 28.114929127407542 ], [ -15.693059984749429, 28.116464174777793 ], [ -15.696015741170287, 28.116195054558975 ], [ -15.698893938123279, 28.114775822364535 ], [ -15.699254300194998, 28.116187649496286 ], [ -15.702033913885094, 28.116225729551434 ], [ -15.70298429037177, 28.117379174786635 ], [ -15.705120647530352, 28.116883644044631 ], [ -15.705504238117021, 28.119034259817763 ], [ -15.708722809433768, 28.119777587250329 ], [ -15.709311424127222, 28.121226198565701 ], [ -15.706918300339225, 28.122933241040169 ], [ -15.707093956509166, 28.123999297100617 ], [ -15.705248191721557, 28.125398138826167 ], [ -15.704241570592229, 28.127778549238187 ], [ -15.704826042381294, 28.130181922340014 ], [ -15.704091012638528, 28.131091741208568 ], [ -15.699631227231677, 28.132183018827874 ], [ -15.700080579333122, 28.13386289466365 ], [ -15.698907578676554, 28.135378233929433 ], [ -15.700563312922037, 28.137284695588271 ], [ -15.70020304187306, 28.140418119683265 ], [ -15.701616105696184, 28.140748338964045 ], [ -15.702971685667176, 28.143016363006868 ], [ -15.702151591497401, 28.144636586777178 ], [ -15.699635831876432, 28.147247085541089 ], [ -15.697516744113409, 28.148478041258596 ], [ -15.69633065723178, 28.150873087976095 ], [ -15.696553280725198, 28.152204797486956 ], [ -15.69980952094769, 28.154535439655305 ], [ -15.703583135009344, 28.156158801733966 ], [ -15.704204525889248, 28.157165715886826 ], [ -15.706123663672129, 28.157429499719807 ], [ -15.708289665787898, 28.159970870884802 ], [ -15.707872527416811, 28.161026461272243 ], [ -15.709503586322949, 28.162641374942268 ], [ -15.70913742037207, 28.1644063835131 ], [ -15.705698823588136, 28.165987901480346 ], [ -15.704130625844662, 28.164194171196968 ], [ -15.701542135868859, 28.163941581229533 ], [ -15.698810600905894, 28.162919215470399 ], [ -15.694934279303778, 28.165305244118532 ], [ -15.693127630931093, 28.164896335709891 ], [ -15.689584733925779, 28.170096300959706 ], [ -15.687152382161118, 28.169200331503923 ], [ -15.685401090372, 28.170850425568592 ], [ -15.682467393306197, 28.170175092793492 ], [ -15.68207862353789, 28.168094944936275 ], [ -15.6805645098092, 28.166570940471342 ], [ -15.681727392338631, 28.165194819411248 ], [ -15.681501294224136, 28.162975415381656 ], [ -15.678919150997354, 28.163070932287997 ], [ -15.67763642686543, 28.161241680355943 ], [ -15.677942926120487, 28.159950144267469 ], [ -15.67616320659952, 28.159491057973675 ], [ -15.675584074545069, 28.161518819863211 ], [ -15.674258848845863, 28.161909229585657 ], [ -15.66997608352156, 28.158450859616167 ], [ -15.667531322943578, 28.15928216144107 ], [ -15.666461358784932, 28.15797579384574 ], [ -15.664476404296069, 28.158746481753436 ], [ -15.663258223956078, 28.160139228124457 ], [ -15.661281450236208, 28.160930456763801 ], [ -15.659722614414674, 28.162652821228345 ], [ -15.655234371411254, 28.164134153377653 ], [ -15.653747569519002, 28.165740879649693 ], [ -15.650595720633994, 28.164820562308613 ], [ -15.649410164090284, 28.165036493942367 ], [ -15.649715820854709, 28.162948464236891 ], [ -15.646325104588259, 28.160432751211257 ], [ -15.643329246537848, 28.156638522460955 ], [ -15.641201448068745, 28.153258202962959 ], [ -15.639813967615925, 28.147883841163626 ], [ -15.639851915086362, 28.146174062252292 ], [ -15.641677989143613, 28.14406153179899 ], [ -15.640448469564953, 28.142096915097557 ], [ -15.638825278077176, 28.140723752426251 ], [ -15.634787394249303, 28.138888021766338 ], [ -15.635857960386593, 28.137318758753089 ], [ -15.637734374743591, 28.136649386596087 ], [ -15.641361831434736, 28.136434222183894 ], [ -15.643758361183769, 28.135404691364258 ], [ -15.641892134740369, 28.132269805252907 ], [ -15.641168402389134, 28.129481895514036 ], [ -15.640620329737024, 28.124871575176684 ], [ -15.638403629728382, 28.119835217418842 ], [ -15.638789595270696, 28.115912165486353 ], [ -15.638174468873276, 28.113884551945084 ], [ -15.634664611752655, 28.113776604908733 ], [ -15.63152560809405, 28.111963026039206 ], [ -15.632077842408849, 28.108022177547735 ], [ -15.633516997645611, 28.106727514532853 ], [ -15.635705149939341, 28.106664817462075 ], [ -15.635246853961224, 28.104717313305372 ], [ -15.636947010723645, 28.102643038416517 ], [ -15.635800966250194, 28.09996301114629 ], [ -15.636837118553522, 28.097525719916817 ], [ -15.636245950513294, 28.094795671673001 ], [ -15.636377048164242, 28.090790024847976 ], [ -15.636957059552968, 28.088874684772978 ], [ -15.634980006734423, 28.08514004345697 ], [ -15.637238341255378, 28.078921286055344 ], [ -15.635974462194003, 28.075013958201048 ], [ -15.635589894902417, 28.070964922720346 ], [ -15.636327419858047, 28.068590375546975 ], [ -15.637680497804196, 28.066915466226355 ], [ -15.635056650159619, 28.063466119812965 ], [ -15.632866526363909, 28.062304694178952 ], [ -15.632631960653226, 28.060729171624541 ], [ -15.629476685878425, 28.060385025658771 ], [ -15.629857694261776, 28.053653558767614 ], [ -15.629224397062892, 28.051810348096073 ], [ -15.625868306076155, 28.047382846211384 ], [ -15.62507386644449, 28.047409717559773 ], [ -15.623208275628242, 28.044514446589659 ], [ -15.622418632636863, 28.041634713715812 ], [ -15.620444211460859, 28.039260712725969 ], [ -15.618649968006219, 28.038626952684762 ] ] ] ] } },
{ "type": "Feature", "properties": { "geocode": "35010", "geopadre": "ES708A02", "etiqueta": "Haría", "notas": "Ayuntamiento De Haría", "granularidad": "MUNICIPIOS", "gcd_provincia": "ES701", "gcd_isla": "ES708", "gcd_grancomarca": "ES708A0", "gcd_comarca": "ES708A02", "ign_sup": 14565.3, "ign_perim": 119999.0, "utm_x": 648331.62, "utm_y": 3226751.23, "longitud": -13.474817, "latitud": 29.160692, "utm_x_capi": 645917.68, "utm_y_capi": 3225102.16, "long_capi": -13.499847, "lati_capi": 29.146093 }, "geometry": { "type": "MultiPolygon", "coordinates": [ [ [ [ -13.451540905101478, 29.081325374003246 ], [ -13.454722693817088, 29.082541294300263 ], [ -13.457604781553666, 29.083037065475473 ], [ -13.464625130517154, 29.084766348980335 ], [ -13.466397848355925, 29.085854677784862 ], [ -13.481765003849274, 29.0922884573022 ], [ -13.485114906315406, 29.094369610622579 ], [ -13.491694357915215, 29.097686529774503 ], [ -13.495955973373198, 29.100984709427053 ], [ -13.497178029670048, 29.103505067905182 ], [ -13.501278909584366, 29.107140918750659 ], [ -13.504833394079261, 29.108949288075173 ], [ -13.505080114927491, 29.110289507254922 ], [ -13.506959280204576, 29.111771246205389 ], [ -13.514290296725784, 29.114520310366437 ], [ -13.521343544016968, 29.117592369563535 ], [ -13.523128600449898, 29.117766541244798 ], [ -13.528669892168432, 29.119417641582832 ], [ -13.528741431571184, 29.123395034036072 ], [ -13.529650002938604, 29.133777352710627 ], [ -13.530102076068548, 29.135446766019989 ], [ -13.527863534773138, 29.138668406558843 ], [ -13.524457909625257, 29.141368528411785 ], [ -13.522693773057842, 29.150382785434694 ], [ -13.522614578017663, 29.152593521285766 ], [ -13.521550349961585, 29.153645269775033 ], [ -13.521038778127906, 29.156371554511001 ], [ -13.522383369004743, 29.157718270997243 ], [ -13.521660083207678, 29.158753998066707 ], [ -13.522247137077677, 29.160348909946144 ], [ -13.522605322176815, 29.165705877260294 ], [ -13.521815359736493, 29.166861718593577 ], [ -13.522086189218435, 29.168694698153026 ], [ -13.52051074033888, 29.170766987789211 ], [ -13.518752076275492, 29.171435455832331 ], [ -13.516023493825013, 29.174381124790902 ], [ -13.516953190313147, 29.176179395332468 ], [ -13.514960755285534, 29.176830159311624 ], [ -13.513534145296715, 29.178453109368753 ], [ -13.511917329581204, 29.183601022411434 ], [ -13.510585383133018, 29.185935311921838 ], [ -13.511066895550423, 29.187458523509004 ], [ -13.509374712827372, 29.188910998000917 ], [ -13.508432232719608, 29.190674347975911 ], [ -13.509578320225978, 29.192043039660202 ], [ -13.509366168594791, 29.194881173625706 ], [ -13.506897742375028, 29.195719492475568 ], [ -13.506252709206533, 29.197917753933449 ], [ -13.50644396175614, 29.201249476811981 ], [ -13.503553259341011, 29.203281889984432 ], [ -13.503466648563636, 29.205421114734708 ], [ -13.501429014134747, 29.206688967221989 ], [ -13.498846847445694, 29.206512740818088 ], [ -13.497743417060027, 29.207610089717491 ], [ -13.496991187103477, 29.210127897403353 ], [ -13.497261320112914, 29.214145874154266 ], [ -13.497029128650556, 29.218243094837735 ], [ -13.493470042695037, 29.219821067718801 ], [ -13.487605832628656, 29.221873352876287 ], [ -13.484729074819535, 29.224186223906198 ], [ -13.482561653917543, 29.224786545582045 ], [ -13.480321057295201, 29.226915846250169 ], [ -13.477429913446562, 29.22842337608407 ], [ -13.47556973416258, 29.230445665301787 ], [ -13.47367556351775, 29.231696602527958 ], [ -13.471499254498429, 29.235365659527464 ], [ -13.47022870142237, 29.238697844551144 ], [ -13.468403107475627, 29.2355510850042 ], [ -13.46880186836955, 29.233773122841804 ], [ -13.46783446012814, 29.232381395060077 ], [ -13.467363675047759, 29.228304462968115 ], [ -13.465983721271742, 29.226525567972846 ], [ -13.464141171151834, 29.22613986295794 ], [ -13.461642042439641, 29.224470505573649 ], [ -13.458475867990719, 29.226070823644637 ], [ -13.45576795052232, 29.226278088002363 ], [ -13.453373885617697, 29.225491385491182 ], [ -13.451525128180506, 29.222518645581943 ], [ -13.450485370881143, 29.222996342027638 ], [ -13.448626796514199, 29.221802653166893 ], [ -13.448881766913214, 29.220714761738847 ], [ -13.445579479811322, 29.220266551384327 ], [ -13.446141389879473, 29.218615944800984 ], [ -13.443256815973756, 29.216667449015866 ], [ -13.440946605109646, 29.217416177003315 ], [ -13.439360351875292, 29.21663833611613 ], [ -13.438009587330511, 29.217065328757666 ], [ -13.437008710632139, 29.214210809452194 ], [ -13.433979545435438, 29.20996556996532 ], [ -13.431224967695206, 29.209690466057229 ], [ -13.428410931375414, 29.207855277971223 ], [ -13.427541818061743, 29.20931262246463 ], [ -13.424891485924821, 29.20895262543424 ], [ -13.423289676933789, 29.207831616933699 ], [ -13.424299414540522, 29.205628851205606 ], [ -13.421870133918079, 29.202645060474268 ], [ -13.420194141969322, 29.201689254141112 ], [ -13.421090565054289, 29.200319025803815 ], [ -13.420400940852439, 29.198530681231471 ], [ -13.419202414887568, 29.19778866199087 ], [ -13.419890327207996, 29.196218724037564 ], [ -13.421828953603242, 29.195786875943291 ], [ -13.420861057975905, 29.193048671589509 ], [ -13.420792629161271, 29.190867545522131 ], [ -13.421856552244616, 29.189338468441882 ], [ -13.419898192351406, 29.184435922415304 ], [ -13.420558791606524, 29.182236713572458 ], [ -13.422041302336742, 29.180286775257166 ], [ -13.422070928232943, 29.17807949484553 ], [ -13.423118431606257, 29.175335560115442 ], [ -13.425922090567633, 29.173467153862173 ], [ -13.424990338311614, 29.170743493848953 ], [ -13.426852086187088, 29.169415145156172 ], [ -13.427174747557844, 29.1678196850205 ], [ -13.425257193302247, 29.167517533213545 ], [ -13.423821389396696, 29.165541201075897 ], [ -13.427005752356559, 29.164249135159807 ], [ -13.428656118720554, 29.154470547831362 ], [ -13.434735561072523, 29.153646259515966 ], [ -13.435961208722699, 29.152094977937129 ], [ -13.43778371035104, 29.152005339726198 ], [ -13.439937859490016, 29.149775311802919 ], [ -13.441760220819486, 29.149575000426054 ], [ -13.442788538600356, 29.147991793447119 ], [ -13.444990720168558, 29.148031432249411 ], [ -13.447182736439037, 29.146183444790651 ], [ -13.445299953380832, 29.145278212493441 ], [ -13.446118634112148, 29.143462503437036 ], [ -13.448936931053854, 29.143644308638891 ], [ -13.452455538321965, 29.13961834203625 ], [ -13.453935454268967, 29.139230147339994 ], [ -13.458496236710443, 29.1328645143386 ], [ -13.460154180175264, 29.132271824541544 ], [ -13.46190844698925, 29.129203048778653 ], [ -13.463693712065885, 29.129122076425887 ], [ -13.464611406418273, 29.127686195360781 ], [ -13.464788722187008, 29.122626058757653 ], [ -13.46300573214619, 29.120200960344068 ], [ -13.46418502938076, 29.118630099462234 ], [ -13.463908383369059, 29.115335184816942 ], [ -13.461840488328489, 29.113621741293496 ], [ -13.460716640405538, 29.11188354510012 ], [ -13.458457384817684, 29.110804946163583 ], [ -13.45633213738475, 29.107727078136797 ], [ -13.454886180410146, 29.107621825191181 ], [ -13.455550733047659, 29.104581497009175 ], [ -13.454320832444786, 29.103549851093302 ], [ -13.451493860722806, 29.102720915052664 ], [ -13.449585763132783, 29.101597776934703 ], [ -13.448872932898704, 29.097008775509302 ], [ -13.449571062172065, 29.096578647442509 ], [ -13.448006054935126, 29.093821268023031 ], [ -13.447564554774999, 29.089294919847855 ], [ -13.44865976227698, 29.085190627406252 ], [ -13.450684912674179, 29.083098637339212 ], [ -13.451540905101478, 29.081325374003246 ] ] ] ] } },
{ "type": "Feature", "properties": { "geocode": "35011", "geopadre": "ES705A32", "etiqueta": "Ingenio", "notas": "Ayuntamiento de Ingenio", "granularidad": "MUNICIPIOS", "gcd_provincia": "ES701", "gcd_isla": "ES705", "gcd_grancomarca": "ES705A3", "gcd_comarca": "ES705A32", "ign_sup": 3908.81, "ign_perim": 44792.0, "utm_x": 458318.23, "utm_y": 3089476.73, "longitud": -15.423652, "latitud": 27.929606, "utm_x_capi": 456346.94, "utm_y_capi": 3088370.48, "long_capi": -15.443647, "lati_capi": 27.919557 }, "geometry": { "type": "MultiPolygon", "coordinates": [ [ [ [ -15.386900488993088, 27.90250941336372 ], [ -15.393907344113773, 27.902875525916976 ], [ -15.396582756974134, 27.903840797403685 ], [ -15.401910538815009, 27.904895169260538 ], [ -15.407405763437081, 27.9077856672107 ], [ -15.410321120472378, 27.907769614507213 ], [ -15.412619353618359, 27.906879088766566 ], [ -15.414570530660324, 27.908497457661664 ], [ -15.415568519484314, 27.910874557488196 ], [ -15.420941172745289, 27.911965940500608 ], [ -15.422088053660625, 27.910069276744611 ], [ -15.424500139938127, 27.909930474693184 ], [ -15.426114024261397, 27.908059221292049 ], [ -15.429300905710575, 27.907788224511588 ], [ -15.431041136330998, 27.907090977660918 ], [ -15.434089333600475, 27.906767539746561 ], [ -15.43700479149549, 27.9070538144205 ], [ -15.439722402018512, 27.908324594867654 ], [ -15.441873819774132, 27.907967283119284 ], [ -15.445459531944318, 27.908461761275344 ], [ -15.450312068821722, 27.911216120049076 ], [ -15.452664305393915, 27.914101583644964 ], [ -15.453428976950914, 27.915693353623507 ], [ -15.4576050085858, 27.919848940669912 ], [ -15.459530724500699, 27.923417315835383 ], [ -15.461227199567373, 27.9256335362568 ], [ -15.464289649260277, 27.927859399558088 ], [ -15.465325188217312, 27.929906023223847 ], [ -15.467398970470789, 27.932363178751739 ], [ -15.470017565195446, 27.934062251414097 ], [ -15.472717675444027, 27.933726296403172 ], [ -15.474253461987294, 27.934232894868806 ], [ -15.476111335077825, 27.933671960724354 ], [ -15.480927685265854, 27.933081239038227 ], [ -15.485926051465578, 27.936401012468721 ], [ -15.487709953115221, 27.936872208410467 ], [ -15.490363560268385, 27.936103633351731 ], [ -15.497400183621712, 27.936768975968956 ], [ -15.500345747714407, 27.935876203995381 ], [ -15.504148628147506, 27.937474805324364 ], [ -15.508833893995249, 27.936882432072498 ], [ -15.509927838115788, 27.934170411852921 ], [ -15.51245286833865, 27.934628538266782 ], [ -15.513656741548148, 27.936781909402267 ], [ -15.516612677160248, 27.939000237769736 ], [ -15.51827482851861, 27.938937661969266 ], [ -15.521739553100145, 27.943871751478362 ], [ -15.524117652448426, 27.945573798470772 ], [ -15.528060363572601, 27.945791452091807 ], [ -15.531487061172333, 27.946703331891218 ], [ -15.532857427634173, 27.948713074057206 ], [ -15.53753610997812, 27.951484017541983 ], [ -15.544762164262654, 27.953111980002507 ], [ -15.545421647783911, 27.953673924980805 ], [ -15.543094590275608, 27.953792219159517 ], [ -15.541459875515683, 27.956490323565781 ], [ -15.539875351002591, 27.956410835359513 ], [ -15.536324115997418, 27.955229066447764 ], [ -15.534826518295185, 27.955358962706562 ], [ -15.532440650894751, 27.956606663509554 ], [ -15.531948878564123, 27.955254765479715 ], [ -15.530697134396735, 27.953337015489812 ], [ -15.526373424298676, 27.951418360249608 ], [ -15.515805436917908, 27.950474730695994 ], [ -15.511508409932626, 27.951632880937915 ], [ -15.509066859050364, 27.952385174077364 ], [ -15.500080931815814, 27.949678963515328 ], [ -15.497948238819804, 27.950384603152436 ], [ -15.495976817102649, 27.950082052186605 ], [ -15.494797407079389, 27.948642634743692 ], [ -15.488346336125712, 27.948958476134909 ], [ -15.480658212083048, 27.948960980676461 ], [ -15.480153424690066, 27.950626452362364 ], [ -15.477297512952823, 27.949916989825294 ], [ -15.474367567855031, 27.950258270890163 ], [ -15.471943838015502, 27.951405905214123 ], [ -15.468654038391389, 27.950660594071476 ], [ -15.465788216451841, 27.951642838579822 ], [ -15.460776598367724, 27.950160865856191 ], [ -15.459244398337054, 27.950663601307415 ], [ -15.458105077413558, 27.948281436121544 ], [ -15.452464438291345, 27.946885491408803 ], [ -15.450151779617251, 27.947871477859263 ], [ -15.448396115795898, 27.946886272543363 ], [ -15.445796114250541, 27.947459747653884 ], [ -15.44411412525854, 27.946725782997394 ], [ -15.441993107621411, 27.947420410540971 ], [ -15.43835366967101, 27.946898683052964 ], [ -15.435331040843495, 27.942682667355662 ], [ -15.433945023885901, 27.943092329101546 ], [ -15.432091431104782, 27.942194388849636 ], [ -15.431160526362669, 27.942944039488694 ], [ -15.428825038581071, 27.941109958882663 ], [ -15.428753866662294, 27.938984086499673 ], [ -15.427619016704785, 27.93811446512813 ], [ -15.422073848740888, 27.936996199797861 ], [ -15.419023599872952, 27.93811593858516 ], [ -15.414868298544567, 27.938374061826575 ], [ -15.414550577284215, 27.939704515127101 ], [ -15.411322082725672, 27.939457859638356 ], [ -15.408654179309414, 27.940664621779423 ], [ -15.405904268382788, 27.941355360203215 ], [ -15.402637362078117, 27.941092943278431 ], [ -15.397269416982667, 27.938925845314241 ], [ -15.394311104672889, 27.938176988849786 ], [ -15.391641866368248, 27.938170316457153 ], [ -15.387766813313522, 27.937056504541374 ], [ -15.386494168768905, 27.93625707112362 ], [ -15.382913862343459, 27.93219906963115 ], [ -15.380651805622929, 27.930571143419815 ], [ -15.383881079129802, 27.927769401318606 ], [ -15.384821049275621, 27.9259584699454 ], [ -15.3850911790709, 27.922988127560529 ], [ -15.384144859743156, 27.92076334137678 ], [ -15.386159423021482, 27.917193843835559 ], [ -15.386822787888354, 27.913559102518903 ], [ -15.385713828199371, 27.912398990297142 ], [ -15.386844591514533, 27.911187146319968 ], [ -15.385913576042233, 27.906142123366362 ], [ -15.386900488993088, 27.90250941336372 ] ] ] ] } },
{ "type": "Feature", "properties": { "geocode": "35012", "geopadre": "ES705A31", "etiqueta": "Mogán", "notas": "Ayuntamiento de Mogán", "granularidad": "MUNICIPIOS", "gcd_provincia": "ES701", "gcd_isla": "ES705", "gcd_grancomarca": "ES705A3", "gcd_comarca": "ES705A31", "ign_sup": 17142.0, "ign_perim": 77018.0, "utm_x": 428179.47, "utm_y": 3081067.79, "longitud": -15.729456, "latitud": 27.852419, "utm_x_capi": 428753.45, "utm_y_capi": 3084550.59, "long_capi": -15.723836, "lati_capi": 27.883888 }, "geometry": { "type": "MultiPolygon", "coordinates": [ [ [ [ -15.663288505428698, 27.912087918394711 ], [ -15.663990486199509, 27.910810122380862 ], [ -15.663424040252563, 27.907396987982363 ], [ -15.66560524064886, 27.906725208758843 ], [ -15.669876045229474, 27.90230142241235 ], [ -15.670550885884932, 27.899402723345041 ], [ -15.670062603820929, 27.897674787263416 ], [ -15.670187243339697, 27.894578685768444 ], [ -15.66913359204284, 27.892871510613269 ], [ -15.669646577935939, 27.891571898841402 ], [ -15.669586778080879, 27.888827953233342 ], [ -15.670932141850761, 27.887094564985055 ], [ -15.670014596759142, 27.886129589458474 ], [ -15.670111672809155, 27.88399612257696 ], [ -15.669078411700331, 27.882362505168686 ], [ -15.670562753866433, 27.879431848479221 ], [ -15.671112094672502, 27.877176696170878 ], [ -15.670472594307324, 27.874715369980049 ], [ -15.671371574069644, 27.871809429490124 ], [ -15.670483934241352, 27.870168537842403 ], [ -15.670731376404994, 27.868037620756773 ], [ -15.667502752817091, 27.866761936022883 ], [ -15.665718101322813, 27.863676025584169 ], [ -15.662712231049968, 27.861745441250989 ], [ -15.662041831029528, 27.859522351403189 ], [ -15.661947906265432, 27.855371869166273 ], [ -15.662616641095113, 27.851316878059944 ], [ -15.660556215930894, 27.848452105609052 ], [ -15.660250023135156, 27.845878312527557 ], [ -15.661856083180147, 27.842217579882515 ], [ -15.659999782842339, 27.840054398420779 ], [ -15.658896768657726, 27.835887517979081 ], [ -15.660008457090024, 27.833822052129527 ], [ -15.659774524703035, 27.831950211868563 ], [ -15.660694008169644, 27.829928429298395 ], [ -15.662854937506436, 27.829505139957799 ], [ -15.661413951103219, 27.826792920142271 ], [ -15.662408304363643, 27.825436250890185 ], [ -15.666005346071572, 27.824431453399679 ], [ -15.665875134542585, 27.822328179205524 ], [ -15.663878959923759, 27.820524717253118 ], [ -15.66354118073313, 27.819192880555253 ], [ -15.66381805213175, 27.814880333976586 ], [ -15.665064947861115, 27.812074486511129 ], [ -15.667105454246007, 27.810177545645441 ], [ -15.667309151137102, 27.808147012458331 ], [ -15.668920909842239, 27.805480371302504 ], [ -15.669424145706946, 27.803494295670529 ], [ -15.668514674936581, 27.801378434960178 ], [ -15.668804310412444, 27.799587451990647 ], [ -15.670374093997605, 27.798293321534551 ], [ -15.67216246968932, 27.794549153999654 ], [ -15.672587218092138, 27.792434827167607 ], [ -15.670686174787308, 27.788757017467084 ], [ -15.669060152995199, 27.788260440696401 ], [ -15.668166882628883, 27.785759734428169 ], [ -15.670277996177546, 27.782560263280345 ], [ -15.669223135647425, 27.780971770826653 ], [ -15.667178203599772, 27.779327226844146 ], [ -15.666563317361842, 27.777683643166021 ], [ -15.667163851795989, 27.774972293338983 ], [ -15.666336776447761, 27.77250109316028 ], [ -15.666902832616387, 27.769566150466272 ], [ -15.670551560117964, 27.766346634650869 ], [ -15.670013473617322, 27.764103407197197 ], [ -15.671118082836285, 27.761434495070969 ], [ -15.673885056794088, 27.759403409882811 ], [ -15.675827553116724, 27.757285785582251 ], [ -15.678990905412673, 27.756231276415658 ], [ -15.681004044948692, 27.756315453510339 ], [ -15.68307911634248, 27.755126395569569 ], [ -15.684670392929196, 27.756334758847412 ], [ -15.682381569450135, 27.758495577564489 ], [ -15.685239844755166, 27.761314147207671 ], [ -15.685502659907463, 27.763271466845552 ], [ -15.68710710333011, 27.763721969213446 ], [ -15.68883792514996, 27.767877790861512 ], [ -15.688351828250767, 27.768917549017438 ], [ -15.689792377163048, 27.771278715679575 ], [ -15.691395117996475, 27.7711447250276 ], [ -15.69230686910724, 27.772331303778827 ], [ -15.695295815930379, 27.772815705996965 ], [ -15.695639121216946, 27.771702917984005 ], [ -15.698972327594804, 27.770154917275633 ], [ -15.701030322181785, 27.77137028363984 ], [ -15.701035789603301, 27.773953780321712 ], [ -15.703591774531574, 27.776867449612556 ], [ -15.70541026391313, 27.777470197937202 ], [ -15.710390195995339, 27.781152051872002 ], [ -15.7093993384852, 27.782633303495505 ], [ -15.712191854630575, 27.782939090159282 ], [ -15.712416238122369, 27.784217699431167 ], [ -15.714345061905643, 27.784361592897504 ], [ -15.716050395234067, 27.783120006699036 ], [ -15.719008304532951, 27.784509323006439 ], [ -15.720497997141837, 27.786454583990139 ], [ -15.723137799008148, 27.7873315147943 ], [ -15.724296982309514, 27.788290321360794 ], [ -15.724092290520334, 27.789928172316774 ], [ -15.728562521397409, 27.792667849835141 ], [ -15.727040206143707, 27.794585102761854 ], [ -15.731079612841642, 27.798562831939627 ], [ -15.735547469468466, 27.797573221009269 ], [ -15.739296061360177, 27.799433094458841 ], [ -15.742243142170453, 27.801434999032171 ], [ -15.742222363577445, 27.803484927140204 ], [ -15.7443888463308, 27.805092770564336 ], [ -15.745341137840237, 27.806940469087927 ], [ -15.747500991640489, 27.807481554182104 ], [ -15.748645540313273, 27.806629668178957 ], [ -15.749946577520475, 27.807883453749273 ], [ -15.753668262897252, 27.814752687962581 ], [ -15.762723472941722, 27.817979197668837 ], [ -15.764706804235123, 27.817243976631186 ], [ -15.766972306889075, 27.817184651675333 ], [ -15.769969459454707, 27.8191731466659 ], [ -15.771194449420973, 27.820989128262344 ], [ -15.773300947040791, 27.822172954164365 ], [ -15.774121787375327, 27.824078670064683 ], [ -15.775666828616345, 27.825488916354129 ], [ -15.776280446575585, 27.827633382756314 ], [ -15.77964072650688, 27.830423826111726 ], [ -15.781116872888381, 27.829802174832764 ], [ -15.784002199845649, 27.83177069266009 ], [ -15.784996171322147, 27.833062355158049 ], [ -15.787921043576095, 27.834795995564022 ], [ -15.791545482495295, 27.841249320080678 ], [ -15.791079531346103, 27.845546620932595 ], [ -15.792495250026965, 27.847531282057002 ], [ -15.793726548058684, 27.847475341682678 ], [ -15.795225758248538, 27.849604331074925 ], [ -15.796282083797289, 27.852560168614005 ], [ -15.798715142247088, 27.853180278271335 ], [ -15.798330400656496, 27.857292592971547 ], [ -15.799317501822349, 27.859062631107491 ], [ -15.795007637885606, 27.863475002476449 ], [ -15.791913112680785, 27.865082311489857 ], [ -15.783563972750999, 27.868329062246229 ], [ -15.781480882583621, 27.868244193150822 ], [ -15.77992181901306, 27.870812911500042 ], [ -15.777405340966478, 27.873599318815888 ], [ -15.777118032563617, 27.87495549246227 ], [ -15.774616378325259, 27.876046316602565 ], [ -15.772463346818292, 27.879572711068622 ], [ -15.771126466214456, 27.884127431762138 ], [ -15.769668001221142, 27.885685677774639 ], [ -15.768077189841842, 27.888682419091079 ], [ -15.766319261595259, 27.890119396042618 ], [ -15.76559884671151, 27.89201354119362 ], [ -15.762423658535242, 27.894742494400987 ], [ -15.760774322902671, 27.898397741544329 ], [ -15.75801274408304, 27.901096435808061 ], [ -15.752546044047675, 27.902692550927025 ], [ -15.752306801213821, 27.904979417140336 ], [ -15.751241260946818, 27.906889472067128 ], [ -15.751849565337194, 27.908863613249771 ], [ -15.751321638508735, 27.91198674840086 ], [ -15.754948144170188, 27.913839271434085 ], [ -15.753273829858964, 27.91661885751077 ], [ -15.752846034920694, 27.919347492716607 ], [ -15.749465089769288, 27.923997763046845 ], [ -15.745554103778435, 27.926972032771431 ], [ -15.745042308808108, 27.927948360054703 ], [ -15.740890076288837, 27.931355798498757 ], [ -15.738419501546387, 27.934043576153496 ], [ -15.734613817299854, 27.939129446364376 ], [ -15.730580227346715, 27.942863064645174 ], [ -15.729673589676059, 27.942950839489505 ], [ -15.726212390019684, 27.946655136800331 ], [ -15.724718232324314, 27.948885411722085 ], [ -15.72211300059654, 27.949004203563916 ], [ -15.718387109923587, 27.947307383252397 ], [ -15.716620549338673, 27.946000269004465 ], [ -15.712953318916059, 27.945511452199192 ], [ -15.708879999423962, 27.94557255741266 ], [ -15.703368169330082, 27.947994468429812 ], [ -15.697392851253266, 27.947812545363394 ], [ -15.695485487825996, 27.9472399268389 ], [ -15.693438921432072, 27.948350948337222 ], [ -15.692543993103962, 27.949623781977397 ], [ -15.68809864076492, 27.94788495264298 ], [ -15.687135456885921, 27.945787411366815 ], [ -15.685237509870054, 27.944512148037195 ], [ -15.68228620003905, 27.941012482183293 ], [ -15.683701886824942, 27.936432418950545 ], [ -15.683405845206188, 27.934398963650313 ], [ -15.683829095692476, 27.93067242123848 ], [ -15.687050629213237, 27.928521451117405 ], [ -15.687842624433706, 27.926684018892939 ], [ -15.687353875039138, 27.924644364659613 ], [ -15.687812726391844, 27.92223681284289 ], [ -15.686965653793838, 27.920589778870774 ], [ -15.687658851529521, 27.918104291527772 ], [ -15.685402348592559, 27.916359524805639 ], [ -15.684709572509036, 27.914954642629663 ], [ -15.684254760873733, 27.909921714078244 ], [ -15.682357410005576, 27.908999152335028 ], [ -15.680215870432496, 27.909959757512663 ], [ -15.678487027131631, 27.908661687119654 ], [ -15.677510611592281, 27.909238572514006 ], [ -15.677759096124868, 27.911401921597683 ], [ -15.675698907554734, 27.914573288657088 ], [ -15.673485313959095, 27.916236457875794 ], [ -15.672517811015002, 27.917730359442956 ], [ -15.671004196285587, 27.916274923889198 ], [ -15.668136561717521, 27.915683687161586 ], [ -15.666090500126307, 27.91380451919844 ], [ -15.663288505428698, 27.912087918394711 ] ] ] ] } },
{ "type": "Feature", "properties": { "geocode": "35013", "geopadre": "ES705A22", "etiqueta": "Moya", "notas": "Ayuntamiento de Moya", "granularidad": "MUNICIPIOS", "gcd_provincia": "ES701", "gcd_isla": "ES705", "gcd_grancomarca": "ES705A2", "gcd_comarca": "ES705A22", "ign_sup": 3220.46, "ign_perim": 43229.0, "utm_x": 441675.46, "utm_y": 3106542.23, "longitud": -15.593646, "latitud": 28.083029, "utm_x_capi": 442702.84, "utm_y_capi": 3109616.24, "long_capi": -15.583339, "lati_capi": 28.110822 }, "geometry": { "type": "MultiPolygon", "coordinates": [ [ [ [ -15.613826046903547, 28.018655807061197 ], [ -15.617276993393096, 28.020896490117252 ], [ -15.616049239610346, 28.021269099333693 ], [ -15.616266393050978, 28.026835889966868 ], [ -15.617676589996954, 28.030196950067207 ], [ -15.617467996210236, 28.032612978993164 ], [ -15.619032526054324, 28.034279031031431 ], [ -15.61800185648287, 28.038062038551825 ], [ -15.618649968006219, 28.038626952684762 ], [ -15.618884548052296, 28.039965639847459 ], [ -15.621667215236744, 28.042632271889481 ], [ -15.621820647176945, 28.044587778795975 ], [ -15.623382302980142, 28.051600883453037 ], [ -15.624533202100555, 28.054365657026704 ], [ -15.623008291001033, 28.056081669707133 ], [ -15.621681045699292, 28.058872996579581 ], [ -15.622924420459684, 28.060624396997834 ], [ -15.621544026510909, 28.0630507334938 ], [ -15.622343124987342, 28.064573745332481 ], [ -15.622252642051611, 28.066922416444385 ], [ -15.617240361886044, 28.071936168568893 ], [ -15.616297423628183, 28.072220709095376 ], [ -15.615446133066849, 28.074563725735082 ], [ -15.612558465513507, 28.076965416284867 ], [ -15.611517449731267, 28.079700661570762 ], [ -15.610150501846114, 28.080040957847224 ], [ -15.609268744498278, 28.083564176171805 ], [ -15.607029301291128, 28.086183669762161 ], [ -15.601545938070652, 28.090240496136481 ], [ -15.601886568939639, 28.092679875536724 ], [ -15.600363517971214, 28.092631376324128 ], [ -15.597964106922634, 28.095341655822853 ], [ -15.594553792476429, 28.09571236344992 ], [ -15.589972084813352, 28.10072498514862 ], [ -15.587259030927839, 28.102726010991503 ], [ -15.585766232736649, 28.10601801275681 ], [ -15.585351306175138, 28.107993162308713 ], [ -15.58691965786981, 28.110902911844367 ], [ -15.587192753819849, 28.112629587900656 ], [ -15.589310623151237, 28.113949088464324 ], [ -15.590612155250469, 28.117014820762588 ], [ -15.590895978796212, 28.119009159886321 ], [ -15.589655495306747, 28.120271212360315 ], [ -15.589465051609086, 28.124793192759082 ], [ -15.590167592582789, 28.128220865725204 ], [ -15.589646518250872, 28.129229052372985 ], [ -15.591169814571803, 28.131390237162858 ], [ -15.590290349714078, 28.132732484323771 ], [ -15.59140148893705, 28.134985996558207 ], [ -15.59053897491772, 28.138685081909529 ], [ -15.587185172483553, 28.142724653586342 ], [ -15.586872168978008, 28.143855830334662 ], [ -15.58860658056919, 28.147304770040524 ], [ -15.587380692423814, 28.147404585054179 ], [ -15.584808886958955, 28.145458882113765 ], [ -15.582708745930747, 28.145166855834159 ], [ -15.580485065482465, 28.144115810613837 ], [ -15.577829356404289, 28.144229191524147 ], [ -15.575360700528847, 28.143668179027557 ], [ -15.573181017955962, 28.14502061773484 ], [ -15.571039263534251, 28.144331386445923 ], [ -15.569298195000011, 28.144544488194782 ], [ -15.566265648029722, 28.146358642956148 ], [ -15.564292904119888, 28.145615033206937 ], [ -15.562187284992733, 28.14563570281468 ], [ -15.559425471763539, 28.14720148898968 ], [ -15.558786156979968, 28.144619811341006 ], [ -15.55908669866408, 28.141527487623407 ], [ -15.563691116404922, 28.139257721964771 ], [ -15.564506314168453, 28.136081746255705 ], [ -15.563015678449382, 28.13593468252234 ], [ -15.562835025397401, 28.135635759309302 ], [ -15.563174491526354, 28.134187176097935 ], [ -15.561208059499034, 28.133929743086274 ], [ -15.560331942240207, 28.13222158710871 ], [ -15.560925318263521, 28.129246029700472 ], [ -15.56168950535568, 28.127951117132515 ], [ -15.561182817661471, 28.126635122224531 ], [ -15.562486757476226, 28.125291081706081 ], [ -15.562197110664176, 28.123071049805255 ], [ -15.563165195380087, 28.122024290056395 ], [ -15.564169124766224, 28.118181204924142 ], [ -15.565538353945547, 28.117012204999714 ], [ -15.565586568670412, 28.115484338978302 ], [ -15.567061661827779, 28.115275177773448 ], [ -15.569566123498879, 28.113348667608236 ], [ -15.57154007311555, 28.109620334105617 ], [ -15.570521836899632, 28.107900534428953 ], [ -15.572104186236725, 28.107138111243621 ], [ -15.572939307240146, 28.105513537447312 ], [ -15.57439176391178, 28.097412120573811 ], [ -15.575369128745432, 28.096459982088703 ], [ -15.57411190395552, 28.093644698258377 ], [ -15.575358903867563, 28.091097213553596 ], [ -15.57403660256141, 28.090258825080475 ], [ -15.577350529451939, 28.085182593580203 ], [ -15.576755841278819, 28.083790469820222 ], [ -15.577761841587698, 28.082789664811422 ], [ -15.57710578366304, 28.077881953215122 ], [ -15.579116536461475, 28.076505541321445 ], [ -15.583267680913178, 28.075424373400562 ], [ -15.585141230600691, 28.072802667539367 ], [ -15.586905282432946, 28.072125554049173 ], [ -15.588069889813255, 28.070156019124937 ], [ -15.589787394810543, 28.068657553819239 ], [ -15.588759111095129, 28.067583510285569 ], [ -15.590286195355171, 28.063574893586761 ], [ -15.59150098542087, 28.061341959485791 ], [ -15.592078792415167, 28.059048501844579 ], [ -15.591684670789631, 28.057303449696981 ], [ -15.595011673467191, 28.057015041940002 ], [ -15.595807233324479, 28.055825785098769 ], [ -15.596024207041621, 28.051334981591435 ], [ -15.598845396200122, 28.047274813805014 ], [ -15.597121018997322, 28.046003300597711 ], [ -15.59876464127961, 28.044778588562551 ], [ -15.599703336595274, 28.042609565890707 ], [ -15.599136637255233, 28.040286593264245 ], [ -15.600346242956546, 28.038805619616021 ], [ -15.604573678879333, 28.035921162195287 ], [ -15.606976352548731, 28.031836552376593 ], [ -15.607136594908955, 28.030376110819617 ], [ -15.610441855494912, 28.026715543868054 ], [ -15.612303049778756, 28.020824301116555 ], [ -15.613826046903547, 28.018655807061197 ] ] ] ] } },
{ "type": "Feature", "properties": { "geocode": "35014", "geopadre": "ES704A02", "etiqueta": "La Oliva", "notas": "Ayuntamiento De La Oliva", "granularidad": "MUNICIPIOS", "gcd_provincia": "ES701", "gcd_isla": "ES704", "gcd_grancomarca": "ES704A0", "gcd_comarca": "ES704A02", "ign_sup": 35533.4, "ign_perim": 117990.0, "utm_x": 605220.36, "utm_y": 3170839.08, "longitud": -13.923243, "latitud": 28.660428, "utm_x_capi": 604828.43, "utm_y_capi": 3165280.89, "long_capi": -13.927763, "lati_capi": 28.610297 }, "geometry": { "type": "MultiPolygon", "coordinates": [ [ [ [ -14.043585276506295, 28.577971082116015 ], [ -14.04323931834606, 28.579581668811652 ], [ -14.039725724377512, 28.581923672488795 ], [ -14.038495708483646, 28.583553149106351 ], [ -14.038418006437375, 28.587765385924538 ], [ -14.036114409033994, 28.588568129780626 ], [ -14.034308592260585, 28.590971740682079 ], [ -14.033168069045276, 28.59346728590204 ], [ -14.033798961262471, 28.598711895499992 ], [ -14.033626320129446, 28.601117504180767 ], [ -14.034801080717045, 28.603305295209012 ], [ -14.035802782515894, 28.603368652410527 ], [ -14.036841102561278, 28.60775667692603 ], [ -14.03808467449606, 28.609074011358182 ], [ -14.038844129077816, 28.611157975416898 ], [ -14.037467417723105, 28.612383803333934 ], [ -14.038425112300192, 28.613309705001821 ], [ -14.036969760367018, 28.615884414743579 ], [ -14.037329745265366, 28.618178925728333 ], [ -14.035541909219521, 28.618950900615406 ], [ -14.033595153739897, 28.620883182522562 ], [ -14.033508215516324, 28.622702754587372 ], [ -14.031556134682006, 28.624904791725019 ], [ -14.032487084798786, 28.627065656735365 ], [ -14.031578239600043, 28.630392434042506 ], [ -14.032363316756173, 28.631667298759027 ], [ -14.030565519469011, 28.634021688864475 ], [ -14.028643543360987, 28.63316033465928 ], [ -14.027534520254083, 28.633737826700703 ], [ -14.026285872873087, 28.63617239158744 ], [ -14.027249042496251, 28.637838702091312 ], [ -14.027274295501298, 28.639719370062476 ], [ -14.024562433216904, 28.643057952840021 ], [ -14.025250329845942, 28.64515028544681 ], [ -14.023214866830461, 28.646048026499553 ], [ -14.018960699301909, 28.650569073170008 ], [ -14.018312765226677, 28.65304501519724 ], [ -14.019167801746352, 28.65541340990238 ], [ -14.016443072749297, 28.659031144796636 ], [ -14.015666638867588, 28.659434810219924 ], [ -14.013797049071421, 28.663021820139296 ], [ -14.013987517759494, 28.664369867485753 ], [ -14.012559295647659, 28.665442958177817 ], [ -14.01047624044328, 28.670492531313133 ], [ -14.009201371306281, 28.675150067824436 ], [ -14.008964581388623, 28.677235475391839 ], [ -14.01106283265162, 28.680489021962934 ], [ -14.013020409409894, 28.68174363468837 ], [ -14.011498212990587, 28.683184133714619 ], [ -14.015097871367111, 28.687193292035019 ], [ -14.012218432592993, 28.689824569435448 ], [ -14.013004628738111, 28.691626094960498 ], [ -14.014383688655251, 28.692628236740664 ], [ -14.018114009210919, 28.69410810594939 ], [ -14.017590407498888, 28.697233618095737 ], [ -14.016892447116277, 28.69802433173443 ], [ -14.017393030650286, 28.701798900456488 ], [ -14.018374673827703, 28.703801634943297 ], [ -14.01887612645625, 28.706883956054856 ], [ -14.015981164070697, 28.706393299016721 ], [ -14.01446004783188, 28.708590167922033 ], [ -14.017088131477205, 28.708345550221878 ], [ -14.019046384943881, 28.709976256381118 ], [ -14.017148646162712, 28.712178280593776 ], [ -14.015235565723966, 28.711901724619285 ], [ -14.0161691681182, 28.714740481259351 ], [ -14.015835156084099, 28.715778552897095 ], [ -14.01306164994034, 28.716636821927271 ], [ -14.012617710064127, 28.711962021784348 ], [ -14.010692966771614, 28.712358471235707 ], [ -14.004991972137571, 28.711380654571549 ], [ -14.004582581476337, 28.715540336993062 ], [ -14.00292291425348, 28.715700465795809 ], [ -14.002421267750918, 28.717482031907924 ], [ -14.000784879494546, 28.719252247250687 ], [ -13.997852702521421, 28.720603896121034 ], [ -13.999396436260167, 28.721749590989752 ], [ -13.998606442032054, 28.724207929852074 ], [ -13.995589076539845, 28.723184208252086 ], [ -13.992130049200194, 28.723517240399314 ], [ -13.988649896240265, 28.724336765957485 ], [ -13.987285017983337, 28.726085942692517 ], [ -13.987305752768169, 28.72753066765263 ], [ -13.98541730026899, 28.727371696471106 ], [ -13.984824394012222, 28.728986478117637 ], [ -13.983617803556641, 28.729464850366295 ], [ -13.981173505736679, 28.727637370354245 ], [ -13.980379688289675, 28.728322347719377 ], [ -13.982545787604252, 28.73032868243153 ], [ -13.979391312016858, 28.732063655338695 ], [ -13.978540000515386, 28.733745049541731 ], [ -13.976304433220568, 28.735521264313967 ], [ -13.97418831846554, 28.734444290754958 ], [ -13.97270278901555, 28.731177950181554 ], [ -13.970961737857575, 28.731253206394037 ], [ -13.969046815964006, 28.734941290649889 ], [ -13.964882443817308, 28.733522771533174 ], [ -13.962857133758231, 28.734197261037327 ], [ -13.961955110609098, 28.736099164105031 ], [ -13.95950001551455, 28.737251947786977 ], [ -13.957515903001227, 28.736916103573268 ], [ -13.95584841814439, 28.735759495518238 ], [ -13.954198977546348, 28.738371291706173 ], [ -13.949064757120386, 28.741656529504713 ], [ -13.948623872854046, 28.742764051729157 ], [ -13.94439170696859, 28.743570700122621 ], [ -13.941944621003131, 28.746270574290953 ], [ -13.940099809382092, 28.745521185510903 ], [ -13.939961246907183, 28.743799085311984 ], [ -13.938156753480571, 28.740976531848503 ], [ -13.93552856655408, 28.741827701093953 ], [ -13.934662198190077, 28.745872787389018 ], [ -13.932446860365761, 28.749083959063086 ], [ -13.929332783651011, 28.749620240003861 ], [ -13.92801436875844, 28.750945871646024 ], [ -13.925585704868908, 28.752201502244308 ], [ -13.923156747897309, 28.752111564298961 ], [ -13.922355755163126, 28.750252753607494 ], [ -13.920165263038516, 28.749040338200047 ], [ -13.919685987916232, 28.747437363063305 ], [ -13.917132991745419, 28.74732294253057 ], [ -13.915584243998268, 28.745793151726534 ], [ -13.914334463649022, 28.748688648887715 ], [ -13.911197813284673, 28.74803938114708 ], [ -13.910220670541749, 28.748523599146242 ], [ -13.908381574454348, 28.747412999788779 ], [ -13.907135068267806, 28.748391363404412 ], [ -13.904263516834821, 28.749075408481371 ], [ -13.901142448070413, 28.752992160536564 ], [ -13.89573637856039, 28.752786827540543 ], [ -13.893783936835188, 28.755318519544513 ], [ -13.891872909943249, 28.756868793477924 ], [ -13.888653376723845, 28.756978276074236 ], [ -13.885745497100064, 28.755684992545643 ], [ -13.883736006802872, 28.753828397096282 ], [ -13.881052735353709, 28.753391572228946 ], [ -13.879737093536077, 28.751859907341078 ], [ -13.878523428293921, 28.752651023200318 ], [ -13.877079594543771, 28.75074747128437 ], [ -13.874272025222469, 28.749073411156971 ], [ -13.873128297248822, 28.746708297986821 ], [ -13.872643159951371, 28.743421952982185 ], [ -13.869306751045018, 28.744892511942435 ], [ -13.868066889141621, 28.746689119194777 ], [ -13.866002474968381, 28.746917981135304 ], [ -13.863826272610767, 28.744482112213806 ], [ -13.863695988799806, 28.742462009800288 ], [ -13.865374738859543, 28.741429792719121 ], [ -13.867327434772919, 28.739007949210283 ], [ -13.866933609288626, 28.737677920448551 ], [ -13.867630139499848, 28.735968666095975 ], [ -13.866025621013527, 28.733296073479647 ], [ -13.864994491514665, 28.733466033195395 ], [ -13.863517512197932, 28.731507486471493 ], [ -13.860842422661587, 28.730753920205625 ], [ -13.858651148547745, 28.732255762268636 ], [ -13.85740373373905, 28.730884202597089 ], [ -13.855285471647656, 28.730031981694768 ], [ -13.854393336431613, 28.728049046554982 ], [ -13.850870822843401, 28.726783532127634 ], [ -13.848696314608995, 28.727819457554599 ], [ -13.844450872499973, 28.728265268614606 ], [ -13.842010225729537, 28.727406188118955 ], [ -13.841332693712914, 28.726047224740583 ], [ -13.841908989004448, 28.723322836041813 ], [ -13.841422554770604, 28.721616499273747 ], [ -13.839789010958704, 28.719668247053349 ], [ -13.837993345607373, 28.714449928787808 ], [ -13.836325289269277, 28.712811387412714 ], [ -13.838121379220713, 28.711180161682581 ], [ -13.837565578352081, 28.707801241222416 ], [ -13.835697657139711, 28.702926974574478 ], [ -13.83258096039706, 28.698413650017166 ], [ -13.831541349564644, 28.69464452321667 ], [ -13.830441357196513, 28.693918686740428 ], [ -13.831854696219773, 28.68970056276568 ], [ -13.830556132450573, 28.687143147804242 ], [ -13.832287518560646, 28.686491654973505 ], [ -13.832269080992004, 28.684192363604666 ], [ -13.831482426189231, 28.682157311237468 ], [ -13.831612725688977, 28.679941388454278 ], [ -13.832580161516676, 28.678208532052498 ], [ -13.832955558992486, 28.676028312085609 ], [ -13.833977059032506, 28.675241977909618 ], [ -13.832298523698515, 28.67114008328284 ], [ -13.832547886498157, 28.669179238112878 ], [ -13.830640904498274, 28.663998523681617 ], [ -13.832008394123017, 28.662003230516202 ], [ -13.831230458680508, 28.660187710657013 ], [ -13.831491438676547, 28.657181786414171 ], [ -13.83051226162039, 28.656524091852404 ], [ -13.831208680664862, 28.654435649512244 ], [ -13.830595027235415, 28.653376482506388 ], [ -13.831243414693343, 28.650985407917201 ], [ -13.830708770834754, 28.645219202055564 ], [ -13.829675905455336, 28.643221188537431 ], [ -13.830029120651051, 28.641791679217032 ], [ -13.829928909129578, 28.635519567602849 ], [ -13.828259478823501, 28.632168809198856 ], [ -13.828800649109263, 28.630829690743511 ], [ -13.827837450971229, 28.627459811718449 ], [ -13.826723577491247, 28.626842941427444 ], [ -13.825644951840903, 28.624007075763629 ], [ -13.82639935694521, 28.620940122585836 ], [ -13.824020941941622, 28.619369794295853 ], [ -13.825188585073194, 28.61770428270599 ], [ -13.825023336027273, 28.613971134458971 ], [ -13.823381769978335, 28.610882665576188 ], [ -13.824543832879128, 28.610038306477655 ], [ -13.824540938548376, 28.608512464932058 ], [ -13.826670147505705, 28.608161595749863 ], [ -13.827252939359155, 28.606754469116773 ], [ -13.827103265459264, 28.603708379529799 ], [ -13.824855639132728, 28.598135404281411 ], [ -13.82516617479169, 28.596776548366957 ], [ -13.823247690770462, 28.596249018918559 ], [ -13.823660143585199, 28.594433784147331 ], [ -13.822734106802109, 28.593709902438139 ], [ -13.822558339636515, 28.591529952222196 ], [ -13.823701654767577, 28.588957457946002 ], [ -13.826586233956718, 28.587075692314947 ], [ -13.827969861740527, 28.585377531789646 ], [ -13.827412386429865, 28.583401185336978 ], [ -13.82855574802778, 28.582763971773424 ], [ -13.828301874554613, 28.579649688215834 ], [ -13.829232808730662, 28.578755364550553 ], [ -13.828971124176084, 28.576620957147902 ], [ -13.830229368974813, 28.575602587676666 ], [ -13.829742466246067, 28.571838370365679 ], [ -13.826553499464527, 28.568687452722479 ], [ -13.828564603806088, 28.56370899526847 ], [ -13.834263723331263, 28.564516676007031 ], [ -13.843323596984913, 28.566660531639325 ], [ -13.847759125260312, 28.567927554169788 ], [ -13.855177049474539, 28.568844543369536 ], [ -13.85741227431922, 28.568663186429927 ], [ -13.862442128738952, 28.569333360945727 ], [ -13.867928342040242, 28.570743784555738 ], [ -13.877105237554169, 28.57189072423623 ], [ -13.88041708223852, 28.572735178300057 ], [ -13.885629941710256, 28.572931182806506 ], [ -13.887240194363168, 28.572716589734025 ], [ -13.889650850716386, 28.570571247948628 ], [ -13.892316162563327, 28.571334946332314 ], [ -13.896746011032073, 28.56857708908753 ], [ -13.899979582261814, 28.569285352845995 ], [ -13.902329497038487, 28.569127730115145 ], [ -13.908073794539181, 28.570760848080887 ], [ -13.909805230663549, 28.572346063083991 ], [ -13.90986989034386, 28.575239807581749 ], [ -13.913770519145398, 28.574948658861221 ], [ -13.9175230086577, 28.57350421684659 ], [ -13.921032490399863, 28.574422858014714 ], [ -13.925896062188587, 28.573144653180968 ], [ -13.928167888046225, 28.572979306457931 ], [ -13.932034816854308, 28.571983008266653 ], [ -13.934848874151346, 28.569863025911545 ], [ -13.941883698472973, 28.569926222170835 ], [ -13.944234097684573, 28.571343278952398 ], [ -13.947715110957954, 28.571806152747442 ], [ -13.950621923397511, 28.573172084303856 ], [ -13.952562450116794, 28.573353990517674 ], [ -13.956468748558885, 28.572224935219104 ], [ -13.959391506337409, 28.571945865893952 ], [ -13.961758963334827, 28.572785633141201 ], [ -13.964760922673261, 28.571904153056838 ], [ -13.967881856725054, 28.570100550686146 ], [ -13.971113206841739, 28.570008242485443 ], [ -13.97426674689545, 28.568141329212658 ], [ -13.979326981791999, 28.567642016942671 ], [ -13.981802046938807, 28.566629442881077 ], [ -13.997218492539163, 28.565837482675615 ], [ -14.000555598433236, 28.566321314242167 ], [ -14.003664559783244, 28.565778491490533 ], [ -14.00726898392203, 28.567080134933935 ], [ -14.014406645738175, 28.568459686647721 ], [ -14.017769523577293, 28.567983282014367 ], [ -14.020635358680215, 28.56963463426349 ], [ -14.024211433717795, 28.568736802683333 ], [ -14.029577122722884, 28.570284895340329 ], [ -14.033516301610314, 28.573485789492576 ], [ -14.039944572208512, 28.57650950170644 ], [ -14.043585276506295, 28.577971082116015 ] ] ], [ [ [ -13.818414014916209, 28.73697992602758 ], [ -13.820538461707722, 28.735899035186858 ], [ -13.824804730339888, 28.739128497119705 ], [ -13.826661507229517, 28.738680545394928 ], [ -13.827863392650173, 28.739276776724974 ], [ -13.829907156995537, 28.738935311453119 ], [ -13.83180553657154, 28.739986850579818 ], [ -13.831249180299119, 28.744525276995542 ], [ -13.834416239304851, 28.749766384955404 ], [ -13.83570525540541, 28.750695783289647 ], [ -13.835886946196464, 28.752461296908042 ], [ -13.834114992104759, 28.754207523455097 ], [ -13.832929909158436, 28.753272734849492 ], [ -13.831178160321734, 28.75560568498047 ], [ -13.827453037896435, 28.756405787600457 ], [ -13.824715855803699, 28.758352892705357 ], [ -13.822921598438265, 28.761430809169966 ], [ -13.820814590196335, 28.760350426519611 ], [ -13.818482490994763, 28.761703173949353 ], [ -13.818155718249946, 28.764360706466508 ], [ -13.815087771080549, 28.766113079720867 ], [ -13.812720464627654, 28.766208460316193 ], [ -13.812793367680836, 28.762499232266013 ], [ -13.812481965815762, 28.757094283620273 ], [ -13.810812161422735, 28.756028401841672 ], [ -13.811027762804397, 28.753368844206758 ], [ -13.813257241052803, 28.74738725074365 ], [ -13.813222949211832, 28.746032537883803 ], [ -13.814426896586378, 28.745009178473566 ], [ -13.814367550143514, 28.739463831183414 ], [ -13.815558461901029, 28.736581372435484 ], [ -13.817817192588899, 28.736014499645162 ], [ -13.818414014916209, 28.73697992602758 ] ] ] ] } },
{ "type": "Feature", "properties": { "geocode": "35015", "geopadre": "ES704A03", "etiqueta": "Pájara", "notas": "Ayuntamiento De Pájara", "granularidad": "MUNICIPIOS", "gcd_provincia": "ES701", "gcd_isla": "ES704", "gcd_grancomarca": "ES704A0", "gcd_comarca": "ES704A03", "ign_sup": 38493.8, "ign_perim": 171470.0, "utm_x": 580784.79, "utm_y": 3122413.57, "longitud": -14.176668, "latitud": 28.225107, "utm_x_capi": 587455.71, "utm_y_capi": 3136393.22, "long_capi": -14.107635, "lati_capi": 28.350859 }, "geometry": { "type": "MultiPolygon", "coordinates": [ [ [ [ -14.062711412139302, 28.375607072369213 ], [ -14.064558449836323, 28.366056634284934 ], [ -14.06390165841372, 28.35902343318244 ], [ -14.061859540956915, 28.356483698777978 ], [ -14.059213014292647, 28.356028754441692 ], [ -14.058226548772739, 28.351843809301148 ], [ -14.061616645743159, 28.350048937208534 ], [ -14.06366284386322, 28.345914872240233 ], [ -14.066413402857105, 28.344766640522995 ], [ -14.068791292716361, 28.34264875551553 ], [ -14.071813853073461, 28.341422181015137 ], [ -14.073686861287088, 28.340084756869953 ], [ -14.074736120915295, 28.336340859978058 ], [ -14.075974922383335, 28.334053928346592 ], [ -14.079324611528929, 28.332537686440336 ], [ -14.081000255703501, 28.330771315274156 ], [ -14.08385407892926, 28.329245868077852 ], [ -14.085878160487299, 28.327324545196895 ], [ -14.09288706765865, 28.326163139800837 ], [ -14.094715587955285, 28.32621839247453 ], [ -14.096454357190485, 28.32395390363947 ], [ -14.098603597454169, 28.322821077533483 ], [ -14.100844699713829, 28.320200547114329 ], [ -14.103503828169968, 28.320402593780635 ], [ -14.105752541311411, 28.320024910459697 ], [ -14.108424184681963, 28.317328650735202 ], [ -14.111476066851647, 28.312203132477297 ], [ -14.11164920559213, 28.310176341766496 ], [ -14.113613888990425, 28.308590006783135 ], [ -14.114879264185156, 28.309028762474821 ], [ -14.117662439278705, 28.308535465833256 ], [ -14.12070216532269, 28.306221888412029 ], [ -14.121634522284259, 28.304649759877886 ], [ -14.123544081936657, 28.302983264841039 ], [ -14.12734770133406, 28.301528042860635 ], [ -14.127986038178857, 28.298117690951312 ], [ -14.129214160417202, 28.29724346700884 ], [ -14.131421417325619, 28.294497516756334 ], [ -14.134799006116884, 28.292086403527211 ], [ -14.140369377790091, 28.290382521770489 ], [ -14.146253485443156, 28.292664035359117 ], [ -14.147587236080311, 28.292261151617652 ], [ -14.15277679917561, 28.289283965251382 ], [ -14.154026764031103, 28.28981363833871 ], [ -14.159787188415438, 28.28808136366316 ], [ -14.158154005803461, 28.282878305125983 ], [ -14.158467397061321, 28.281026731185033 ], [ -14.157306343366523, 28.279176096354828 ], [ -14.154827712337465, 28.278442156679766 ], [ -14.152438777332279, 28.278909364247717 ], [ -14.147893621227272, 28.277293610003404 ], [ -14.145849487275152, 28.275337835414152 ], [ -14.144662594145874, 28.271689366894815 ], [ -14.142489291332476, 28.269115438186915 ], [ -14.142144114341253, 28.26716197517856 ], [ -14.139950461267533, 28.26654573754028 ], [ -14.139874273416874, 28.265080294180297 ], [ -14.13822248230729, 28.261642558335961 ], [ -14.1381364447493, 28.260231419025821 ], [ -14.139222162981936, 28.258846437731581 ], [ -14.139144795361313, 28.257498940248158 ], [ -14.141137893689933, 28.256519787683931 ], [ -14.141613058515487, 28.255053508185703 ], [ -14.143123816610824, 28.253627476026811 ], [ -14.143008052011504, 28.249229573143051 ], [ -14.140820613295331, 28.245861990023041 ], [ -14.14085066216413, 28.244709748209242 ], [ -14.139249158897487, 28.242169961352673 ], [ -14.139359677657666, 28.240068640089191 ], [ -14.138570077314034, 28.23611453812903 ], [ -14.139070485685666, 28.232022438067109 ], [ -14.139677772483829, 28.230371336846471 ], [ -14.139000755615857, 28.227868613013531 ], [ -14.135725943001995, 28.222565573299246 ], [ -14.137381832849908, 28.219451924239173 ], [ -14.138839555300864, 28.217674467546956 ], [ -14.139744631678424, 28.212987095640951 ], [ -14.138496547266136, 28.211167976565623 ], [ -14.138940304219515, 28.209337553498958 ], [ -14.137937435119085, 28.202965634911777 ], [ -14.133367541214254, 28.199314145428872 ], [ -14.132313797278895, 28.197723786127167 ], [ -14.12900375974478, 28.196169552543768 ], [ -14.126959039686062, 28.194310255105055 ], [ -14.12688430804973, 28.191607148226566 ], [ -14.127376459316295, 28.188951660813487 ], [ -14.128133866080884, 28.187418979779338 ], [ -14.131543025235853, 28.188338071366832 ], [ -14.133726760831832, 28.187261789878452 ], [ -14.136077145046551, 28.187570184450223 ], [ -14.138134743742871, 28.186335866333081 ], [ -14.13926831888897, 28.183841804400711 ], [ -14.142697991705335, 28.183243872431323 ], [ -14.144135718969608, 28.181881427442949 ], [ -14.145140201721773, 28.182607593363052 ], [ -14.147576692971466, 28.181336220252934 ], [ -14.149213026144567, 28.183126271348943 ], [ -14.153000851382144, 28.182140143397714 ], [ -14.156278055364373, 28.179705230604281 ], [ -14.158744475325092, 28.175901665606634 ], [ -14.162244373587138, 28.177463897422651 ], [ -14.164800713265819, 28.176697167044114 ], [ -14.16596159932118, 28.175342951833642 ], [ -14.169704929514236, 28.174028013385673 ], [ -14.17147295908215, 28.175263777416493 ], [ -14.175550876687856, 28.174914655977801 ], [ -14.177033411444768, 28.173750249223851 ], [ -14.180839075223174, 28.173732899852364 ], [ -14.182785742425818, 28.17504602509452 ], [ -14.185048246756319, 28.17470036050867 ], [ -14.188833086933647, 28.172739697570897 ], [ -14.191307876225764, 28.174305496258633 ], [ -14.198325048054963, 28.173860613676929 ], [ -14.20060465992394, 28.173012994423907 ], [ -14.203585648665699, 28.170570682812897 ], [ -14.205877407006332, 28.167265744346196 ], [ -14.207826036252641, 28.166802835184814 ], [ -14.214054463029688, 28.164152220913031 ], [ -14.216442149658315, 28.165510053600304 ], [ -14.218002920691102, 28.165577556554837 ], [ -14.223365116268811, 28.161794167580478 ], [ -14.225767656966582, 28.157907336246332 ], [ -14.229864266562073, 28.149937962273359 ], [ -14.233428935391199, 28.146773973155895 ], [ -14.233992110447998, 28.145415253290437 ], [ -14.236161148344662, 28.144015917077425 ], [ -14.238572693831182, 28.13822546277359 ], [ -14.242450239208059, 28.131581615349479 ], [ -14.245817001728049, 28.128821558740277 ], [ -14.250130610801996, 28.119743374789358 ], [ -14.253106675132411, 28.115370948330142 ], [ -14.254897700498168, 28.114384747200187 ], [ -14.257937714339173, 28.111717072265584 ], [ -14.262896149608174, 28.111044223966719 ], [ -14.264865140367467, 28.110080808288465 ], [ -14.266935940557904, 28.108139680052769 ], [ -14.270645310193251, 28.103111789292978 ], [ -14.273000763095091, 28.098656942714825 ], [ -14.275870705626698, 28.095738956410628 ], [ -14.280881297085619, 28.092575043202764 ], [ -14.282704653620867, 28.090540952267293 ], [ -14.286200111457349, 28.084181448087786 ], [ -14.289062022159056, 28.08334625170491 ], [ -14.293096182129377, 28.080577972534151 ], [ -14.295385718972717, 28.077657378555973 ], [ -14.296796502419065, 28.077247846310467 ], [ -14.300788618755847, 28.074616758586085 ], [ -14.303475236829959, 28.071576552855298 ], [ -14.305567137322708, 28.068288683842503 ], [ -14.31048554064888, 28.062885192822769 ], [ -14.312625385114858, 28.060954472969051 ], [ -14.315054674657786, 28.057079567430975 ], [ -14.317989152222008, 28.055248694911569 ], [ -14.319286837958616, 28.053006983391189 ], [ -14.322752486861148, 28.049043248486605 ], [ -14.324970462732098, 28.048668991112759 ], [ -14.331409711027446, 28.044218981469047 ], [ -14.337086244303503, 28.044387839226562 ], [ -14.349069949399119, 28.048849826045817 ], [ -14.352174855372461, 28.0494721896182 ], [ -14.35382757336275, 28.049058671783349 ], [ -14.358474553033586, 28.049518353020474 ], [ -14.360766314707526, 28.050971152292515 ], [ -14.366063710189215, 28.053443131296959 ], [ -14.369160777008283, 28.054406303456901 ], [ -14.371076822267554, 28.054399150773982 ], [ -14.372423450582509, 28.053283283298121 ], [ -14.375415022487376, 28.05309498104679 ], [ -14.377972503244937, 28.051956477250489 ], [ -14.383051647991408, 28.052858477454379 ], [ -14.386136403711832, 28.05499983285414 ], [ -14.38841154890472, 28.055703722867676 ], [ -14.390731173103706, 28.055512083972182 ], [ -14.393310411452742, 28.056601094690254 ], [ -14.39586678871153, 28.056961690311955 ], [ -14.399935871774309, 28.058390344863462 ], [ -14.406487131071971, 28.058248787484306 ], [ -14.409420590317394, 28.058543853235768 ], [ -14.413865406363811, 28.060541535296306 ], [ -14.420245199721053, 28.062368353911953 ], [ -14.424305160209659, 28.064471071483148 ], [ -14.429722634918791, 28.065210585089837 ], [ -14.434273352548969, 28.068178151758261 ], [ -14.437783188764186, 28.067812770703473 ], [ -14.43832713306505, 28.068697518509875 ], [ -14.442204994669202, 28.070259604544056 ], [ -14.443096197251471, 28.069816108384071 ], [ -14.445048548418134, 28.071061278331964 ], [ -14.448586526530908, 28.07225407022084 ], [ -14.450017934134481, 28.072231558577002 ], [ -14.452304649166079, 28.073503204886542 ], [ -14.455983327580336, 28.073704367667368 ], [ -14.457741570269443, 28.073403514292433 ], [ -14.460764604635393, 28.074760569560592 ], [ -14.462468145294666, 28.074899957253535 ], [ -14.464871162864881, 28.076086952449348 ], [ -14.47076349951293, 28.076462835756754 ], [ -14.477369556515093, 28.077788559152108 ], [ -14.481569401898259, 28.07755957658506 ], [ -14.482831992173914, 28.0763188952271 ], [ -14.486824548855978, 28.075995071107652 ], [ -14.488691648341849, 28.074776236377147 ], [ -14.491641555020546, 28.074062316555967 ], [ -14.492824347280136, 28.074519369162573 ], [ -14.497745967160546, 28.073523102086899 ], [ -14.499678066256944, 28.072508607865775 ], [ -14.503152352240027, 28.071628456057425 ], [ -14.50409666591665, 28.070658162910725 ], [ -14.504653409759154, 28.068210962847196 ], [ -14.507040907543816, 28.065350624946117 ], [ -14.509843192298629, 28.067976789603208 ], [ -14.50944547288225, 28.068969451683696 ], [ -14.506982850613889, 28.069874380316875 ], [ -14.50593070746471, 28.072754548384069 ], [ -14.502211021978397, 28.074528736935438 ], [ -14.502344563642684, 28.07808302715565 ], [ -14.50172405819019, 28.07999477105999 ], [ -14.500037255465875, 28.081176210332085 ], [ -14.495413358098363, 28.083170492204015 ], [ -14.493503789910772, 28.082975930811802 ], [ -14.492413683779599, 28.084361436484272 ], [ -14.492006057797191, 28.086808245322331 ], [ -14.493321763225364, 28.090195692048116 ], [ -14.4922643923528, 28.094080704611848 ], [ -14.492851014185165, 28.095888386600116 ], [ -14.497304632448206, 28.098769163622535 ], [ -14.499393106728814, 28.101313696294472 ], [ -14.497646632188507, 28.102224234857761 ], [ -14.496738653960664, 28.103671206170464 ], [ -14.494330610031151, 28.103315362304652 ], [ -14.493590000452862, 28.105913938791534 ], [ -14.491474843087136, 28.109306350914313 ], [ -14.489934687190978, 28.11012258972465 ], [ -14.489185507128548, 28.108895313245146 ], [ -14.486734843819713, 28.108656039593679 ], [ -14.486266372970078, 28.107147407382914 ], [ -14.4870763252164, 28.105937225133129 ], [ -14.484560417485726, 28.103964087604847 ], [ -14.482671121273381, 28.103195831029414 ], [ -14.481917306318948, 28.100641967901932 ], [ -14.480338454616858, 28.100013948085408 ], [ -14.476941968010376, 28.101752168924484 ], [ -14.476296541561309, 28.103634262867654 ], [ -14.47438434321878, 28.104786008679536 ], [ -14.471526893562274, 28.102565286532506 ], [ -14.470280437788094, 28.103890472628891 ], [ -14.467167951045171, 28.10386143728164 ], [ -14.466764818358524, 28.10217905385311 ], [ -14.464712033676159, 28.101627645451561 ], [ -14.460533612859402, 28.101651888261021 ], [ -14.459067267737943, 28.1035209000738 ], [ -14.457199087688096, 28.103923279436053 ], [ -14.456414976286059, 28.105437357781202 ], [ -14.455123970732496, 28.105240629549808 ], [ -14.452219997375998, 28.103004628429453 ], [ -14.450783006076948, 28.100241082360192 ], [ -14.446212171785175, 28.101730193561409 ], [ -14.444357223825671, 28.100713265073015 ], [ -14.440871473588123, 28.100683141501897 ], [ -14.438198995937267, 28.101484744423846 ], [ -14.433138174183181, 28.101839822528394 ], [ -14.423975302862749, 28.103456733518616 ], [ -14.419800114124849, 28.105099291504555 ], [ -14.415089174687745, 28.106429399181959 ], [ -14.407288715015762, 28.10783640368739 ], [ -14.399937986727226, 28.109626027129927 ], [ -14.395288163931763, 28.11054438888042 ], [ -14.392048578339152, 28.111534792264784 ], [ -14.38720055642071, 28.112482609112064 ], [ -14.382718017132525, 28.113978421017748 ], [ -14.379552895719513, 28.11468211447492 ], [ -14.377788466872149, 28.115632446052402 ], [ -14.368017602508182, 28.118986807788954 ], [ -14.360247943546666, 28.122583476446017 ], [ -14.358209991567872, 28.123811582651868 ], [ -14.357199228165847, 28.126150677904317 ], [ -14.355665138114544, 28.125816786760357 ], [ -14.350395605877234, 28.1276003939033 ], [ -14.344942299148913, 28.129928750196839 ], [ -14.341055451838072, 28.131151115204705 ], [ -14.336845127655614, 28.132892450968153 ], [ -14.330985596438699, 28.135906135590716 ], [ -14.322183075653266, 28.140743845714816 ], [ -14.321442201336623, 28.141446171099602 ], [ -14.314848924590116, 28.144891272681321 ], [ -14.310296072858526, 28.147758334287872 ], [ -14.307996892379633, 28.14866970742667 ], [ -14.306218960369852, 28.151198392188274 ], [ -14.303018422754871, 28.152685962681719 ], [ -14.300884033275635, 28.156599010060322 ], [ -14.298024435667497, 28.159634641698723 ], [ -14.29583216571872, 28.15976548813558 ], [ -14.291363097645297, 28.162848718507277 ], [ -14.289507309332246, 28.163173426571714 ], [ -14.287886941784919, 28.165028301844256 ], [ -14.286422012063937, 28.165160482690514 ], [ -14.285591243097317, 28.166648019615369 ], [ -14.28238865876739, 28.167834452373864 ], [ -14.280632937207745, 28.169802544506666 ], [ -14.276255300892318, 28.172717182498197 ], [ -14.274631468208593, 28.173341071180172 ], [ -14.27257712700132, 28.175196030037686 ], [ -14.266497563473038, 28.179573163066113 ], [ -14.263994970898315, 28.182324792852178 ], [ -14.259187813065166, 28.185863005424718 ], [ -14.253146570291486, 28.189018907371313 ], [ -14.251612675263472, 28.1905630541332 ], [ -14.247098486543537, 28.193532543058254 ], [ -14.245682222198202, 28.194794734567154 ], [ -14.244099326810677, 28.197941205028027 ], [ -14.242808088892698, 28.198805819840356 ], [ -14.242046201025282, 28.201526713011983 ], [ -14.240260255176397, 28.201851524636442 ], [ -14.234220220854553, 28.206313185619102 ], [ -14.230922287047168, 28.209987305674129 ], [ -14.228679898156351, 28.210484494142683 ], [ -14.222604534784699, 28.215255720724404 ], [ -14.222976981929552, 28.216349805615121 ], [ -14.221428557397127, 28.217252638107656 ], [ -14.220315912586683, 28.219680110228637 ], [ -14.218932447120055, 28.220943055313061 ], [ -14.218153464704995, 28.22291483900511 ], [ -14.214992640764201, 28.226333830057577 ], [ -14.213890345725146, 28.230284979709008 ], [ -14.214170447829488, 28.232647241184431 ], [ -14.212921185387792, 28.23378372528245 ], [ -14.213807179101156, 28.235594107052378 ], [ -14.212704438527057, 28.236888356420742 ], [ -14.21378036624167, 28.24248201944328 ], [ -14.212360063166711, 28.243695021962129 ], [ -14.213676777783878, 28.246668935626733 ], [ -14.211303468350359, 28.250757832681142 ], [ -14.20974198660125, 28.25641197754986 ], [ -14.208321684702234, 28.25990834241578 ], [ -14.208830080603081, 28.261497355708386 ], [ -14.210473352962934, 28.263678132883232 ], [ -14.211917437215211, 28.264414878127205 ], [ -14.210995310081307, 28.267554397734973 ], [ -14.209090809601941, 28.268681823261623 ], [ -14.208305847215675, 28.270611693609009 ], [ -14.208873970454846, 28.274710289480009 ], [ -14.211627010698567, 28.282848145844124 ], [ -14.211578585315358, 28.285474174798448 ], [ -14.214002962397529, 28.28822298112938 ], [ -14.212137727727029, 28.289001190185175 ], [ -14.211276406755836, 28.290285988817963 ], [ -14.212175213823707, 28.292976082228012 ], [ -14.209977715837796, 28.296860314767635 ], [ -14.209923627370273, 28.299310767484922 ], [ -14.206708856652586, 28.301009458688554 ], [ -14.207801710837428, 28.305851915694028 ], [ -14.208995409387173, 28.307628276652981 ], [ -14.209908026726726, 28.310309424130597 ], [ -14.208195749329048, 28.314149500616949 ], [ -14.206729920691547, 28.315286773999169 ], [ -14.204343706313292, 28.321110805510472 ], [ -14.204722079479891, 28.325301048252562 ], [ -14.203755397477863, 28.328537751313391 ], [ -14.201533876214283, 28.329407432066091 ], [ -14.200211001810674, 28.332446708521211 ], [ -14.198302626783084, 28.334123024101839 ], [ -14.196844877198403, 28.33404412587355 ], [ -14.194992021368142, 28.335230444526939 ], [ -14.192744608863906, 28.33558908701573 ], [ -14.190862098120638, 28.337514295838364 ], [ -14.188347711578224, 28.33849805282561 ], [ -14.187084248792326, 28.340370717790563 ], [ -14.185215492965398, 28.340496976570758 ], [ -14.182620015070182, 28.342764661488875 ], [ -14.178230531380954, 28.345519155454753 ], [ -14.176291194974448, 28.347987286497673 ], [ -14.177508856128902, 28.349392821590708 ], [ -14.173345042733125, 28.353373715157336 ], [ -14.173533023915409, 28.355795016030019 ], [ -14.171795806670179, 28.355440158571362 ], [ -14.171762386433167, 28.358103916242111 ], [ -14.171138114704865, 28.361753238340107 ], [ -14.167325679896759, 28.36321436438482 ], [ -14.165120406131587, 28.3650844839127 ], [ -14.162193424383101, 28.368716043026684 ], [ -14.161888749259816, 28.372868152211442 ], [ -14.16337201445962, 28.375612721064435 ], [ -14.161863530912678, 28.377732912459305 ], [ -14.162078654745963, 28.382232500548678 ], [ -14.162507994750023, 28.38300618990468 ], [ -14.161790001371324, 28.38850709639371 ], [ -14.162674612174067, 28.389599079333081 ], [ -14.161406320784652, 28.392315003732254 ], [ -14.158925245136421, 28.391976535310768 ], [ -14.156827940862238, 28.393275987827206 ], [ -14.155502124140218, 28.394973292871406 ], [ -14.155436016358681, 28.396975939807984 ], [ -14.156718181884454, 28.397481074376678 ], [ -14.156552372632683, 28.399041631273182 ], [ -14.157701557341815, 28.400036238396812 ], [ -14.156050015227509, 28.403663640427848 ], [ -14.15487210364229, 28.405253839157862 ], [ -14.149733916498667, 28.406089538278607 ], [ -14.142340299655494, 28.405341657502692 ], [ -14.138157509819534, 28.404209842209198 ], [ -14.132313498058753, 28.402075820134332 ], [ -14.128507383117935, 28.399270164571714 ], [ -14.127790032409715, 28.398276051706283 ], [ -14.129698636813513, 28.39554980852472 ], [ -14.127244583459822, 28.393169019881661 ], [ -14.124248059041532, 28.392436623120812 ], [ -14.122765494110959, 28.388395399612239 ], [ -14.117900765908196, 28.388203534526014 ], [ -14.115346939150275, 28.387349627359157 ], [ -14.111575549710116, 28.388313756763157 ], [ -14.106418565954996, 28.387273182246467 ], [ -14.102675456701599, 28.388169805890165 ], [ -14.099694779525571, 28.383695212625856 ], [ -14.095734916693083, 28.379927789730427 ], [ -14.092961947858488, 28.378368459683504 ], [ -14.089901400833057, 28.375413919355779 ], [ -14.086778696374742, 28.376909364039658 ], [ -14.084942395843807, 28.378258944364827 ], [ -14.083543290081918, 28.380724769222677 ], [ -14.081021803882749, 28.380069350061721 ], [ -14.078114160812603, 28.380233090697821 ], [ -14.076871414731084, 28.379209236762925 ], [ -14.074292870065779, 28.380284485595361 ], [ -14.069173662903525, 28.378906042396729 ], [ -14.068311542321323, 28.378198008191095 ], [ -14.064157395617201, 28.377509890083573 ], [ -14.062711412139302, 28.375607072369213 ] ] ] ] } },
{ "type": "Feature", "properties": { "geocode": "35016", "geopadre": "ES705A10", "etiqueta": "Las Palmas de Gran Canaria", "notas": "Ayuntamiento de Las Palmas de Gran Canaria", "granularidad": "MUNICIPIOS", "gcd_provincia": "ES701", "gcd_isla": "ES705", "gcd_grancomarca": "ES705A1", "gcd_comarca": "ES705A10", "ign_sup": 10331.6, "ign_perim": 108650.0, "utm_x": 454953.61, "utm_y": 3108668.75, "longitud": -15.458582, "latitud": 28.102743, "utm_x_capi": 457914.09, "utm_y_capi": 3111130.03, "long_capi": -15.428533, "lati_capi": 28.125058 }, "geometry": { "type": "MultiPolygon", "coordinates": [ [ [ [ -15.394924312914398, 28.031298631477831 ], [ -15.397180340205439, 28.029729681755047 ], [ -15.398673382116426, 28.030075673833611 ], [ -15.401681293614345, 28.028506591235779 ], [ -15.406706835468817, 28.028941684217141 ], [ -15.410249077219422, 28.030782130319931 ], [ -15.413506296461469, 28.030594793618395 ], [ -15.415917572022606, 28.032309953823237 ], [ -15.416818607635051, 28.034530259720231 ], [ -15.416744726782634, 28.036867198069224 ], [ -15.417823092788401, 28.038105295091487 ], [ -15.420839037169818, 28.038825190679919 ], [ -15.423957959504232, 28.038280220771643 ], [ -15.427351886138112, 28.036762683297315 ], [ -15.42957210530767, 28.035122899459097 ], [ -15.43143816995835, 28.034670354586378 ], [ -15.43409807803565, 28.035018438183716 ], [ -15.437427795896241, 28.033140927103165 ], [ -15.43929612629503, 28.033408342797369 ], [ -15.441165063527157, 28.031442569871853 ], [ -15.443448534076291, 28.030539549556437 ], [ -15.444842190690828, 28.027418345739516 ], [ -15.449462840701159, 28.024985777884652 ], [ -15.452603546418878, 28.025251446051701 ], [ -15.455337934636745, 28.024463337413245 ], [ -15.456528807031001, 28.02513174302079 ], [ -15.456115669247385, 28.028150577139773 ], [ -15.452910844633859, 28.028325326887856 ], [ -15.450819301911313, 28.030692078955731 ], [ -15.451423948535792, 28.032972884357761 ], [ -15.452646580952779, 28.034421357406622 ], [ -15.455931075414179, 28.036542370468425 ], [ -15.459947476688441, 28.03563685331531 ], [ -15.461869324976693, 28.037962534826317 ], [ -15.462146234260842, 28.039379983758067 ], [ -15.464026751583145, 28.039757791731539 ], [ -15.468193268831289, 28.043147763720704 ], [ -15.46951396620997, 28.045546938485359 ], [ -15.470045439993589, 28.04819561148657 ], [ -15.472127706136448, 28.049622264449624 ], [ -15.474217907467105, 28.051947510136305 ], [ -15.477564697593214, 28.056749352165063 ], [ -15.479818229410061, 28.05562658373373 ], [ -15.485020119580968, 28.054459518083501 ], [ -15.487352209547332, 28.051858197724741 ], [ -15.488426231314282, 28.052558654041611 ], [ -15.493832929274216, 28.051340454615769 ], [ -15.497217949925068, 28.051563602618227 ], [ -15.499712775153395, 28.050317581261034 ], [ -15.507008303989, 28.04826943587069 ], [ -15.509874689612452, 28.047654220772607 ], [ -15.510448287795066, 28.049526824236189 ], [ -15.513136941341232, 28.050075875816116 ], [ -15.515694579435683, 28.049011135519045 ], [ -15.516015131669249, 28.050061841904025 ], [ -15.519259264059322, 28.049826854413197 ], [ -15.520677158896587, 28.050697224610353 ], [ -15.523851277188598, 28.050005256700178 ], [ -15.527142341359246, 28.052762518669596 ], [ -15.526094358004725, 28.054604988921987 ], [ -15.524916124599162, 28.054890810259476 ], [ -15.522224492792214, 28.056854761435446 ], [ -15.520762982312659, 28.059143044743049 ], [ -15.521847837812658, 28.059920536709242 ], [ -15.521837288070147, 28.062297461777927 ], [ -15.517551205912465, 28.067693564077555 ], [ -15.516595874781325, 28.070215009651147 ], [ -15.513415327127673, 28.072174598905729 ], [ -15.511203820854407, 28.075335469086358 ], [ -15.508836982422038, 28.077850013951952 ], [ -15.50671859160523, 28.079007493637977 ], [ -15.508701019677293, 28.080854836860578 ], [ -15.509986146186847, 28.080441695165586 ], [ -15.512996521468336, 28.083685779215816 ], [ -15.513021771360441, 28.087378071689852 ], [ -15.510014281465455, 28.08999118385864 ], [ -15.508178689493072, 28.092353855550733 ], [ -15.507069745284742, 28.095300608276865 ], [ -15.505324081181589, 28.097242143724944 ], [ -15.505651420830395, 28.098444449567946 ], [ -15.504502878112401, 28.100374429073437 ], [ -15.505425040628781, 28.102590648339898 ], [ -15.504241703336454, 28.105340934057097 ], [ -15.501653647045698, 28.104610357467006 ], [ -15.499546793150529, 28.104684593721384 ], [ -15.499266182396443, 28.10627610380784 ], [ -15.500246100660844, 28.107749489024059 ], [ -15.499873836546353, 28.11107363465371 ], [ -15.498773307486143, 28.112829882670368 ], [ -15.497135862757839, 28.11367526336274 ], [ -15.497060181205125, 28.118034762599418 ], [ -15.496234705215519, 28.12164148262837 ], [ -15.494267313139595, 28.121791693390254 ], [ -15.492323768737423, 28.122926404906384 ], [ -15.491866144124586, 28.125245012280178 ], [ -15.489990782846435, 28.12645992152429 ], [ -15.487018971629281, 28.129946679888114 ], [ -15.486341323756486, 28.13274278917023 ], [ -15.484697992425657, 28.135190308586761 ], [ -15.483060339957854, 28.136348693391675 ], [ -15.482005320039317, 28.135760700804184 ], [ -15.480085921897663, 28.136659109526224 ], [ -15.477606689457442, 28.135731559936808 ], [ -15.47719605285827, 28.134380311578273 ], [ -15.475412945839691, 28.133745874431416 ], [ -15.475417073509204, 28.132627710054361 ], [ -15.47229743641218, 28.131426797790784 ], [ -15.470452279316211, 28.127636856163402 ], [ -15.468728781941058, 28.126380682414677 ], [ -15.465847039997252, 28.126347365179608 ], [ -15.461598265814075, 28.128259232298252 ], [ -15.458725071805292, 28.127595392867118 ], [ -15.456532223781647, 28.128103159181983 ], [ -15.453677915428743, 28.127991538203698 ], [ -15.45213527376626, 28.128956066411831 ], [ -15.451108879098056, 28.130789431365915 ], [ -15.447820648819679, 28.130592349055767 ], [ -15.444899606959376, 28.13159070232858 ], [ -15.441477542573811, 28.134420583090222 ], [ -15.440888038386953, 28.135511656764375 ], [ -15.437581885052312, 28.137684409770763 ], [ -15.436046311087514, 28.140771255196739 ], [ -15.43155816452761, 28.145560284525001 ], [ -15.431196931832238, 28.146938340351863 ], [ -15.431939501601315, 28.148400878617601 ], [ -15.433385353001423, 28.148200500415946 ], [ -15.43154091355421, 28.151444264230587 ], [ -15.433274574069021, 28.153786197696348 ], [ -15.432889994225519, 28.15699258512862 ], [ -15.435074267432164, 28.157868302272419 ], [ -15.436580447949694, 28.159589046637539 ], [ -15.43966154655476, 28.161926665616942 ], [ -15.441362767300086, 28.162242896555739 ], [ -15.441777110821038, 28.165833918651611 ], [ -15.439428216591894, 28.169275968360779 ], [ -15.436755669922768, 28.169569352934833 ], [ -15.435244669024508, 28.171078058474759 ], [ -15.433411211369952, 28.170480107028826 ], [ -15.430919934853099, 28.172656507690601 ], [ -15.428583981546694, 28.175968099763441 ], [ -15.426088643915309, 28.175698227783037 ], [ -15.424686143477016, 28.177025995304191 ], [ -15.422510048550878, 28.180521001794173 ], [ -15.418956768304291, 28.180840496817595 ], [ -15.418881065289105, 28.178918895853169 ], [ -15.413974307135511, 28.17941167722028 ], [ -15.411824001074729, 28.178150103243386 ], [ -15.409535838447274, 28.178615290503831 ], [ -15.407410516117237, 28.178313035848344 ], [ -15.406819955596658, 28.176656317714851 ], [ -15.404679504925445, 28.175383533681664 ], [ -15.40340791981091, 28.172833310517543 ], [ -15.405491507348117, 28.169301213664887 ], [ -15.404848596813636, 28.165873984508387 ], [ -15.398895854935102, 28.164816601411236 ], [ -15.398285513988892, 28.161471817671881 ], [ -15.403367258599021, 28.162233026187103 ], [ -15.405024142429388, 28.161907337025823 ], [ -15.405304513187744, 28.154221871848257 ], [ -15.405649797714256, 28.1514568350498 ], [ -15.406789508116294, 28.149975209886222 ], [ -15.4071846052098, 28.133045489618738 ], [ -15.407924085286004, 28.137110004939927 ], [ -15.407807288176572, 28.143657340518629 ], [ -15.407252727344366, 28.143637401552915 ], [ -15.407313881744821, 28.153987656828932 ], [ -15.40689487159697, 28.158286775308348 ], [ -15.408503900865124, 28.156980921625795 ], [ -15.408596781384492, 28.154395276880852 ], [ -15.410268748092312, 28.154420448356674 ], [ -15.410339252347633, 28.150819287843252 ], [ -15.412320557234716, 28.150840807066324 ], [ -15.41559889848166, 28.147568830285145 ], [ -15.415564927301343, 28.147060651658478 ], [ -15.411691343805611, 28.144054581288248 ], [ -15.411844259831691, 28.140559398731341 ], [ -15.414956143085766, 28.142981925012513 ], [ -15.415415613737421, 28.139542914910681 ], [ -15.411821310552344, 28.137066834394144 ], [ -15.412125912372584, 28.12863425045634 ], [ -15.417519031556312, 28.12879933727967 ], [ -15.417273705479381, 28.146272964811445 ], [ -15.420168505620877, 28.146659247652398 ], [ -15.420255777977642, 28.141702865411755 ], [ -15.421275051411916, 28.14170973782581 ], [ -15.421190284895475, 28.146680284986626 ], [ -15.424130815828731, 28.146730359649997 ], [ -15.424217943279716, 28.142869138065137 ], [ -15.425226932191231, 28.142870957728331 ], [ -15.4251571060763, 28.146740620366696 ], [ -15.427700981038271, 28.146783502187873 ], [ -15.427519535534298, 28.143096729567802 ], [ -15.425839750340025, 28.141557950462019 ], [ -15.427621743100298, 28.140808228982653 ], [ -15.428827438131508, 28.137759833322676 ], [ -15.428716256390317, 28.136330055402166 ], [ -15.425671883576024, 28.136434408690132 ], [ -15.424828482369158, 28.13453186316735 ], [ -15.426914407291502, 28.133946824858054 ], [ -15.428368405089017, 28.13270953689862 ], [ -15.428826563123042, 28.130368093665759 ], [ -15.427421785262943, 28.126410653290304 ], [ -15.424003063409414, 28.12168169931196 ], [ -15.421212301265482, 28.119540006148256 ], [ -15.414464081335126, 28.110668429160192 ], [ -15.414741643053196, 28.109477503793542 ], [ -15.411932671012767, 28.103727331361998 ], [ -15.411193630334305, 28.09792011038288 ], [ -15.412526958552297, 28.092823032781904 ], [ -15.412309455675418, 28.090978567473304 ], [ -15.415587162893123, 28.087616719438504 ], [ -15.41644203098407, 28.083831025899801 ], [ -15.415806463732631, 28.080916338465126 ], [ -15.413983541500837, 28.076937891254627 ], [ -15.414373047904245, 28.074183921162607 ], [ -15.416237611296246, 28.072102162292122 ], [ -15.417272281989101, 28.069724007819978 ], [ -15.417042921936355, 28.067346441120904 ], [ -15.419307444777351, 28.063074940188454 ], [ -15.419745750440924, 28.060758032940292 ], [ -15.418907419480558, 28.058454101123381 ], [ -15.416993047652172, 28.055445232702354 ], [ -15.414521770981976, 28.054391318381089 ], [ -15.413596629892485, 28.05338670218519 ], [ -15.413281864824908, 28.05139172261789 ], [ -15.414573649650706, 28.049248361575096 ], [ -15.416068028577778, 28.047948814729942 ], [ -15.415221491529874, 28.04597780824794 ], [ -15.410103717826793, 28.042353778830432 ], [ -15.40703834631638, 28.039830754532787 ], [ -15.405700191803414, 28.037313474672114 ], [ -15.401253976432878, 28.034616292102889 ], [ -15.399668775848397, 28.034265993111767 ], [ -15.397065436731632, 28.03216147266896 ], [ -15.394924312914398, 28.031298631477831 ] ] ] ] } },
{ "type": "Feature", "properties": { "geocode": "35017", "geopadre": "ES704A02", "etiqueta": "Puerto del Rosario", "notas": "Ayuntamiento de Puerto del Rosario", "granularidad": "MUNICIPIOS", "gcd_provincia": "ES701", "gcd_isla": "ES704", "gcd_grancomarca": "ES704A0", "gcd_comarca": "ES704A02", "ign_sup": 29077.1, "ign_perim": 92564.0, "utm_x": 600644.45, "utm_y": 3152941.32, "longitud": -13.971636, "latitud": 28.499263, "utm_x_capi": 611601.31, "utm_y_capi": 3152986.03, "long_capi": -13.859694, "lati_capi": 28.498774 }, "geometry": { "type": "MultiPolygon", "coordinates": [ [ [ [ -13.828564603806088, 28.56370899526847 ], [ -13.829388604737892, 28.562647873410604 ], [ -13.829695498707441, 28.55904492161007 ], [ -13.825990760502878, 28.557113460565454 ], [ -13.824990702853706, 28.554792828666969 ], [ -13.826168576933837, 28.55357158547276 ], [ -13.825684644528252, 28.552486908613588 ], [ -13.828315746772621, 28.551832593575799 ], [ -13.829904818914112, 28.550121979633531 ], [ -13.829635722157265, 28.548647269320536 ], [ -13.831564888667776, 28.545130628555153 ], [ -13.834750519359861, 28.543297325012315 ], [ -13.83670852489066, 28.543489418283915 ], [ -13.837580381644864, 28.542112743018695 ], [ -13.837525118355243, 28.539326249197117 ], [ -13.838685715630739, 28.537647414543891 ], [ -13.837482733336145, 28.535833072054253 ], [ -13.834339688632937, 28.534488583769502 ], [ -13.834173827816102, 28.532778468630028 ], [ -13.835777135272316, 28.530904108559326 ], [ -13.834737341576215, 28.527353437991092 ], [ -13.834867633767898, 28.525178813400114 ], [ -13.838305738682614, 28.522498102601723 ], [ -13.839333254646281, 28.52123974688341 ], [ -13.840088374436071, 28.517299519389951 ], [ -13.839837604054047, 28.516046159115316 ], [ -13.84253762368211, 28.513751755905076 ], [ -13.843913014867631, 28.511225599075647 ], [ -13.842215443671208, 28.509080847272195 ], [ -13.843595860799303, 28.508064421949271 ], [ -13.843231525504615, 28.503781344706034 ], [ -13.845158225907479, 28.501365568308476 ], [ -13.84616704442587, 28.501829768848143 ], [ -13.847654746276167, 28.499680589551009 ], [ -13.851120254883728, 28.500002810642805 ], [ -13.85478263822821, 28.499188703271464 ], [ -13.85425531925973, 28.494841558093523 ], [ -13.853394666143837, 28.491833803294195 ], [ -13.854854780948338, 28.491468676556586 ], [ -13.856509797645387, 28.498925093150845 ], [ -13.859829303026364, 28.495957743686823 ], [ -13.860182729259941, 28.494924065411034 ], [ -13.862774785374462, 28.493774624052314 ], [ -13.863016570005884, 28.49110804442012 ], [ -13.865239789411032, 28.487621336385804 ], [ -13.865060736547203, 28.486326028225267 ], [ -13.866107302576314, 28.484425864601093 ], [ -13.866054009789853, 28.482956119351591 ], [ -13.867531311284059, 28.481319113359998 ], [ -13.86752037103008, 28.478686001305018 ], [ -13.865793494537257, 28.474567750008024 ], [ -13.862945220204937, 28.472471348450643 ], [ -13.862778219062443, 28.470667393820595 ], [ -13.859293772644605, 28.467040082810154 ], [ -13.859169217239243, 28.463904638359431 ], [ -13.857505781078189, 28.462285780825951 ], [ -13.856835359502883, 28.459937933679569 ], [ -13.856758518065098, 28.457334247813115 ], [ -13.857361921281163, 28.454056567746314 ], [ -13.858951361908691, 28.452158279271515 ], [ -13.858693765265615, 28.449377434254981 ], [ -13.856699224563719, 28.445709903903147 ], [ -13.857220482522953, 28.442948828032819 ], [ -13.858716717816884, 28.442861605133924 ], [ -13.860460899642293, 28.440371400484764 ], [ -13.86196335191414, 28.439763687899266 ], [ -13.862786962921591, 28.43715701605764 ], [ -13.862146217012965, 28.43446724252393 ], [ -13.861220114677405, 28.432838230154623 ], [ -13.861379833841914, 28.431212486083645 ], [ -13.858754267951499, 28.429045882504131 ], [ -13.858381449174273, 28.426397364367624 ], [ -13.857520918686562, 28.424765231005779 ], [ -13.855394309358152, 28.424989014360978 ], [ -13.852371465336109, 28.423837126606827 ], [ -13.850299445466694, 28.421051585904838 ], [ -13.850978006783693, 28.420539990307287 ], [ -13.861210884953431, 28.423407345353336 ], [ -13.869737353311503, 28.425247284902454 ], [ -13.878604630109979, 28.426721002453483 ], [ -13.880766658024129, 28.427603898141648 ], [ -13.881662102007139, 28.42866493462715 ], [ -13.888617200337942, 28.429154169123972 ], [ -13.898961758613261, 28.432215738348038 ], [ -13.90098969006911, 28.433487256158507 ], [ -13.903298480589422, 28.435653740047673 ], [ -13.905683113719412, 28.437175986210821 ], [ -13.912830239269844, 28.439348528790859 ], [ -13.921591249098167, 28.440665755344011 ], [ -13.923944898783645, 28.441957091823266 ], [ -13.926431249975641, 28.44446192876039 ], [ -13.92969785273891, 28.446241004221417 ], [ -13.933124554871782, 28.447406062016995 ], [ -13.941672259968612, 28.451534620376687 ], [ -13.945261177621196, 28.454246562557728 ], [ -13.948736635245435, 28.454632970567467 ], [ -13.954135803882949, 28.454501303948081 ], [ -13.958639186546591, 28.452432068214996 ], [ -13.9616658963653, 28.451499269688505 ], [ -13.964030253929636, 28.451507318818258 ], [ -13.967421554811448, 28.44994333972155 ], [ -13.970225027470466, 28.449751987910215 ], [ -13.974803968029834, 28.450216189180193 ], [ -13.975839174796107, 28.452221420446111 ], [ -13.978224928025297, 28.453215446827453 ], [ -13.980925625613329, 28.452810753011715 ], [ -13.985639301561006, 28.449932715618655 ], [ -13.98924924901425, 28.449136396427175 ], [ -13.996082439832861, 28.44990279268044 ], [ -14.004282550414759, 28.447350314355614 ], [ -14.009357942451992, 28.447214213283228 ], [ -14.0162285932927, 28.447813189909059 ], [ -14.017014164612954, 28.449943202263764 ], [ -14.02093056363657, 28.453271380990273 ], [ -14.022450768073064, 28.456421970008265 ], [ -14.025242084022986, 28.459188737404748 ], [ -14.031373001884608, 28.463589619901679 ], [ -14.041436949010086, 28.47007443686789 ], [ -14.043553203308143, 28.472025995947149 ], [ -14.043162807290637, 28.475341516169273 ], [ -14.040333187229226, 28.477597738091859 ], [ -14.041495204629898, 28.483215120598238 ], [ -14.041871312182147, 28.486311918961146 ], [ -14.043907979838329, 28.489351543001948 ], [ -14.046899272773993, 28.489770762073924 ], [ -14.048551075922727, 28.488952125905822 ], [ -14.052466389437498, 28.488549898028733 ], [ -14.057655121316103, 28.492209332454159 ], [ -14.059849644830003, 28.494595220653725 ], [ -14.062772783003227, 28.493805063048502 ], [ -14.064306082282505, 28.492127358772741 ], [ -14.066687677919013, 28.492306155356896 ], [ -14.076114005707932, 28.49115357784444 ], [ -14.07748782581217, 28.49304207857476 ], [ -14.079099356594423, 28.493302294674155 ], [ -14.083070555013901, 28.492320952118288 ], [ -14.086933913127099, 28.4928941404192 ], [ -14.089798219215504, 28.494391135235421 ], [ -14.090266700753009, 28.496739527442049 ], [ -14.087918848465135, 28.500676689766326 ], [ -14.08826583470916, 28.502368117922909 ], [ -14.085387867460971, 28.506564969898601 ], [ -14.083791863481865, 28.50753362968489 ], [ -14.082076151455249, 28.51341933388905 ], [ -14.080245048105006, 28.513991482766578 ], [ -14.079610721869731, 28.517075470853158 ], [ -14.077818932145574, 28.519881987284535 ], [ -14.077033551949174, 28.519978493851738 ], [ -14.074489131824633, 28.523427297871592 ], [ -14.074224252691897, 28.526611710358306 ], [ -14.071973609728303, 28.529086982485801 ], [ -14.070484810732133, 28.532939617873378 ], [ -14.07004765478157, 28.538248706057761 ], [ -14.069386480024326, 28.540827335415869 ], [ -14.068068806736635, 28.541864033625455 ], [ -14.066313595930078, 28.541195493288608 ], [ -14.064497124769931, 28.541848806337438 ], [ -14.06364226056594, 28.543884495986486 ], [ -14.065465178961031, 28.54568630809252 ], [ -14.06542204824852, 28.548935666259322 ], [ -14.066816243051955, 28.55022181880005 ], [ -14.064454165745024, 28.553814698315019 ], [ -14.06107986389785, 28.553253990549251 ], [ -14.058213252860384, 28.555724162051298 ], [ -14.058269057876537, 28.559503284668676 ], [ -14.05688281433542, 28.560747057699768 ], [ -14.056285270836522, 28.564703570592897 ], [ -14.052857649344999, 28.566536270631907 ], [ -14.052241460507554, 28.568559107461315 ], [ -14.051033322003574, 28.568580485968589 ], [ -14.050478852244952, 28.570478926318884 ], [ -14.049186132359274, 28.570604378102523 ], [ -14.047472218444346, 28.57220029719759 ], [ -14.047980379102667, 28.572948722428649 ], [ -14.046055688098873, 28.575785768451198 ], [ -14.043585276506295, 28.577971082116015 ], [ -14.039944572208512, 28.57650950170644 ], [ -14.033516301610314, 28.573485789492576 ], [ -14.029577122722884, 28.570284895340329 ], [ -14.024211433717795, 28.568736802683333 ], [ -14.020635358680215, 28.56963463426349 ], [ -14.017769523577293, 28.567983282014367 ], [ -14.014406645738175, 28.568459686647721 ], [ -14.00726898392203, 28.567080134933935 ], [ -14.003664559783244, 28.565778491490533 ], [ -14.000555598433236, 28.566321314242167 ], [ -13.997218492539163, 28.565837482675615 ], [ -13.981802046938807, 28.566629442881077 ], [ -13.979326981791999, 28.567642016942671 ], [ -13.97426674689545, 28.568141329212658 ], [ -13.971113206841739, 28.570008242485443 ], [ -13.967881856725054, 28.570100550686146 ], [ -13.964760922673261, 28.571904153056838 ], [ -13.961758963334827, 28.572785633141201 ], [ -13.959391506337409, 28.571945865893952 ], [ -13.956468748558885, 28.572224935219104 ], [ -13.952562450116794, 28.573353990517674 ], [ -13.950621923397511, 28.573172084303856 ], [ -13.947715110957954, 28.571806152747442 ], [ -13.944234097684573, 28.571343278952398 ], [ -13.941883698472973, 28.569926222170835 ], [ -13.934848874151346, 28.569863025911545 ], [ -13.932034816854308, 28.571983008266653 ], [ -13.928167888046225, 28.572979306457931 ], [ -13.925896062188587, 28.573144653180968 ], [ -13.921032490399863, 28.574422858014714 ], [ -13.9175230086577, 28.57350421684659 ], [ -13.913770519145398, 28.574948658861221 ], [ -13.90986989034386, 28.575239807581749 ], [ -13.909805230663549, 28.572346063083991 ], [ -13.908073794539181, 28.570760848080887 ], [ -13.902329497038487, 28.569127730115145 ], [ -13.899979582261814, 28.569285352845995 ], [ -13.896746011032073, 28.56857708908753 ], [ -13.892316162563327, 28.571334946332314 ], [ -13.889650850716386, 28.570571247948628 ], [ -13.887240194363168, 28.572716589734025 ], [ -13.885629941710256, 28.572931182806506 ], [ -13.88041708223852, 28.572735178300057 ], [ -13.877105237554169, 28.57189072423623 ], [ -13.867928342040242, 28.570743784555738 ], [ -13.862442128738952, 28.569333360945727 ], [ -13.85741227431922, 28.568663186429927 ], [ -13.855177049474539, 28.568844543369536 ], [ -13.847759125260312, 28.567927554169788 ], [ -13.843323596984913, 28.566660531639325 ], [ -13.834263723331263, 28.564516676007031 ], [ -13.828564603806088, 28.56370899526847 ] ] ] ] } },
{ "type": "Feature", "properties": { "geocode": "35018", "geopadre": "ES708A01", "etiqueta": "San Bartolomé", "notas": "Ayuntaniento San Bartolomé", "granularidad": "MUNICIPIOS", "gcd_provincia": "ES701", "gcd_isla": "ES708", "gcd_grancomarca": "ES708A0", "gcd_comarca": "ES708A01", "ign_sup": 4076.11, "ign_perim": 28291.0, "utm_x": 634956.43, "utm_y": 3207134.18, "longitud": -13.614679, "latitud": 28.985178, "utm_x_capi": 634997.51, "utm_y_capi": 3208929.61, "long_capi": -13.614041, "lati_capi": 29.001374 }, "geometry": { "type": "MultiPolygon", "coordinates": [ [ [ [ -13.583585013958382, 28.951968085464085 ], [ -13.585122080132637, 28.950838781749948 ], [ -13.586319027046388, 28.951524207770021 ], [ -13.589370455373514, 28.950946688343137 ], [ -13.590460209656431, 28.950201669504068 ], [ -13.596129123336055, 28.948774931316301 ], [ -13.598606963039062, 28.947553165307223 ], [ -13.600315582859466, 28.945778131744532 ], [ -13.60175279500476, 28.945369648238941 ], [ -13.603445803156221, 28.943107270636478 ], [ -13.604853744234084, 28.94209855914751 ], [ -13.615283256489667, 28.955024089609047 ], [ -13.618694552212368, 28.958327009559781 ], [ -13.619710934326486, 28.960214741985908 ], [ -13.624060452907498, 28.965847945410573 ], [ -13.626641893980205, 28.96849580325572 ], [ -13.631507799829496, 28.972668356783227 ], [ -13.634461335406975, 28.97581886427994 ], [ -13.63693629033504, 28.981022398094229 ], [ -13.638171354304504, 28.982507010423294 ], [ -13.642376231621485, 28.985435439823856 ], [ -13.643732451875042, 28.987173718655129 ], [ -13.647606054437764, 28.997081730745109 ], [ -13.647438081348675, 29.000332606803109 ], [ -13.651829186908143, 29.006236335995499 ], [ -13.660440501715328, 29.005747298847982 ], [ -13.659112203331407, 29.009239971352336 ], [ -13.654446319703183, 29.018750488824235 ], [ -13.653426128747428, 29.022751084853962 ], [ -13.649805384194485, 29.026331576996501 ], [ -13.642266572402319, 29.028657480284227 ], [ -13.633105374667689, 29.022378697302049 ], [ -13.630987898429771, 29.021451608752773 ], [ -13.625950418980535, 29.020748787518897 ], [ -13.608377396254072, 29.021013176008708 ], [ -13.604244838869207, 29.019641083730171 ], [ -13.600604281131661, 29.019069231791303 ], [ -13.596825600155988, 29.019915573833025 ], [ -13.587349765817139, 29.009411215348166 ], [ -13.586217689251605, 29.007482328730365 ], [ -13.585208620492928, 29.003377025538313 ], [ -13.588935383499026, 29.003593447649152 ], [ -13.589114778163015, 29.001518964867547 ], [ -13.587796218040582, 28.988489188598301 ], [ -13.583585013958382, 28.951968085464085 ] ] ] ] } },
{ "type": "Feature", "properties": { "geocode": "35019", "geopadre": "ES705A31", "etiqueta": "San Bartolomé de Tirajana", "notas": "Ayuntamiento de San Bartolomé de Tirajana", "granularidad": "MUNICIPIOS", "gcd_provincia": "ES701", "gcd_isla": "ES705", "gcd_grancomarca": "ES705A3", "gcd_comarca": "ES705A31", "ign_sup": 33241.9, "ign_perim": 107153.0, "utm_x": 442090.04, "utm_y": 3080746.41, "longitud": -15.588162, "latitud": 27.850192, "utm_x_capi": 443624.35, "utm_y_capi": 3089038.78, "long_capi": -15.572974, "lati_capi": 27.925113 }, "geometry": { "type": "MultiPolygon", "coordinates": [ [ [ [ -15.678990905412673, 27.756231276415658 ], [ -15.675827553116724, 27.757285785582251 ], [ -15.673885056794088, 27.759403409882811 ], [ -15.671118082836285, 27.761434495070969 ], [ -15.670013473617322, 27.764103407197197 ], [ -15.670551560117964, 27.766346634650869 ], [ -15.666902832616387, 27.769566150466272 ], [ -15.666336776447761, 27.77250109316028 ], [ -15.667163851795989, 27.774972293338983 ], [ -15.666563317361842, 27.777683643166021 ], [ -15.667178203599772, 27.779327226844146 ], [ -15.669223135647425, 27.780971770826653 ], [ -15.670277996177546, 27.782560263280345 ], [ -15.668166882628883, 27.785759734428169 ], [ -15.669060152995199, 27.788260440696401 ], [ -15.670686174787308, 27.788757017467084 ], [ -15.672587218092138, 27.792434827167607 ], [ -15.67216246968932, 27.794549153999654 ], [ -15.670374093997605, 27.798293321534551 ], [ -15.668804310412444, 27.799587451990647 ], [ -15.668514674936581, 27.801378434960178 ], [ -15.669424145706946, 27.803494295670529 ], [ -15.668920909842239, 27.805480371302504 ], [ -15.667309151137102, 27.808147012458331 ], [ -15.667105454246007, 27.810177545645441 ], [ -15.665064947861115, 27.812074486511129 ], [ -15.66381805213175, 27.814880333976586 ], [ -15.66354118073313, 27.819192880555253 ], [ -15.663878959923759, 27.820524717253118 ], [ -15.665875134542585, 27.822328179205524 ], [ -15.666005346071572, 27.824431453399679 ], [ -15.662408304363643, 27.825436250890185 ], [ -15.661413951103219, 27.826792920142271 ], [ -15.662854937506436, 27.829505139957799 ], [ -15.660694008169644, 27.829928429298395 ], [ -15.659774524703035, 27.831950211868563 ], [ -15.660008457090024, 27.833822052129527 ], [ -15.658896768657726, 27.835887517979081 ], [ -15.659999782842339, 27.840054398420779 ], [ -15.661856083180147, 27.842217579882515 ], [ -15.660250023135156, 27.845878312527557 ], [ -15.660556215930894, 27.848452105609052 ], [ -15.662616641095113, 27.851316878059944 ], [ -15.661947906265432, 27.855371869166273 ], [ -15.662041831029528, 27.859522351403189 ], [ -15.662712231049968, 27.861745441250989 ], [ -15.665718101322813, 27.863676025584169 ], [ -15.667502752817091, 27.866761936022883 ], [ -15.670731376404994, 27.868037620756773 ], [ -15.670483934241352, 27.870168537842403 ], [ -15.671371574069644, 27.871809429490124 ], [ -15.670472594307324, 27.874715369980049 ], [ -15.671112094672502, 27.877176696170878 ], [ -15.670562753866433, 27.879431848479221 ], [ -15.669078411700331, 27.882362505168686 ], [ -15.670111672809155, 27.88399612257696 ], [ -15.670014596759142, 27.886129589458474 ], [ -15.670932141850761, 27.887094564985055 ], [ -15.669586778080879, 27.888827953233342 ], [ -15.669646577935939, 27.891571898841402 ], [ -15.66913359204284, 27.892871510613269 ], [ -15.670187243339697, 27.894578685768444 ], [ -15.670062603820929, 27.897674787263416 ], [ -15.670550885884932, 27.899402723345041 ], [ -15.669876045229474, 27.90230142241235 ], [ -15.66560524064886, 27.906725208758843 ], [ -15.663424040252563, 27.907396987982363 ], [ -15.663990486199509, 27.910810122380862 ], [ -15.663288505428698, 27.912087918394711 ], [ -15.660937850836543, 27.914402463080467 ], [ -15.657432520507504, 27.914564119378422 ], [ -15.654710437338702, 27.915519472695848 ], [ -15.652221892827175, 27.918506203434653 ], [ -15.650610542865374, 27.919761148086852 ], [ -15.649695553995222, 27.921711378582529 ], [ -15.647532919863819, 27.921749184674926 ], [ -15.644787194457928, 27.92353379074374 ], [ -15.643958554972908, 27.925896549984675 ], [ -15.640740854563607, 27.928369989728242 ], [ -15.640105600707816, 27.929682374640734 ], [ -15.637880715121412, 27.931155624932781 ], [ -15.636677237807771, 27.933227635082392 ], [ -15.636639531734673, 27.93489630065298 ], [ -15.634972385833226, 27.935881918591768 ], [ -15.631324706053224, 27.939474276732792 ], [ -15.632079105726778, 27.941593295354362 ], [ -15.631218137142636, 27.942325765412754 ], [ -15.630881939332413, 27.946346695766842 ], [ -15.627962263242162, 27.949322256265287 ], [ -15.626776107763686, 27.948455575923052 ], [ -15.624974927164317, 27.948676659212737 ], [ -15.622171065098698, 27.950433352639909 ], [ -15.616608539255466, 27.95088666190474 ], [ -15.612677272298827, 27.953273315718693 ], [ -15.611030518463147, 27.956362729224182 ], [ -15.609505087538363, 27.957518602251678 ], [ -15.605351468759942, 27.964604538545583 ], [ -15.600941283328597, 27.965509847749715 ], [ -15.599049867642362, 27.963345216825864 ], [ -15.600447190893217, 27.960011117778759 ], [ -15.598667746153726, 27.958173167453261 ], [ -15.596803056122743, 27.957847083549737 ], [ -15.59328034638926, 27.954884920505986 ], [ -15.591515599397191, 27.954137291833199 ], [ -15.588651001139974, 27.952052750981192 ], [ -15.585015323038052, 27.952653016849521 ], [ -15.584490444708019, 27.953631951099858 ], [ -15.581965698586954, 27.954597219083027 ], [ -15.579589423059778, 27.957880659694371 ], [ -15.578021431439435, 27.95893179682124 ], [ -15.577500560227245, 27.960969448100201 ], [ -15.575722987797173, 27.962204580200037 ], [ -15.571767727274143, 27.962116211496451 ], [ -15.56892507741235, 27.963213527956789 ], [ -15.566098829979721, 27.961548011541222 ], [ -15.562699852659524, 27.961185873149827 ], [ -15.560258622811954, 27.959320650410319 ], [ -15.556850044101898, 27.957684625943628 ], [ -15.554276156545185, 27.954221985854311 ], [ -15.551286876507909, 27.951439175404193 ], [ -15.549095799697861, 27.950568410951398 ], [ -15.547443742454579, 27.950915701903291 ], [ -15.545538582271826, 27.949724769265686 ], [ -15.543301676896693, 27.950050179471425 ], [ -15.543951418751918, 27.949697839207452 ], [ -15.542875297286924, 27.946962224925173 ], [ -15.542773845089181, 27.944279921382559 ], [ -15.539390022147623, 27.942099894483253 ], [ -15.539296831944965, 27.939429234351486 ], [ -15.540240907597783, 27.937126534530901 ], [ -15.540136009635326, 27.93493327519343 ], [ -15.541584607657096, 27.93118801341225 ], [ -15.54449990098275, 27.929227337790863 ], [ -15.545760757325001, 27.92746024552406 ], [ -15.547015694816951, 27.926974372187857 ], [ -15.549463026302179, 27.927229740229542 ], [ -15.550929307366403, 27.92562603975194 ], [ -15.552730918606771, 27.924982840391102 ], [ -15.55554940449519, 27.925316121944313 ], [ -15.557839143360889, 27.923734156587628 ], [ -15.556846461081456, 27.922952160625542 ], [ -15.556385005570988, 27.920734932886013 ], [ -15.555176407103081, 27.91863897160091 ], [ -15.553912830215848, 27.918264953229475 ], [ -15.55268728978155, 27.913563325531808 ], [ -15.550687644770518, 27.911821938072968 ], [ -15.551847426769884, 27.910407144324477 ], [ -15.552646327902654, 27.907001923257329 ], [ -15.549991069204305, 27.905644928280008 ], [ -15.552210304264865, 27.903037776195358 ], [ -15.552509911754125, 27.901335997485159 ], [ -15.550966723814177, 27.899319687364805 ], [ -15.551830688082573, 27.896085036732909 ], [ -15.550469958111526, 27.89415302427404 ], [ -15.54740394201125, 27.893867589607982 ], [ -15.545546123355752, 27.892984475386129 ], [ -15.542139903440731, 27.890390494696629 ], [ -15.541766779519518, 27.888024114268621 ], [ -15.539071244418999, 27.886658066219557 ], [ -15.538346762975165, 27.885577567438176 ], [ -15.536475062710332, 27.885670513701523 ], [ -15.535224224256291, 27.884143202457523 ], [ -15.535998612077689, 27.881526775619847 ], [ -15.53364184421925, 27.880967129437323 ], [ -15.53352185698151, 27.879303116439321 ], [ -15.531237866984888, 27.877750114544007 ], [ -15.532121805077386, 27.874661078557534 ], [ -15.536659765714887, 27.873669472414122 ], [ -15.538329362661097, 27.872545636732408 ], [ -15.53790809497087, 27.87057573118885 ], [ -15.534987901166637, 27.869553506373283 ], [ -15.534294864417262, 27.865138871129361 ], [ -15.532205834755645, 27.861439949777484 ], [ -15.53076477099358, 27.861159888519612 ], [ -15.529737119729047, 27.858709289945235 ], [ -15.528455481800357, 27.857291508287204 ], [ -15.527971746038586, 27.854922871830428 ], [ -15.529611723817148, 27.85373376112555 ], [ -15.528404580395987, 27.851671929443235 ], [ -15.526924728327542, 27.851001599305437 ], [ -15.523377764984406, 27.85104976378641 ], [ -15.520239698258198, 27.852287996380216 ], [ -15.515353472227689, 27.851253120132696 ], [ -15.51224495367612, 27.847771043904295 ], [ -15.508942624214649, 27.846198422075659 ], [ -15.502616179139332, 27.843742450238977 ], [ -15.498687026646717, 27.843697124194186 ], [ -15.489945384628653, 27.846087236713579 ], [ -15.487919555262238, 27.846931282406846 ], [ -15.485356133766807, 27.845967421537193 ], [ -15.482840971186363, 27.847233515327982 ], [ -15.478600497563923, 27.85029896118952 ], [ -15.476712398602576, 27.850221759844782 ], [ -15.472129878273657, 27.847902012219052 ], [ -15.469059833194683, 27.844561348570728 ], [ -15.466922677320079, 27.843204060677223 ], [ -15.462965839959796, 27.839395324581979 ], [ -15.455661654405823, 27.83004314729564 ], [ -15.452178523848426, 27.82673501317349 ], [ -15.450003035468276, 27.824232205972613 ], [ -15.444495873604344, 27.820289338340082 ], [ -15.439113696298021, 27.815810352472507 ], [ -15.43500467710156, 27.81354069958563 ], [ -15.431508631729509, 27.810412994334971 ], [ -15.42746806313343, 27.805623977695404 ], [ -15.429730431796676, 27.803802939459722 ], [ -15.431814581061136, 27.802881214262158 ], [ -15.434875944815426, 27.802225555189384 ], [ -15.436561465186356, 27.800866398337487 ], [ -15.439864428925326, 27.799850827445908 ], [ -15.441548578977232, 27.799819744812627 ], [ -15.446201221730378, 27.798825520984945 ], [ -15.448502977214913, 27.798865696230656 ], [ -15.457320462327031, 27.798044174795134 ], [ -15.463138590649534, 27.796577512029106 ], [ -15.463997011189401, 27.796920805294437 ], [ -15.470627048474471, 27.794755845506636 ], [ -15.473760474287488, 27.793409750758716 ], [ -15.480445413084391, 27.793699060262615 ], [ -15.487163691979861, 27.792770766428486 ], [ -15.491635532758814, 27.790668040485858 ], [ -15.49571198560662, 27.789568087430556 ], [ -15.49864673730303, 27.787305395445287 ], [ -15.499179416281477, 27.786387355527715 ], [ -15.50181707389862, 27.785495033075097 ], [ -15.503251437250958, 27.783194560184473 ], [ -15.505847223408448, 27.782172093915452 ], [ -15.508242939587204, 27.780523868897468 ], [ -15.51158291600051, 27.780387835293116 ], [ -15.513680901569217, 27.781856021038418 ], [ -15.516456352927396, 27.781839358361811 ], [ -15.523034387055631, 27.779223323060606 ], [ -15.524850715496537, 27.777637288622369 ], [ -15.526443192196254, 27.777216343522571 ], [ -15.529250102338084, 27.775288508666229 ], [ -15.533027802631578, 27.772129163693098 ], [ -15.533303910155849, 27.77061419910418 ], [ -15.536386122160529, 27.769738183353894 ], [ -15.538539520537357, 27.770499286663078 ], [ -15.543105367268058, 27.767618259229085 ], [ -15.543617646313356, 27.766845281325612 ], [ -15.549660930154108, 27.767383295696607 ], [ -15.551161180498728, 27.766037409231782 ], [ -15.554981047118131, 27.764919084264836 ], [ -15.557402329768806, 27.763838816249812 ], [ -15.55874560323711, 27.76248640357997 ], [ -15.560085056906811, 27.762693939892682 ], [ -15.563838541860825, 27.76023732535344 ], [ -15.565585517132995, 27.757770216566772 ], [ -15.567263590379236, 27.753726278329182 ], [ -15.567941070197879, 27.750658173401341 ], [ -15.568681083411674, 27.742085571031708 ], [ -15.568317798708428, 27.739649905133756 ], [ -15.570407730819724, 27.737506860171301 ], [ -15.576296226811243, 27.735926136866972 ], [ -15.582171710456771, 27.735407750674657 ], [ -15.590288540012398, 27.736362136463278 ], [ -15.598075240889228, 27.73475825965058 ], [ -15.602074283384287, 27.736157164017296 ], [ -15.607132567900193, 27.739816440842525 ], [ -15.608237180465665, 27.741510905577272 ], [ -15.611070790756795, 27.744223230665238 ], [ -15.619635463445936, 27.748940312425962 ], [ -15.621650425824377, 27.748611694609817 ], [ -15.622055436360949, 27.747100938417351 ], [ -15.625380272763552, 27.746989759834225 ], [ -15.628087195872586, 27.745050586006418 ], [ -15.631284187273465, 27.745801738955599 ], [ -15.633523072642721, 27.746855534566134 ], [ -15.634141623908775, 27.748425465638189 ], [ -15.636628618951683, 27.748241845114102 ], [ -15.637742997336515, 27.750431231699849 ], [ -15.642154752012964, 27.750769554610425 ], [ -15.647826242853153, 27.751541497869908 ], [ -15.650522046475464, 27.754096440162662 ], [ -15.652996356639285, 27.755172106711136 ], [ -15.655647035296276, 27.755500372174932 ], [ -15.65733696263033, 27.756347964309569 ], [ -15.661110150942967, 27.7567839500812 ], [ -15.662364300389003, 27.755775596427753 ], [ -15.667578515501493, 27.755350931826204 ], [ -15.670210004203655, 27.754472136872362 ], [ -15.672120927804228, 27.752020409554483 ], [ -15.671339865076, 27.75075774941995 ], [ -15.673924174653823, 27.748946479702365 ], [ -15.67499583403378, 27.751249724832746 ], [ -15.678990905412673, 27.756231276415658 ] ] ] ] } },
{ "type": "Feature", "properties": { "geocode": "35020", "geopadre": "ES705A23", "etiqueta": "La Aldea de San Nicolás", "notas": "Ayuntamiento de San Nicolás de Tolentino", "granularidad": "MUNICIPIOS", "gcd_provincia": "ES701", "gcd_isla": "ES705", "gcd_grancomarca": "ES705A2", "gcd_comarca": "ES705A23", "ign_sup": 12370.8, "ign_perim": 56070.0, "utm_x": 423050.01, "utm_y": 3091405.39, "longitud": -15.782221, "latitud": 27.945446, "utm_x_capi": 423270.87, "utm_y_capi": 3095764.66, "long_capi": -15.780259, "lati_capi": 27.984808 }, "geometry": { "type": "MultiPolygon", "coordinates": [ [ [ [ -15.734613817299854, 27.939129446364376 ], [ -15.738419501546387, 27.934043576153496 ], [ -15.740890076288837, 27.931355798498757 ], [ -15.745042308808108, 27.927948360054703 ], [ -15.745554103778435, 27.926972032771431 ], [ -15.749465089769288, 27.923997763046845 ], [ -15.752846034920694, 27.919347492716607 ], [ -15.753273829858964, 27.91661885751077 ], [ -15.754948144170188, 27.913839271434085 ], [ -15.751321638508735, 27.91198674840086 ], [ -15.751849565337194, 27.908863613249771 ], [ -15.751241260946818, 27.906889472067128 ], [ -15.752306801213821, 27.904979417140336 ], [ -15.752546044047675, 27.902692550927025 ], [ -15.75801274408304, 27.901096435808061 ], [ -15.760774322902671, 27.898397741544329 ], [ -15.762423658535242, 27.894742494400987 ], [ -15.76559884671151, 27.89201354119362 ], [ -15.766319261595259, 27.890119396042618 ], [ -15.768077189841842, 27.888682419091079 ], [ -15.769668001221142, 27.885685677774639 ], [ -15.771126466214456, 27.884127431762138 ], [ -15.772463346818292, 27.879572711068622 ], [ -15.774616378325259, 27.876046316602565 ], [ -15.777118032563617, 27.87495549246227 ], [ -15.777405340966478, 27.873599318815888 ], [ -15.77992181901306, 27.870812911500042 ], [ -15.781480882583621, 27.868244193150822 ], [ -15.783563972750999, 27.868329062246229 ], [ -15.791913112680785, 27.865082311489857 ], [ -15.795007637885606, 27.863475002476449 ], [ -15.799317501822349, 27.859062631107491 ], [ -15.801252604693438, 27.861298200708173 ], [ -15.802812299154009, 27.865591180360074 ], [ -15.806520796766993, 27.872422200880003 ], [ -15.80808780401572, 27.873597782798527 ], [ -15.809125980517701, 27.875547100985287 ], [ -15.810979678875119, 27.877072769471397 ], [ -15.811121684673317, 27.878530417733945 ], [ -15.812480707767694, 27.879845016840036 ], [ -15.813216783791482, 27.882696917979054 ], [ -15.81510190772801, 27.887597086119932 ], [ -15.817396634927459, 27.890621590939652 ], [ -15.817872349715763, 27.892733406176724 ], [ -15.820925879907197, 27.895500588879464 ], [ -15.822607158533376, 27.897536847090066 ], [ -15.823735844823419, 27.900001111934003 ], [ -15.82501683793431, 27.900664147863612 ], [ -15.825477229722418, 27.902156922028997 ], [ -15.82804135447536, 27.905928987142062 ], [ -15.830562695600308, 27.906944466215108 ], [ -15.833000528213455, 27.909764126672254 ], [ -15.833125083418832, 27.913121135937146 ], [ -15.83454942180296, 27.915853379433585 ], [ -15.834311008862487, 27.919694165465749 ], [ -15.833479240235153, 27.922324455650063 ], [ -15.831538838555154, 27.923608456305001 ], [ -15.830813347924856, 27.926991795218584 ], [ -15.831612913878812, 27.928347397919428 ], [ -15.829503239431627, 27.930995068725124 ], [ -15.830161272503693, 27.934787209964369 ], [ -15.829383738322388, 27.935864501486812 ], [ -15.830135914490999, 27.938408274242349 ], [ -15.828091386503038, 27.941410989389272 ], [ -15.828317122756056, 27.943994891346239 ], [ -15.827978742281642, 27.946781101213759 ], [ -15.828270953838189, 27.949354716900139 ], [ -15.830918711835441, 27.952958932067585 ], [ -15.830097757144509, 27.955446713173792 ], [ -15.830624987135614, 27.957784123328313 ], [ -15.833334971700205, 27.959543513624485 ], [ -15.832890855716601, 27.964372394751269 ], [ -15.833229216533233, 27.967763837704673 ], [ -15.834250773770469, 27.969946068622615 ], [ -15.833382299191195, 27.971969859041995 ], [ -15.833081814149383, 27.974692573374274 ], [ -15.829940246968672, 27.9770976484544 ], [ -15.828970162682904, 27.979290590417818 ], [ -15.827415435794491, 27.979718785197402 ], [ -15.827300227592726, 27.981656537517122 ], [ -15.825455332770474, 27.985432497345148 ], [ -15.823108625155065, 27.987750550406005 ], [ -15.821796054331671, 27.99318329107296 ], [ -15.82078675573662, 27.99419977729595 ], [ -15.821352640995338, 27.998266013819183 ], [ -15.819000999294682, 28.000787455045479 ], [ -15.817400619423534, 28.004744803656155 ], [ -15.81960487344325, 28.008504300613364 ], [ -15.819907814116656, 28.010562320502107 ], [ -15.822721303782329, 28.012822157399473 ], [ -15.821855461809392, 28.014197256006998 ], [ -15.816420626725195, 28.015693705925262 ], [ -15.814190384060357, 28.017380217925762 ], [ -15.80860883989974, 28.017224466174699 ], [ -15.806913341940422, 28.015694319528908 ], [ -15.805572734804175, 28.015408506616538 ], [ -15.801516584218289, 28.017016646164812 ], [ -15.798379177456447, 28.016659212791691 ], [ -15.793269243060566, 28.018087854448009 ], [ -15.791828586041978, 28.019329429287502 ], [ -15.790184706615713, 28.019150835953411 ], [ -15.78874004802425, 28.020828576411226 ], [ -15.786254133439785, 28.021127680201992 ], [ -15.785326138433991, 28.022489493330799 ], [ -15.780303347997156, 28.024884546935091 ], [ -15.778852093433251, 28.028180501069375 ], [ -15.777252511960562, 28.028282300218866 ], [ -15.776176455946475, 28.030156225216729 ], [ -15.774551907281092, 28.030066062266773 ], [ -15.772742892281924, 28.031752115193708 ], [ -15.767997651260178, 28.028693455174192 ], [ -15.766355281454354, 28.028303857257743 ], [ -15.764896262961669, 28.025637433787971 ], [ -15.758315775666466, 28.024898530170709 ], [ -15.758985745533765, 28.023680651742662 ], [ -15.751722187075751, 28.017604510793934 ], [ -15.749440318950441, 28.015979124789663 ], [ -15.74835952497628, 28.013891616456938 ], [ -15.748455502383829, 28.009468958039101 ], [ -15.746501671385165, 28.004858517823202 ], [ -15.747605565720924, 28.003887620184557 ], [ -15.747399039665641, 28.001380106058683 ], [ -15.748137340277641, 27.999597184650959 ], [ -15.7484248971229, 27.991597416140355 ], [ -15.75012060782633, 27.988751174834796 ], [ -15.749591850133339, 27.988006244214112 ], [ -15.751063551714442, 27.987202775685642 ], [ -15.748323662761644, 27.985014808626897 ], [ -15.74868714015448, 27.983810124690375 ], [ -15.747445129818553, 27.979802297406209 ], [ -15.748257354602586, 27.978284433068886 ], [ -15.747846068177251, 27.975169863478154 ], [ -15.748283869782181, 27.972244609450794 ], [ -15.748340513220983, 27.966826426274952 ], [ -15.747452166537697, 27.966312351945781 ], [ -15.747957594656137, 27.9626758408859 ], [ -15.745965184762049, 27.962030254521999 ], [ -15.742653722140998, 27.958115135144137 ], [ -15.740992768440218, 27.957466060959639 ], [ -15.739650287001407, 27.955857967348461 ], [ -15.73854527713284, 27.95300070220825 ], [ -15.73847558041764, 27.950817748878155 ], [ -15.73633024609614, 27.947288188244269 ], [ -15.735475105747806, 27.942241305436042 ], [ -15.734613817299854, 27.939129446364376 ] ] ] ] } },
{ "type": "Feature", "properties": { "geocode": "35021", "geopadre": "ES705A10", "etiqueta": "Santa Brígida", "notas": "Ayuntamiento de Santa Brígida", "granularidad": "MUNICIPIOS", "gcd_provincia": "ES701", "gcd_isla": "ES705", "gcd_grancomarca": "ES705A1", "gcd_comarca": "ES705A10", "ign_sup": 2383.19, "ign_perim": 25497.0, "utm_x": 451667.08, "utm_y": 3100959.05, "longitud": -15.491722, "latitud": 28.033033, "utm_x_capi": 450934.47, "utm_y_capi": 3101067.91, "long_capi": -15.499179, "lati_capi": 28.033988 }, "geometry": { "type": "MultiPolygon", "coordinates": [ [ [ [ -15.503014895564219, 28.013474236649738 ], [ -15.505635248697905, 28.01454198648349 ], [ -15.50675226780508, 28.013800576962499 ], [ -15.509715435410762, 28.013773444005292 ], [ -15.51195926207782, 28.008612122617333 ], [ -15.513103657262141, 28.007795192757587 ], [ -15.514738240610138, 28.008459415084438 ], [ -15.516871449664018, 28.012454215519682 ], [ -15.516185471243652, 28.013706654880831 ], [ -15.518340724012841, 28.014352320783853 ], [ -15.523962722295346, 28.019004134659362 ], [ -15.526608799402103, 28.022592521526089 ], [ -15.530124944264754, 28.028706101413906 ], [ -15.530847802786335, 28.031944758129221 ], [ -15.532120842377511, 28.033817529164089 ], [ -15.534554886780993, 28.033412930863186 ], [ -15.535140207109736, 28.03489928191372 ], [ -15.536568081432687, 28.035554301535395 ], [ -15.537949554364221, 28.037862859673766 ], [ -15.539145203038613, 28.038342436039979 ], [ -15.537919206719875, 28.039489178670394 ], [ -15.535656127746325, 28.03832464416142 ], [ -15.530955658084643, 28.040177852368966 ], [ -15.528660889164662, 28.040704060094502 ], [ -15.524018210544348, 28.043712405085987 ], [ -15.521391644516269, 28.043146214132658 ], [ -15.517448082585208, 28.044954626705934 ], [ -15.513871578483901, 28.045860412403869 ], [ -15.512623783891687, 28.04573574486885 ], [ -15.507008303989, 28.04826943587069 ], [ -15.499712775153395, 28.050317581261034 ], [ -15.497217949925068, 28.051563602618227 ], [ -15.493832929274216, 28.051340454615769 ], [ -15.488426231314282, 28.052558654041611 ], [ -15.487352209547332, 28.051858197724741 ], [ -15.485020119580968, 28.054459518083501 ], [ -15.479818229410061, 28.05562658373373 ], [ -15.477564697593214, 28.056749352165063 ], [ -15.474217907467105, 28.051947510136305 ], [ -15.472127706136448, 28.049622264449624 ], [ -15.470045439993589, 28.04819561148657 ], [ -15.46951396620997, 28.045546938485359 ], [ -15.468193268831289, 28.043147763720704 ], [ -15.464026751583145, 28.039757791731539 ], [ -15.462146234260842, 28.039379983758067 ], [ -15.461869324976693, 28.037962534826317 ], [ -15.459947476688441, 28.03563685331531 ], [ -15.455931075414179, 28.036542370468425 ], [ -15.452646580952779, 28.034421357406622 ], [ -15.451423948535792, 28.032972884357761 ], [ -15.450819301911313, 28.030692078955731 ], [ -15.452910844633859, 28.028325326887856 ], [ -15.456115669247385, 28.028150577139773 ], [ -15.456528807031001, 28.02513174302079 ], [ -15.458601476829701, 28.024079159979618 ], [ -15.460879084250895, 28.024240058117254 ], [ -15.463807431834727, 28.023732956988606 ], [ -15.465742474753636, 28.022809078584729 ], [ -15.468464742515737, 28.023588902203759 ], [ -15.470099961663369, 28.022445867794357 ], [ -15.473997637042297, 28.022643641194513 ], [ -15.477043592233064, 28.022212511159964 ], [ -15.479194406819467, 28.023191797491471 ], [ -15.481859600199565, 28.022491797488673 ], [ -15.484935213128191, 28.022410675901963 ], [ -15.48634742275201, 28.021346988694688 ], [ -15.486804771487162, 28.019204685853019 ], [ -15.488201712825935, 28.017439376083768 ], [ -15.491442387460181, 28.016064952942372 ], [ -15.49631521660692, 28.015769445317677 ], [ -15.503014895564219, 28.013474236649738 ] ] ] ] } },
{ "type": "Feature", "properties": { "geocode": "35022", "geopadre": "ES705A32", "etiqueta": "Santa Lucía de Tirajana", "notas": "Ayuntamiento De Santa Lucía", "granularidad": "MUNICIPIOS", "gcd_provincia": "ES701", "gcd_isla": "ES705", "gcd_grancomarca": "ES705A3", "gcd_comarca": "ES705A32", "ign_sup": 6252.83, "ign_perim": 58200.0, "utm_x": 448911.33, "utm_y": 3083778.55, "longitud": -15.519015, "latitud": 27.877841, "utm_x_capi": 446795.92, "utm_y_capi": 3087575.76, "long_capi": -15.540675, "lati_capi": 27.912036 }, "geometry": { "type": "MultiPolygon", "coordinates": [ [ [ [ -15.42746806313343, 27.805623977695404 ], [ -15.431508631729509, 27.810412994334971 ], [ -15.43500467710156, 27.81354069958563 ], [ -15.439113696298021, 27.815810352472507 ], [ -15.444495873604344, 27.820289338340082 ], [ -15.450003035468276, 27.824232205972613 ], [ -15.452178523848426, 27.82673501317349 ], [ -15.455661654405823, 27.83004314729564 ], [ -15.462965839959796, 27.839395324581979 ], [ -15.466922677320079, 27.843204060677223 ], [ -15.469059833194683, 27.844561348570728 ], [ -15.472129878273657, 27.847902012219052 ], [ -15.476712398602576, 27.850221759844782 ], [ -15.478600497563923, 27.85029896118952 ], [ -15.482840971186363, 27.847233515327982 ], [ -15.485356133766807, 27.845967421537193 ], [ -15.487919555262238, 27.846931282406846 ], [ -15.489945384628653, 27.846087236713579 ], [ -15.498687026646717, 27.843697124194186 ], [ -15.502616179139332, 27.843742450238977 ], [ -15.508942624214649, 27.846198422075659 ], [ -15.51224495367612, 27.847771043904295 ], [ -15.515353472227689, 27.851253120132696 ], [ -15.520239698258198, 27.852287996380216 ], [ -15.523377764984406, 27.85104976378641 ], [ -15.526924728327542, 27.851001599305437 ], [ -15.528404580395987, 27.851671929443235 ], [ -15.529611723817148, 27.85373376112555 ], [ -15.527971746038586, 27.854922871830428 ], [ -15.528455481800357, 27.857291508287204 ], [ -15.529737119729047, 27.858709289945235 ], [ -15.53076477099358, 27.861159888519612 ], [ -15.532205834755645, 27.861439949777484 ], [ -15.534294864417262, 27.865138871129361 ], [ -15.534987901166637, 27.869553506373283 ], [ -15.53790809497087, 27.87057573118885 ], [ -15.538329362661097, 27.872545636732408 ], [ -15.536659765714887, 27.873669472414122 ], [ -15.532121805077386, 27.874661078557534 ], [ -15.531237866984888, 27.877750114544007 ], [ -15.53352185698151, 27.879303116439321 ], [ -15.53364184421925, 27.880967129437323 ], [ -15.535998612077689, 27.881526775619847 ], [ -15.535224224256291, 27.884143202457523 ], [ -15.536475062710332, 27.885670513701523 ], [ -15.538346762975165, 27.885577567438176 ], [ -15.539071244418999, 27.886658066219557 ], [ -15.541766779519518, 27.888024114268621 ], [ -15.542139903440731, 27.890390494696629 ], [ -15.545546123355752, 27.892984475386129 ], [ -15.54740394201125, 27.893867589607982 ], [ -15.550469958111526, 27.89415302427404 ], [ -15.551830688082573, 27.896085036732909 ], [ -15.550966723814177, 27.899319687364805 ], [ -15.552509911754125, 27.901335997485159 ], [ -15.552210304264865, 27.903037776195358 ], [ -15.549991069204305, 27.905644928280008 ], [ -15.552646327902654, 27.907001923257329 ], [ -15.551847426769884, 27.910407144324477 ], [ -15.550687644770518, 27.911821938072968 ], [ -15.55268728978155, 27.913563325531808 ], [ -15.553912830215848, 27.918264953229475 ], [ -15.555176407103081, 27.91863897160091 ], [ -15.556385005570988, 27.920734932886013 ], [ -15.556846461081456, 27.922952160625542 ], [ -15.557839143360889, 27.923734156587628 ], [ -15.55554940449519, 27.925316121944313 ], [ -15.552730918606771, 27.924982840391102 ], [ -15.550929307366403, 27.92562603975194 ], [ -15.549463026302179, 27.927229740229542 ], [ -15.547015694816951, 27.926974372187857 ], [ -15.545760757325001, 27.92746024552406 ], [ -15.54449990098275, 27.929227337790863 ], [ -15.541584607657096, 27.93118801341225 ], [ -15.540136009635326, 27.93493327519343 ], [ -15.540240907597783, 27.937126534530901 ], [ -15.539296831944965, 27.939429234351486 ], [ -15.539390022147623, 27.942099894483253 ], [ -15.542773845089181, 27.944279921382559 ], [ -15.542875297286924, 27.946962224925173 ], [ -15.543951418751918, 27.949697839207452 ], [ -15.543301676896693, 27.950050179471425 ], [ -15.54119903509997, 27.949123404197604 ], [ -15.539461498079634, 27.946755580880616 ], [ -15.536427054124445, 27.946010539134075 ], [ -15.535524070846163, 27.943597207434646 ], [ -15.532658329615632, 27.941592597364242 ], [ -15.532002562508461, 27.940605025363055 ], [ -15.527038410182092, 27.937731118820103 ], [ -15.525460722370653, 27.936327646746534 ], [ -15.522153336950867, 27.935280826180204 ], [ -15.519195352903367, 27.93302074634083 ], [ -15.517823864927502, 27.929835993947304 ], [ -15.518780157318869, 27.926943425899385 ], [ -15.520527995611676, 27.92532810602831 ], [ -15.519951486720268, 27.922139461617093 ], [ -15.519312966132434, 27.913870242121032 ], [ -15.519550835381713, 27.909965856289787 ], [ -15.519057542884497, 27.906486968337123 ], [ -15.517332099185451, 27.900423818670802 ], [ -15.517605702287275, 27.897433381796343 ], [ -15.516140084529553, 27.896063164954928 ], [ -15.516225463740216, 27.893870131559005 ], [ -15.514611264429535, 27.891867825004688 ], [ -15.513325486119607, 27.889298593049595 ], [ -15.514663588579804, 27.886941322338913 ], [ -15.514487213913297, 27.885146462451665 ], [ -15.511911392331221, 27.881136650990861 ], [ -15.508642688557089, 27.878400238039458 ], [ -15.505609890794615, 27.876932230391535 ], [ -15.501400348097052, 27.875797807348839 ], [ -15.499119609860331, 27.875655118250641 ], [ -15.497886114132887, 27.87448653795142 ], [ -15.495039663317733, 27.873298117124211 ], [ -15.490699545147573, 27.873660149338061 ], [ -15.487545986528835, 27.872663700423509 ], [ -15.48387431104309, 27.872818621971295 ], [ -15.481275919292266, 27.871694753998369 ], [ -15.477976764618834, 27.872724604903865 ], [ -15.474729970348601, 27.871238779043335 ], [ -15.472672031809962, 27.869488739031755 ], [ -15.469136971397365, 27.868565174595137 ], [ -15.464061652524082, 27.869104682296651 ], [ -15.458665565467799, 27.86833420669069 ], [ -15.453800303872749, 27.868279128942067 ], [ -15.44904731402575, 27.865052940372035 ], [ -15.445257655067632, 27.864360950108018 ], [ -15.44162591952729, 27.863229305802619 ], [ -15.436599651768722, 27.863315132475559 ], [ -15.435508733053734, 27.862739098729001 ], [ -15.430679526212923, 27.86271647239921 ], [ -15.427675253566605, 27.861223634684439 ], [ -15.426015450615425, 27.861324478368036 ], [ -15.423148498815047, 27.859262412308354 ], [ -15.421429227817365, 27.859790863834682 ], [ -15.419597592828184, 27.858120339923044 ], [ -15.416988345687205, 27.857380064593457 ], [ -15.412877243306546, 27.854852059795498 ], [ -15.412145288498419, 27.853611397966198 ], [ -15.409430163541552, 27.851914069012633 ], [ -15.408337194813866, 27.849740810666898 ], [ -15.408390463298826, 27.847912200651908 ], [ -15.411754257581267, 27.848170466161445 ], [ -15.413351447251308, 27.847392551475192 ], [ -15.416163973638362, 27.844192744113542 ], [ -15.418714949560636, 27.839730834214041 ], [ -15.419071003131579, 27.838188104190596 ], [ -15.41850431444292, 27.83446385568498 ], [ -15.421347289800909, 27.833009391254073 ], [ -15.422493498646483, 27.830353535643788 ], [ -15.422142891645956, 27.825957468956805 ], [ -15.423389439124149, 27.822274873895438 ], [ -15.422920088872123, 27.820362225341867 ], [ -15.420977252719004, 27.818399982323097 ], [ -15.421169702626601, 27.814807925922597 ], [ -15.42247217605302, 27.812939030758223 ], [ -15.422713538606745, 27.810656399058495 ], [ -15.425424410043309, 27.807217263845949 ], [ -15.42746806313343, 27.805623977695404 ] ] ] ] } },
{ "type": "Feature", "properties": { "geocode": "35023", "geopadre": "ES705A22", "etiqueta": "Santa María de Guía de Gran Canaria", "notas": "Ayuntamiento de Santa María de Guía", "granularidad": "MUNICIPIOS", "gcd_provincia": "ES701", "gcd_isla": "ES705", "gcd_grancomarca": "ES705A2", "gcd_comarca": "ES705A22", "ign_sup": 4261.82, "ign_perim": 45372.0, "utm_x": 440017.78, "utm_y": 3109027.43, "longitud": -15.610644, "latitud": 28.105388, "utm_x_capi": 437852.4, "utm_y_capi": 3112748.76, "long_capi": -15.632885, "lati_capi": 28.138879 }, "geometry": { "type": "MultiPolygon", "coordinates": [ [ [ [ -15.649410164090284, 28.165036493942367 ], [ -15.646229875904101, 28.165074409838951 ], [ -15.645128449013876, 28.166169123042192 ], [ -15.642553465458198, 28.166760195102039 ], [ -15.641429117969096, 28.168217329658262 ], [ -15.639943499716777, 28.168646406905975 ], [ -15.63859924725552, 28.1718791255513 ], [ -15.637355297909538, 28.171882826463541 ], [ -15.634649878765469, 28.168731780977961 ], [ -15.633130405827513, 28.167838637379258 ], [ -15.631160597468583, 28.170067023724414 ], [ -15.630548040890902, 28.167774780117004 ], [ -15.628420556416675, 28.167429932598736 ], [ -15.628200269679621, 28.165884160106607 ], [ -15.62392771898606, 28.161999732762979 ], [ -15.6251969311338, 28.160270019177968 ], [ -15.623096893676264, 28.158886736178648 ], [ -15.621380238100668, 28.156175446915103 ], [ -15.621094257338344, 28.153652580415169 ], [ -15.619303927438251, 28.154538947588517 ], [ -15.617337199822243, 28.154288023613944 ], [ -15.616439409480186, 28.15161402095061 ], [ -15.615346283914265, 28.150740202182657 ], [ -15.61443199869864, 28.148318548559267 ], [ -15.612652969959587, 28.146879642569218 ], [ -15.610582789509156, 28.147186361725794 ], [ -15.607528365703814, 28.149075548826655 ], [ -15.605296082173288, 28.147047370823667 ], [ -15.602603856925516, 28.146973897517164 ], [ -15.6017041635232, 28.14510270480416 ], [ -15.598548988144394, 28.144274079417194 ], [ -15.595816619019375, 28.145536609658862 ], [ -15.59161953219529, 28.145898401288978 ], [ -15.58860658056919, 28.147304770040524 ], [ -15.586872168978008, 28.143855830334662 ], [ -15.587185172483553, 28.142724653586342 ], [ -15.59053897491772, 28.138685081909529 ], [ -15.59140148893705, 28.134985996558207 ], [ -15.590290349714078, 28.132732484323771 ], [ -15.591169814571803, 28.131390237162858 ], [ -15.589646518250872, 28.129229052372985 ], [ -15.590167592582789, 28.128220865725204 ], [ -15.589465051609086, 28.124793192759082 ], [ -15.589655495306747, 28.120271212360315 ], [ -15.590895978796212, 28.119009159886321 ], [ -15.590612155250469, 28.117014820762588 ], [ -15.589310623151237, 28.113949088464324 ], [ -15.587192753819849, 28.112629587900656 ], [ -15.58691965786981, 28.110902911844367 ], [ -15.585351306175138, 28.107993162308713 ], [ -15.585766232736649, 28.10601801275681 ], [ -15.587259030927839, 28.102726010991503 ], [ -15.589972084813352, 28.10072498514862 ], [ -15.594553792476429, 28.09571236344992 ], [ -15.597964106922634, 28.095341655822853 ], [ -15.600363517971214, 28.092631376324128 ], [ -15.601886568939639, 28.092679875536724 ], [ -15.601545938070652, 28.090240496136481 ], [ -15.607029301291128, 28.086183669762161 ], [ -15.609268744498278, 28.083564176171805 ], [ -15.610150501846114, 28.080040957847224 ], [ -15.611517449731267, 28.079700661570762 ], [ -15.612558465513507, 28.076965416284867 ], [ -15.615446133066849, 28.074563725735082 ], [ -15.616297423628183, 28.072220709095376 ], [ -15.617240361886044, 28.071936168568893 ], [ -15.622252642051611, 28.066922416444385 ], [ -15.622343124987342, 28.064573745332481 ], [ -15.621544026510909, 28.0630507334938 ], [ -15.622924420459684, 28.060624396997834 ], [ -15.621681045699292, 28.058872996579581 ], [ -15.623008291001033, 28.056081669707133 ], [ -15.624533202100555, 28.054365657026704 ], [ -15.623382302980142, 28.051600883453037 ], [ -15.621820647176945, 28.044587778795975 ], [ -15.621667215236744, 28.042632271889481 ], [ -15.618884548052296, 28.039965639847459 ], [ -15.618649968006219, 28.038626952684762 ], [ -15.620444211460859, 28.039260712725969 ], [ -15.622418632636863, 28.041634713715812 ], [ -15.623208275628242, 28.044514446589659 ], [ -15.62507386644449, 28.047409717559773 ], [ -15.625868306076155, 28.047382846211384 ], [ -15.629224397062892, 28.051810348096073 ], [ -15.629857694261776, 28.053653558767614 ], [ -15.629476685878425, 28.060385025658771 ], [ -15.632631960653226, 28.060729171624541 ], [ -15.632866526363909, 28.062304694178952 ], [ -15.635056650159619, 28.063466119812965 ], [ -15.637680497804196, 28.066915466226355 ], [ -15.636327419858047, 28.068590375546975 ], [ -15.635589894902417, 28.070964922720346 ], [ -15.635974462194003, 28.075013958201048 ], [ -15.637238341255378, 28.078921286055344 ], [ -15.634980006734423, 28.08514004345697 ], [ -15.636957059552968, 28.088874684772978 ], [ -15.636377048164242, 28.090790024847976 ], [ -15.636245950513294, 28.094795671673001 ], [ -15.636837118553522, 28.097525719916817 ], [ -15.635800966250194, 28.09996301114629 ], [ -15.636947010723645, 28.102643038416517 ], [ -15.635246853961224, 28.104717313305372 ], [ -15.635705149939341, 28.106664817462075 ], [ -15.633516997645611, 28.106727514532853 ], [ -15.632077842408849, 28.108022177547735 ], [ -15.63152560809405, 28.111963026039206 ], [ -15.634664611752655, 28.113776604908733 ], [ -15.638174468873276, 28.113884551945084 ], [ -15.638789595270696, 28.115912165486353 ], [ -15.638403629728382, 28.119835217418842 ], [ -15.640620329737024, 28.124871575176684 ], [ -15.641168402389134, 28.129481895514036 ], [ -15.641892134740369, 28.132269805252907 ], [ -15.643758361183769, 28.135404691364258 ], [ -15.641361831434736, 28.136434222183894 ], [ -15.637734374743591, 28.136649386596087 ], [ -15.635857960386593, 28.137318758753089 ], [ -15.634787394249303, 28.138888021766338 ], [ -15.638825278077176, 28.140723752426251 ], [ -15.640448469564953, 28.142096915097557 ], [ -15.641677989143613, 28.14406153179899 ], [ -15.639851915086362, 28.146174062252292 ], [ -15.639813967615925, 28.147883841163626 ], [ -15.641201448068745, 28.153258202962959 ], [ -15.643329246537848, 28.156638522460955 ], [ -15.646325104588259, 28.160432751211257 ], [ -15.649715820854709, 28.162948464236891 ], [ -15.649410164090284, 28.165036493942367 ] ] ] ] } },
{ "type": "Feature", "properties": { "geocode": "35024", "geopadre": "ES708A02", "etiqueta": "Teguise", "notas": "Ayuntamiento De Teguise", "granularidad": "MUNICIPIOS", "gcd_provincia": "ES701", "gcd_isla": "ES708", "gcd_grancomarca": "ES708A0", "gcd_comarca": "ES708A02", "ign_sup": 22400.6, "ign_perim": 75744.0, "utm_x": 641055.64, "utm_y": 3215347.73, "longitud": -13.551053, "latitud": 29.05863, "utm_x_capi": 640067.64, "utm_y_capi": 3215180.48, "long_capi": -13.56122, "lati_capi": 29.05723 }, "geometry": { "type": "MultiPolygon", "coordinates": [ [ [ [ -13.451540905101478, 29.081325374003246 ], [ -13.451441268546402, 29.079967467884995 ], [ -13.453439304702941, 29.076864948912984 ], [ -13.45369949123441, 29.07426656456461 ], [ -13.455865015977553, 29.071633671002179 ], [ -13.455922334139331, 29.069401309207009 ], [ -13.457335176456295, 29.068708712191405 ], [ -13.458917684923449, 29.066273076831145 ], [ -13.460175980533519, 29.062651916072003 ], [ -13.459999509092428, 29.060812592107482 ], [ -13.461299610392746, 29.058159501494707 ], [ -13.46249605688342, 29.05687828912772 ], [ -13.465549498098918, 29.056538517946848 ], [ -13.465905286194788, 29.052553493584988 ], [ -13.464281522589184, 29.050496583793052 ], [ -13.464749038620534, 29.04941098916736 ], [ -13.463323598884701, 29.045375420970476 ], [ -13.464346746516632, 29.043926310341448 ], [ -13.465924833376697, 29.043348220874581 ], [ -13.467006679487026, 29.040462917653045 ], [ -13.46801478073024, 29.039796010670102 ], [ -13.467694916490826, 29.036001764430932 ], [ -13.469202194845348, 29.033984167261572 ], [ -13.467100562859899, 29.029738338620479 ], [ -13.465600986306093, 29.029055689515832 ], [ -13.465528462427015, 29.027214690005152 ], [ -13.463619339985172, 29.024408547375973 ], [ -13.46427942546217, 29.020797676059036 ], [ -13.46602080319188, 29.017198914353603 ], [ -13.468872606369683, 29.014964370061335 ], [ -13.473185325696704, 29.015306520421589 ], [ -13.476130570045614, 29.013907386149491 ], [ -13.476431126807681, 29.012610562827749 ], [ -13.475775424225716, 29.008619424616086 ], [ -13.475984244113416, 29.00568918979199 ], [ -13.478045134381581, 29.004762878071638 ], [ -13.480050426148397, 29.001907310025036 ], [ -13.482247872627527, 29.001129408050446 ], [ -13.481389474142151, 28.999311417748263 ], [ -13.483793448486285, 28.999149437098971 ], [ -13.485525204221014, 28.999796628367555 ], [ -13.487571295909159, 28.999087600497845 ], [ -13.488455477997126, 28.997929939006081 ], [ -13.487628260916964, 28.995221981239336 ], [ -13.485717535259703, 28.994533772121539 ], [ -13.485591136804317, 28.99273319265027 ], [ -13.486680861069548, 28.992233327374301 ], [ -13.488779507131619, 28.993310759414864 ], [ -13.490523684282328, 28.992494571144039 ], [ -13.495311855043191, 28.992989047099744 ], [ -13.498168342316669, 28.990312025273074 ], [ -13.500042758439946, 28.989736408873206 ], [ -13.50154054648533, 28.988110927402811 ], [ -13.506730225100439, 28.986889264460562 ], [ -13.508410907583386, 28.986132134535861 ], [ -13.508910335285606, 28.98463795306597 ], [ -13.511084201001731, 28.983326800553755 ], [ -13.511279602605745, 28.981367816460413 ], [ -13.513246339215756, 28.98173818975917 ], [ -13.51568124610603, 28.981365155255265 ], [ -13.534156496102776, 28.981884432913507 ], [ -13.54582647870108, 28.982481725126334 ], [ -13.547313003964772, 28.982921005553493 ], [ -13.54866229773083, 28.98484316414444 ], [ -13.549828982683685, 28.985254182611055 ], [ -13.551796070947768, 28.989167665599052 ], [ -13.552155986798788, 28.99065624378439 ], [ -13.553867507569622, 28.993260765439675 ], [ -13.554369720672485, 28.997851485858256 ], [ -13.551665292106447, 29.002159602253318 ], [ -13.551569468864153, 29.004054601368981 ], [ -13.553931047041889, 29.003237873470031 ], [ -13.556785868411303, 29.004037262591886 ], [ -13.556583413386058, 29.006328196845971 ], [ -13.561824853995043, 29.005386018811603 ], [ -13.567601657444106, 29.005583173797778 ], [ -13.573807821406385, 29.003708288001981 ], [ -13.576101287456586, 29.002201604530502 ], [ -13.57712254704629, 29.002872198589944 ], [ -13.585208620492928, 29.003377025538313 ], [ -13.586217689251605, 29.007482328730365 ], [ -13.587349765817139, 29.009411215348166 ], [ -13.596825600155988, 29.019915573833025 ], [ -13.600604281131661, 29.019069231791303 ], [ -13.604244838869207, 29.019641083730171 ], [ -13.608377396254072, 29.021013176008708 ], [ -13.625950418980535, 29.020748787518897 ], [ -13.630987898429771, 29.021451608752773 ], [ -13.633105374667689, 29.022378697302049 ], [ -13.642266572402319, 29.028657480284227 ], [ -13.649805384194485, 29.026331576996501 ], [ -13.646705249726969, 29.03081522884062 ], [ -13.645463815838514, 29.035066378236703 ], [ -13.645401159508898, 29.037846234444991 ], [ -13.644481797120271, 29.039570498707103 ], [ -13.64428938304426, 29.042319714027578 ], [ -13.64262217335032, 29.049572099354496 ], [ -13.639937721422532, 29.060067819440597 ], [ -13.639178632919908, 29.064246605994366 ], [ -13.640775071369614, 29.069014285334106 ], [ -13.640868996886251, 29.074982775764269 ], [ -13.641252394231849, 29.077306879999743 ], [ -13.64162016340445, 29.084943084574704 ], [ -13.642735497564438, 29.090411401315315 ], [ -13.645128473545443, 29.100347472147359 ], [ -13.647466602185769, 29.109111743775426 ], [ -13.649204929263881, 29.117718916769945 ], [ -13.649147055837751, 29.120309497897217 ], [ -13.651925849954868, 29.122083891241378 ], [ -13.651647206935158, 29.123287666732704 ], [ -13.648053337018581, 29.124303523532461 ], [ -13.644451964434596, 29.124601905977485 ], [ -13.641222610522508, 29.123865229784375 ], [ -13.640477071924048, 29.122850694579181 ], [ -13.639744441163986, 29.119462429793447 ], [ -13.636735347829653, 29.116468160249276 ], [ -13.634692356079672, 29.116959697711415 ], [ -13.633139769435717, 29.115797709029081 ], [ -13.632239814142018, 29.116813672048924 ], [ -13.630382251315295, 29.116909119977098 ], [ -13.627135730581378, 29.120369967997018 ], [ -13.624771979092126, 29.12396942612035 ], [ -13.622833878246778, 29.124727613738592 ], [ -13.622646933306871, 29.125880701104922 ], [ -13.620837565339535, 29.127410387738077 ], [ -13.616710869652517, 29.128564958352648 ], [ -13.613696296426488, 29.127573300553724 ], [ -13.610810069881333, 29.129067149734478 ], [ -13.609278743455731, 29.132004435754062 ], [ -13.607567272155205, 29.13349301432552 ], [ -13.606137502666334, 29.133593519042932 ], [ -13.604100283581742, 29.135613410753702 ], [ -13.600873117923728, 29.135295462256902 ], [ -13.596703593010089, 29.135822629352056 ], [ -13.589290101777417, 29.133970148165407 ], [ -13.585361139802506, 29.13370495597372 ], [ -13.579935125553996, 29.129392836633535 ], [ -13.576819920726511, 29.127810516634259 ], [ -13.575470564360064, 29.125698903112987 ], [ -13.571988047206233, 29.124538174873202 ], [ -13.571374224303405, 29.122223954168 ], [ -13.569912656947663, 29.12110254798392 ], [ -13.566744554943256, 29.120793922361916 ], [ -13.563910553094392, 29.118927570058755 ], [ -13.563572862521422, 29.117324772917012 ], [ -13.559842934479471, 29.115837132071658 ], [ -13.557328100340536, 29.115828404073742 ], [ -13.550443003199392, 29.117558903169538 ], [ -13.54653097230549, 29.119088926269864 ], [ -13.539529801535027, 29.123882059208004 ], [ -13.534642636363996, 29.129189531694784 ], [ -13.531735316473165, 29.133861534875358 ], [ -13.530102076068548, 29.135446766019989 ], [ -13.529650002938604, 29.133777352710627 ], [ -13.528741431571184, 29.123395034036072 ], [ -13.528669892168432, 29.119417641582832 ], [ -13.523128600449898, 29.117766541244798 ], [ -13.521343544016968, 29.117592369563535 ], [ -13.514290296725784, 29.114520310366437 ], [ -13.506959280204576, 29.111771246205389 ], [ -13.505080114927491, 29.110289507254922 ], [ -13.504833394079261, 29.108949288075173 ], [ -13.501278909584366, 29.107140918750659 ], [ -13.497178029670048, 29.103505067905182 ], [ -13.495955973373198, 29.100984709427053 ], [ -13.491694357915215, 29.097686529774503 ], [ -13.485114906315406, 29.094369610622579 ], [ -13.481765003849274, 29.0922884573022 ], [ -13.466397848355925, 29.085854677784862 ], [ -13.464625130517154, 29.084766348980335 ], [ -13.457604781553666, 29.083037065475473 ], [ -13.454722693817088, 29.082541294300263 ], [ -13.451540905101478, 29.081325374003246 ] ] ], [ [ [ -13.472150941140017, 29.266644359729071 ], [ -13.472911336619026, 29.263749061874144 ], [ -13.474457481140476, 29.263886639689503 ], [ -13.475648233734933, 29.261458630255397 ], [ -13.476845222553377, 29.261399851518675 ], [ -13.47816156444739, 29.259872808842342 ], [ -13.480395123434512, 29.260612369354231 ], [ -13.483303418356178, 29.259888981554266 ], [ -13.486940500019944, 29.256371091356428 ], [ -13.486971491692879, 29.255380050963534 ], [ -13.488809563924617, 29.253389382811935 ], [ -13.489122136134011, 29.25103723390103 ], [ -13.488642317442636, 29.24911125438167 ], [ -13.489686690906266, 29.245209643986307 ], [ -13.49075149417096, 29.243845392812727 ], [ -13.492566553914729, 29.244042379375038 ], [ -13.49238714984171, 29.241278354661436 ], [ -13.494868585776073, 29.238957354083993 ], [ -13.494618222310008, 29.237689487100585 ], [ -13.496969006403836, 29.236016520695813 ], [ -13.497146196002692, 29.234274160778643 ], [ -13.500684670070832, 29.232108038891507 ], [ -13.502159040196377, 29.229831445619585 ], [ -13.503718258687245, 29.230289272667903 ], [ -13.504995579265882, 29.225939684115154 ], [ -13.506429964063843, 29.22517832392878 ], [ -13.509559621805908, 29.225391569146044 ], [ -13.512191897954343, 29.226399264688265 ], [ -13.515558455667373, 29.225622276999225 ], [ -13.518693521585199, 29.222720690920831 ], [ -13.520171207794583, 29.220681289083302 ], [ -13.522795311719575, 29.219110295386617 ], [ -13.525259472094076, 29.219360145025732 ], [ -13.528163291174902, 29.2207064154174 ], [ -13.530775700742469, 29.220377617792938 ], [ -13.531219381365448, 29.219065502723073 ], [ -13.533556705199606, 29.216953350954707 ], [ -13.53611256445536, 29.217121371253743 ], [ -13.537215832501033, 29.220997785766251 ], [ -13.53997206418426, 29.220596933213429 ], [ -13.541498387588073, 29.22108015875336 ], [ -13.543600272760543, 29.220045404693042 ], [ -13.545274165634858, 29.220289087056177 ], [ -13.547572493349263, 29.222195857351519 ], [ -13.548669543779056, 29.227236584450178 ], [ -13.545689137075984, 29.23266771409579 ], [ -13.541503456655134, 29.233874550275878 ], [ -13.538173746294918, 29.236235076697294 ], [ -13.536469484647384, 29.235700328525507 ], [ -13.533299871389172, 29.23649713484264 ], [ -13.530731558724444, 29.239117698223982 ], [ -13.527536613643917, 29.240714954114381 ], [ -13.525910515837582, 29.242249754317509 ], [ -13.526736429830477, 29.247324085170632 ], [ -13.526380633348623, 29.249227191950016 ], [ -13.527881633264499, 29.250618789294414 ], [ -13.527983216813231, 29.252123677729191 ], [ -13.523802446163021, 29.253485524492628 ], [ -13.523172542529682, 29.255344180370642 ], [ -13.521562599807627, 29.256534485669398 ], [ -13.521625313969059, 29.259713599831695 ], [ -13.52214953028499, 29.261198942628372 ], [ -13.521696265464383, 29.264533327963765 ], [ -13.522115762028966, 29.268453657252326 ], [ -13.520880994594679, 29.271534549777563 ], [ -13.519147555383467, 29.273312338554305 ], [ -13.517132166958724, 29.274246594992675 ], [ -13.51494241842288, 29.278843619717541 ], [ -13.51644861083993, 29.281628935608236 ], [ -13.513242940782561, 29.287603770502944 ], [ -13.510945749665758, 29.289616635208116 ], [ -13.50800747794454, 29.290484700001898 ], [ -13.505895096518026, 29.289289225445323 ], [ -13.504212562760475, 29.287253691035886 ], [ -13.502947667777157, 29.286959019571423 ], [ -13.500688231623403, 29.283906291984447 ], [ -13.49858547751057, 29.284275631771877 ], [ -13.49637378438071, 29.281665617304327 ], [ -13.496475448111456, 29.280142443646049 ], [ -13.494503791122598, 29.278793004815892 ], [ -13.49160896919782, 29.27878365176926 ], [ -13.487966076556608, 29.279839746816094 ], [ -13.483962589716525, 29.279378768618098 ], [ -13.482115303372433, 29.278631375596053 ], [ -13.480887614354149, 29.277058023534099 ], [ -13.476022470819352, 29.272227608252088 ], [ -13.475049018416714, 29.27093627787934 ], [ -13.473355497288384, 29.27060147227256 ], [ -13.472150941140017, 29.266644359729071 ] ] ], [ [ [ -13.497899648342223, 29.412890335625626 ], [ -13.494512861797535, 29.410364472260543 ], [ -13.493827490164678, 29.40779233584994 ], [ -13.491812555221317, 29.405906680289181 ], [ -13.490830770613183, 29.404228246939688 ], [ -13.488959962114382, 29.405118022460961 ], [ -13.489742868213735, 29.40181114379137 ], [ -13.491574722518019, 29.399025059607141 ], [ -13.492836005500902, 29.395858422255255 ], [ -13.496426635528127, 29.392588739577626 ], [ -13.498542355447135, 29.392248994723907 ], [ -13.50240768210724, 29.390795665229518 ], [ -13.503916263227056, 29.387971226908668 ], [ -13.506488346179442, 29.38488904684721 ], [ -13.510968423270096, 29.385283969234866 ], [ -13.515641345765342, 29.38610155495126 ], [ -13.519284413327313, 29.382874546466649 ], [ -13.522852693914519, 29.382645574515866 ], [ -13.523613933525946, 29.383452802077784 ], [ -13.526040257130951, 29.383506381318821 ], [ -13.529308902566683, 29.38558137881013 ], [ -13.530496689133299, 29.391983079923797 ], [ -13.531484589291022, 29.393682428898124 ], [ -13.530834035456305, 29.40028848510735 ], [ -13.529193903534795, 29.402700115926383 ], [ -13.527448238560781, 29.403691536288431 ], [ -13.525317972155719, 29.40606546393845 ], [ -13.525146158963938, 29.407445719826171 ], [ -13.523073515181457, 29.407456690244715 ], [ -13.523899632724431, 29.410748543115567 ], [ -13.517948669953412, 29.410963992397669 ], [ -13.516877769963829, 29.411976388759285 ], [ -13.514651672121762, 29.41221961360991 ], [ -13.514501638205644, 29.413725633199221 ], [ -13.512399420003288, 29.413752536925088 ], [ -13.510514267199827, 29.415756462765408 ], [ -13.509167642763678, 29.415058169741659 ], [ -13.505108506512341, 29.415276085877089 ], [ -13.502743908292517, 29.412778388305302 ], [ -13.497899648342223, 29.412890335625626 ] ] ], [ [ [ -13.535308250455639, 29.306747358163619 ], [ -13.53378417960214, 29.303389627330265 ], [ -13.530623097250466, 29.30514103636208 ], [ -13.529711638285804, 29.30430804138452 ], [ -13.529590599242846, 29.299360679923762 ], [ -13.532942666570367, 29.295193628693678 ], [ -13.53138481219492, 29.294048315328276 ], [ -13.532121159024078, 29.292589727640557 ], [ -13.531175341182186, 29.291002779178548 ], [ -13.533541415444786, 29.290884890233489 ], [ -13.534482762845498, 29.289407602396739 ], [ -13.537335913653397, 29.289553824867472 ], [ -13.538084995976496, 29.288785696901904 ], [ -13.54028806173813, 29.289550944538597 ], [ -13.539379509059723, 29.291584577712683 ], [ -13.537290421811649, 29.294514170438319 ], [ -13.538046586381425, 29.297090850697696 ], [ -13.539541345270637, 29.298376931545995 ], [ -13.539411097118707, 29.300447973937651 ], [ -13.540128839682231, 29.302277854337813 ], [ -13.53780770153579, 29.304871877466248 ], [ -13.535308250455639, 29.306747358163619 ] ] ], [ [ [ -13.336990634739774, 29.27800134384146 ], [ -13.335605140943743, 29.277331512247883 ], [ -13.339327600873279, 29.274364755958025 ], [ -13.33954077581644, 29.275552755508087 ], [ -13.336990634739774, 29.27800134384146 ] ] ] ] } },
{ "type": "Feature", "properties": { "geocode": "35025", "geopadre": "ES705A23", "etiqueta": "Tejeda", "notas": "Ayuntamiento de Tejeda", "granularidad": "MUNICIPIOS", "gcd_provincia": "ES701", "gcd_isla": "ES705", "gcd_grancomarca": "ES705A2", "gcd_comarca": "ES705A23", "ign_sup": 10386.3, "ign_perim": 63240.0, "utm_x": 433425.62, "utm_y": 3093394.88, "longitud": -15.676868, "latitud": 27.963964, "utm_x_capi": 439468.99, "utm_y_capi": 3096804.55, "long_capi": -15.615602, "lati_capi": 27.995031 }, "geometry": { "type": "MultiPolygon", "coordinates": [ [ [ [ -15.663288505428698, 27.912087918394711 ], [ -15.666090500126307, 27.91380451919844 ], [ -15.668136561717521, 27.915683687161586 ], [ -15.671004196285587, 27.916274923889198 ], [ -15.672517811015002, 27.917730359442956 ], [ -15.673485313959095, 27.916236457875794 ], [ -15.675698907554734, 27.914573288657088 ], [ -15.677759096124868, 27.911401921597683 ], [ -15.677510611592281, 27.909238572514006 ], [ -15.678487027131631, 27.908661687119654 ], [ -15.680215870432496, 27.909959757512663 ], [ -15.682357410005576, 27.908999152335028 ], [ -15.684254760873733, 27.909921714078244 ], [ -15.684709572509036, 27.914954642629663 ], [ -15.685402348592559, 27.916359524805639 ], [ -15.687658851529521, 27.918104291527772 ], [ -15.686965653793838, 27.920589778870774 ], [ -15.687812726391844, 27.92223681284289 ], [ -15.687353875039138, 27.924644364659613 ], [ -15.687842624433706, 27.926684018892939 ], [ -15.687050629213237, 27.928521451117405 ], [ -15.683829095692476, 27.93067242123848 ], [ -15.683405845206188, 27.934398963650313 ], [ -15.683701886824942, 27.936432418950545 ], [ -15.68228620003905, 27.941012482183293 ], [ -15.685237509870054, 27.944512148037195 ], [ -15.687135456885921, 27.945787411366815 ], [ -15.68809864076492, 27.94788495264298 ], [ -15.692543993103962, 27.949623781977397 ], [ -15.693438921432072, 27.948350948337222 ], [ -15.695485487825996, 27.9472399268389 ], [ -15.697392851253266, 27.947812545363394 ], [ -15.703368169330082, 27.947994468429812 ], [ -15.708879999423962, 27.94557255741266 ], [ -15.712953318916059, 27.945511452199192 ], [ -15.716620549338673, 27.946000269004465 ], [ -15.718387109923587, 27.947307383252397 ], [ -15.72211300059654, 27.949004203563916 ], [ -15.724718232324314, 27.948885411722085 ], [ -15.726212390019684, 27.946655136800331 ], [ -15.729673589676059, 27.942950839489505 ], [ -15.730580227346715, 27.942863064645174 ], [ -15.734613817299854, 27.939129446364376 ], [ -15.735475105747806, 27.942241305436042 ], [ -15.73633024609614, 27.947288188244269 ], [ -15.73847558041764, 27.950817748878155 ], [ -15.73854527713284, 27.95300070220825 ], [ -15.739650287001407, 27.955857967348461 ], [ -15.740992768440218, 27.957466060959639 ], [ -15.742653722140998, 27.958115135144137 ], [ -15.745965184762049, 27.962030254521999 ], [ -15.747957594656137, 27.9626758408859 ], [ -15.747452166537697, 27.966312351945781 ], [ -15.748340513220983, 27.966826426274952 ], [ -15.748283869782181, 27.972244609450794 ], [ -15.747846068177251, 27.975169863478154 ], [ -15.748257354602586, 27.978284433068886 ], [ -15.747445129818553, 27.979802297406209 ], [ -15.74868714015448, 27.983810124690375 ], [ -15.748323662761644, 27.985014808626897 ], [ -15.751063551714442, 27.987202775685642 ], [ -15.749591850133339, 27.988006244214112 ], [ -15.745857110374308, 27.988221502751934 ], [ -15.742892223260988, 27.986983192003468 ], [ -15.740414607225841, 27.98710192344079 ], [ -15.739982466132911, 27.984865977258885 ], [ -15.738156973185239, 27.984461993565212 ], [ -15.734831072024701, 27.981979378150918 ], [ -15.730775670885908, 27.981609865545515 ], [ -15.726271199410522, 27.980181111878949 ], [ -15.724651783147211, 27.980708330123836 ], [ -15.721953636377084, 27.984041633785509 ], [ -15.721806637764605, 27.986383869222784 ], [ -15.717638031154001, 27.988311689389334 ], [ -15.716014803443644, 27.988237652882571 ], [ -15.715147003932945, 27.98974740629863 ], [ -15.712017590525065, 27.989640011262129 ], [ -15.710945593862984, 27.991183689915196 ], [ -15.709255845649341, 27.99155653388792 ], [ -15.708970412765943, 27.992728607465217 ], [ -15.704822056774624, 27.993260611950394 ], [ -15.701734188717531, 27.992975220581272 ], [ -15.696778845918788, 27.990622272831576 ], [ -15.694995457190741, 27.99049107260555 ], [ -15.694074603106575, 27.988131071553934 ], [ -15.692041326526827, 27.987658060423641 ], [ -15.690395734658306, 27.989701536464285 ], [ -15.690981603899909, 27.991010822355822 ], [ -15.68848731948585, 27.993077520988329 ], [ -15.686293616669191, 27.992247563646632 ], [ -15.684527332348939, 27.992881853053465 ], [ -15.678949210952696, 27.993553922499746 ], [ -15.678521943591981, 27.995312296380369 ], [ -15.674693904177369, 27.998291502093753 ], [ -15.673634160362219, 28.001131484245146 ], [ -15.671022651856555, 28.001296665552818 ], [ -15.672110936614946, 28.00275985325975 ], [ -15.670369111516351, 28.004317706080059 ], [ -15.668715965082908, 28.003926838306661 ], [ -15.6667881983792, 28.004707752837383 ], [ -15.665457994981416, 28.004065124320498 ], [ -15.663581728551954, 28.004756775270032 ], [ -15.661089166150951, 28.004301115398022 ], [ -15.65763833786996, 28.001947258713411 ], [ -15.654260766222839, 28.002074115805478 ], [ -15.649686155517665, 28.001417847473341 ], [ -15.648843424423205, 28.002350991076401 ], [ -15.645065328422335, 28.001845168717107 ], [ -15.641395100416165, 28.003841233187362 ], [ -15.638746141813654, 28.003563231226572 ], [ -15.633612917580448, 28.008271508070219 ], [ -15.633397988815801, 28.009220078223027 ], [ -15.628614051798991, 28.011256173506997 ], [ -15.625208645097587, 28.014122397390093 ], [ -15.624896317702062, 28.015546414948162 ], [ -15.62296997002975, 28.017350065454202 ], [ -15.621598069786405, 28.017682069616743 ], [ -15.617440302637485, 28.016141635183249 ], [ -15.613292001797339, 28.017066481362232 ], [ -15.613826046903547, 28.018655807061197 ], [ -15.612137525981732, 28.019151517387407 ], [ -15.610392390533814, 28.017980427265929 ], [ -15.607533604388427, 28.017849348380071 ], [ -15.604318106423669, 28.016977182389304 ], [ -15.600782647920848, 28.013503142541381 ], [ -15.600032854327386, 28.011551051663162 ], [ -15.599529909229265, 28.004970715512918 ], [ -15.59726167253732, 28.003151606553558 ], [ -15.596101283518111, 28.000304718092917 ], [ -15.59672529692955, 27.997700215599995 ], [ -15.595603775829041, 27.993975498228959 ], [ -15.59379183352625, 27.992707967868661 ], [ -15.592372065081088, 27.990875969687288 ], [ -15.593369469127161, 27.987901593583334 ], [ -15.59229764046591, 27.985116288526726 ], [ -15.591178404415547, 27.98482443885317 ], [ -15.589101470475054, 27.982812888674662 ], [ -15.587212187278467, 27.982519914904156 ], [ -15.585961915009396, 27.980859962567042 ], [ -15.585617974337811, 27.979112922222765 ], [ -15.58387108171101, 27.978172551531195 ], [ -15.584093535532491, 27.977180246170452 ], [ -15.582274325035122, 27.975776711901034 ], [ -15.576994514163051, 27.968598158057304 ], [ -15.574548924960956, 27.964945263647589 ], [ -15.571767727274143, 27.962116211496451 ], [ -15.575722987797173, 27.962204580200037 ], [ -15.577500560227245, 27.960969448100201 ], [ -15.578021431439435, 27.95893179682124 ], [ -15.579589423059778, 27.957880659694371 ], [ -15.581965698586954, 27.954597219083027 ], [ -15.584490444708019, 27.953631951099858 ], [ -15.585015323038052, 27.952653016849521 ], [ -15.588651001139974, 27.952052750981192 ], [ -15.591515599397191, 27.954137291833199 ], [ -15.59328034638926, 27.954884920505986 ], [ -15.596803056122743, 27.957847083549737 ], [ -15.598667746153726, 27.958173167453261 ], [ -15.600447190893217, 27.960011117778759 ], [ -15.599049867642362, 27.963345216825864 ], [ -15.600941283328597, 27.965509847749715 ], [ -15.605351468759942, 27.964604538545583 ], [ -15.609505087538363, 27.957518602251678 ], [ -15.611030518463147, 27.956362729224182 ], [ -15.612677272298827, 27.953273315718693 ], [ -15.616608539255466, 27.95088666190474 ], [ -15.622171065098698, 27.950433352639909 ], [ -15.624974927164317, 27.948676659212737 ], [ -15.626776107763686, 27.948455575923052 ], [ -15.627962263242162, 27.949322256265287 ], [ -15.630881939332413, 27.946346695766842 ], [ -15.631218137142636, 27.942325765412754 ], [ -15.632079105726778, 27.941593295354362 ], [ -15.631324706053224, 27.939474276732792 ], [ -15.634972385833226, 27.935881918591768 ], [ -15.636639531734673, 27.93489630065298 ], [ -15.636677237807771, 27.933227635082392 ], [ -15.637880715121412, 27.931155624932781 ], [ -15.640105600707816, 27.929682374640734 ], [ -15.640740854563607, 27.928369989728242 ], [ -15.643958554972908, 27.925896549984675 ], [ -15.644787194457928, 27.92353379074374 ], [ -15.647532919863819, 27.921749184674926 ], [ -15.649695553995222, 27.921711378582529 ], [ -15.650610542865374, 27.919761148086852 ], [ -15.652221892827175, 27.918506203434653 ], [ -15.654710437338702, 27.915519472695848 ], [ -15.657432520507504, 27.914564119378422 ], [ -15.660937850836543, 27.914402463080467 ], [ -15.663288505428698, 27.912087918394711 ] ] ] ] } },
{ "type": "Feature", "properties": { "geocode": "35026", "geopadre": "ES705A10", "etiqueta": "Telde", "notas": "Ayuntamiento De Telde", "granularidad": "MUNICIPIOS", "gcd_provincia": "ES701", "gcd_isla": "ES705", "gcd_grancomarca": "ES705A1", "gcd_comarca": "ES705A10", "ign_sup": 10033.1, "ign_perim": 75999.0, "utm_x": 458649.89, "utm_y": 3095488.54, "longitud": -15.420491, "latitud": 27.983886, "utm_x_capi": 459241.43, "utm_y_capi": 3097625.5, "long_capi": -15.41455, "lati_capi": 28.003195 }, "geometry": { "type": "MultiPolygon", "coordinates": [ [ [ [ -15.380651805622929, 27.930571143419815 ], [ -15.382913862343459, 27.93219906963115 ], [ -15.386494168768905, 27.93625707112362 ], [ -15.387766813313522, 27.937056504541374 ], [ -15.391641866368248, 27.938170316457153 ], [ -15.394311104672889, 27.938176988849786 ], [ -15.397269416982667, 27.938925845314241 ], [ -15.402637362078117, 27.941092943278431 ], [ -15.405904268382788, 27.941355360203215 ], [ -15.408654179309414, 27.940664621779423 ], [ -15.411322082725672, 27.939457859638356 ], [ -15.414550577284215, 27.939704515127101 ], [ -15.414868298544567, 27.938374061826575 ], [ -15.419023599872952, 27.93811593858516 ], [ -15.422073848740888, 27.936996199797861 ], [ -15.427619016704785, 27.93811446512813 ], [ -15.428753866662294, 27.938984086499673 ], [ -15.428825038581071, 27.941109958882663 ], [ -15.431160526362669, 27.942944039488694 ], [ -15.432091431104782, 27.942194388849636 ], [ -15.433945023885901, 27.943092329101546 ], [ -15.435331040843495, 27.942682667355662 ], [ -15.43835366967101, 27.946898683052964 ], [ -15.441993107621411, 27.947420410540971 ], [ -15.44411412525854, 27.946725782997394 ], [ -15.445796114250541, 27.947459747653884 ], [ -15.448396115795898, 27.946886272543363 ], [ -15.450151779617251, 27.947871477859263 ], [ -15.452464438291345, 27.946885491408803 ], [ -15.458105077413558, 27.948281436121544 ], [ -15.459244398337054, 27.950663601307415 ], [ -15.460776598367724, 27.950160865856191 ], [ -15.465788216451841, 27.951642838579822 ], [ -15.468654038391389, 27.950660594071476 ], [ -15.471943838015502, 27.951405905214123 ], [ -15.474367567855031, 27.950258270890163 ], [ -15.477297512952823, 27.949916989825294 ], [ -15.480153424690066, 27.950626452362364 ], [ -15.480658212083048, 27.948960980676461 ], [ -15.488346336125712, 27.948958476134909 ], [ -15.494797407079389, 27.948642634743692 ], [ -15.495976817102649, 27.950082052186605 ], [ -15.497948238819804, 27.950384603152436 ], [ -15.500080931815814, 27.949678963515328 ], [ -15.509066859050364, 27.952385174077364 ], [ -15.511508409932626, 27.951632880937915 ], [ -15.515805436917908, 27.950474730695994 ], [ -15.526373424298676, 27.951418360249608 ], [ -15.530697134396735, 27.953337015489812 ], [ -15.531948878564123, 27.955254765479715 ], [ -15.527602237310306, 27.953798338385802 ], [ -15.526512141315751, 27.953093737269782 ], [ -15.524613389143646, 27.953583108808644 ], [ -15.522533714508889, 27.955958009044764 ], [ -15.518981352702856, 27.958025883238061 ], [ -15.517352419855376, 27.959698679490522 ], [ -15.511154651321228, 27.95923971609859 ], [ -15.50877187433813, 27.960128728380258 ], [ -15.507316040243033, 27.962778984887109 ], [ -15.504130547896539, 27.964231568468989 ], [ -15.50036730691845, 27.963701471693089 ], [ -15.497771192263633, 27.964622159733409 ], [ -15.495009126102905, 27.966360714506429 ], [ -15.493746761818155, 27.96774788450529 ], [ -15.492460401738109, 27.967697609202055 ], [ -15.489216017315854, 27.970669221677856 ], [ -15.488263318251089, 27.970879146987993 ], [ -15.486519947715994, 27.974781584824921 ], [ -15.483997565905963, 27.978267594153195 ], [ -15.481710340976917, 27.977957866667833 ], [ -15.476517911231763, 27.978793738159826 ], [ -15.472074601792842, 27.981053460310704 ], [ -15.468301268068867, 27.981346271909942 ], [ -15.46320929970514, 27.983367396684447 ], [ -15.46222432137413, 27.990176937027346 ], [ -15.460981731017355, 27.99023447616112 ], [ -15.458592405204648, 27.992786476360138 ], [ -15.460579928382177, 27.997231053605141 ], [ -15.461510136914917, 27.997449388401524 ], [ -15.461762847399706, 28.002297771203121 ], [ -15.460817623350597, 28.006066094278864 ], [ -15.462026154426081, 28.007018091676201 ], [ -15.466358226046717, 28.008504737201157 ], [ -15.469441813447697, 28.008300573957204 ], [ -15.473380390173816, 28.00861583528388 ], [ -15.475013370709206, 28.008001612510334 ], [ -15.481575147380573, 28.007252443359079 ], [ -15.483091961339859, 28.006520502530361 ], [ -15.485024315683452, 28.00689368564823 ], [ -15.488872388611753, 28.009684667553412 ], [ -15.490498220134965, 28.010449970666354 ], [ -15.489534929361493, 28.012339652581122 ], [ -15.491435880136695, 28.012583533797031 ], [ -15.494322267053846, 28.014037712176073 ], [ -15.498318898054489, 28.013302314411757 ], [ -15.499572724541563, 28.012574621198876 ], [ -15.503014895564219, 28.013474236649738 ], [ -15.49631521660692, 28.015769445317677 ], [ -15.491442387460181, 28.016064952942372 ], [ -15.488201712825935, 28.017439376083768 ], [ -15.486804771487162, 28.019204685853019 ], [ -15.48634742275201, 28.021346988694688 ], [ -15.484935213128191, 28.022410675901963 ], [ -15.481859600199565, 28.022491797488673 ], [ -15.479194406819467, 28.023191797491471 ], [ -15.477043592233064, 28.022212511159964 ], [ -15.473997637042297, 28.022643641194513 ], [ -15.470099961663369, 28.022445867794357 ], [ -15.468464742515737, 28.023588902203759 ], [ -15.465742474753636, 28.022809078584729 ], [ -15.463807431834727, 28.023732956988606 ], [ -15.460879084250895, 28.024240058117254 ], [ -15.458601476829701, 28.024079159979618 ], [ -15.456528807031001, 28.02513174302079 ], [ -15.455337934636745, 28.024463337413245 ], [ -15.452603546418878, 28.025251446051701 ], [ -15.449462840701159, 28.024985777884652 ], [ -15.444842190690828, 28.027418345739516 ], [ -15.443448534076291, 28.030539549556437 ], [ -15.441165063527157, 28.031442569871853 ], [ -15.43929612629503, 28.033408342797369 ], [ -15.437427795896241, 28.033140927103165 ], [ -15.43409807803565, 28.035018438183716 ], [ -15.43143816995835, 28.034670354586378 ], [ -15.42957210530767, 28.035122899459097 ], [ -15.427351886138112, 28.036762683297315 ], [ -15.423957959504232, 28.038280220771643 ], [ -15.420839037169818, 28.038825190679919 ], [ -15.417823092788401, 28.038105295091487 ], [ -15.416744726782634, 28.036867198069224 ], [ -15.416818607635051, 28.034530259720231 ], [ -15.415917572022606, 28.032309953823237 ], [ -15.413506296461469, 28.030594793618395 ], [ -15.410249077219422, 28.030782130319931 ], [ -15.406706835468817, 28.028941684217141 ], [ -15.401681293614345, 28.028506591235779 ], [ -15.398673382116426, 28.030075673833611 ], [ -15.397180340205439, 28.029729681755047 ], [ -15.394924312914398, 28.031298631477831 ], [ -15.392498990020831, 28.030803859027984 ], [ -15.39205221703838, 28.029557638115559 ], [ -15.390365803886944, 28.028668644291557 ], [ -15.387770532500884, 28.029130238739231 ], [ -15.386540483828696, 28.027055836311892 ], [ -15.386816802038936, 28.025103335269389 ], [ -15.385045774616648, 28.02193634847373 ], [ -15.385901058752502, 28.019998473304216 ], [ -15.385492369353463, 28.016969645542016 ], [ -15.381276625247457, 28.014035823050232 ], [ -15.380188411021145, 28.011560942639555 ], [ -15.377658488689113, 28.009622127467647 ], [ -15.374930346471244, 28.009304138545282 ], [ -15.374655477173198, 28.007784756360149 ], [ -15.376839467943102, 28.006617530769123 ], [ -15.373980368954925, 28.002213979270739 ], [ -15.375519857772737, 27.999327673071022 ], [ -15.374197621668992, 27.996206759009155 ], [ -15.370077272798191, 27.996766194526117 ], [ -15.370188761687727, 27.994811641695399 ], [ -15.369347199454008, 27.992715920107781 ], [ -15.367618093261781, 27.992030983193942 ], [ -15.369592046471702, 27.98956091369557 ], [ -15.374404316472852, 27.988238474425344 ], [ -15.375424608276596, 27.986496891008745 ], [ -15.375106340338981, 27.98507416878812 ], [ -15.37798049167672, 27.983946141511101 ], [ -15.378240037015882, 27.982958925683164 ], [ -15.377100923783981, 27.980455250840205 ], [ -15.375708834041207, 27.97899654286131 ], [ -15.375734303887532, 27.97766082438557 ], [ -15.377026391174811, 27.976602296497983 ], [ -15.381311116607598, 27.97606211531189 ], [ -15.3809655402339, 27.974592241077325 ], [ -15.383129000469914, 27.973269550405366 ], [ -15.3835802813547, 27.972239199020791 ], [ -15.382362640732662, 27.970974074104674 ], [ -15.382577899719033, 27.969768458826454 ], [ -15.384392634476313, 27.967752487629465 ], [ -15.382915205051452, 27.967016166699661 ], [ -15.382368281917341, 27.963745398060926 ], [ -15.380299844142685, 27.965225737120591 ], [ -15.378180462382343, 27.963045895075023 ], [ -15.380779562385293, 27.96151740431149 ], [ -15.380318781301943, 27.960311357765502 ], [ -15.381896486494426, 27.957733756556564 ], [ -15.378805769087053, 27.955918108582747 ], [ -15.377248938070435, 27.95390978691638 ], [ -15.380812836375323, 27.951269523623235 ], [ -15.380898882863889, 27.950012827800737 ], [ -15.379807426671851, 27.947762352355802 ], [ -15.377918195603934, 27.946337968201874 ], [ -15.375054220702237, 27.94678215985612 ], [ -15.375008000053883, 27.945211127401663 ], [ -15.372211452392285, 27.944956492501053 ], [ -15.371035415906379, 27.943549599292432 ], [ -15.369392153194227, 27.945053238959876 ], [ -15.368432813638284, 27.943415799204015 ], [ -15.369585791815997, 27.94213223638695 ], [ -15.369635072167204, 27.939665583378961 ], [ -15.368045751325074, 27.938544365542086 ], [ -15.366394958243887, 27.938966125947839 ], [ -15.363634698669216, 27.938150823572705 ], [ -15.361131867157932, 27.936842885148291 ], [ -15.358940020326079, 27.934068980344602 ], [ -15.359752824380404, 27.932996097105654 ], [ -15.358627580566072, 27.931714069982053 ], [ -15.358816194391668, 27.930439647812353 ], [ -15.361399311339653, 27.929386486557966 ], [ -15.364276995307497, 27.93099485275027 ], [ -15.367361588530514, 27.931891960410024 ], [ -15.369619651756816, 27.93312123862761 ], [ -15.372495191617638, 27.935786033832255 ], [ -15.375177356358661, 27.9353697718368 ], [ -15.378452035375354, 27.933317524150855 ], [ -15.380651805622929, 27.930571143419815 ] ] ] ] } },
{ "type": "Feature", "properties": { "geocode": "35027", "geopadre": "ES705A21", "etiqueta": "Teror", "notas": "Ayuntamiento  de Teror", "granularidad": "MUNICIPIOS", "gcd_provincia": "ES701", "gcd_isla": "ES705", "gcd_grancomarca": "ES705A2", "gcd_comarca": "ES705A21", "ign_sup": 2580.73, "ign_perim": 33273.0, "utm_x": 446733.66, "utm_y": 3104250.1, "longitud": -15.54206, "latitud": 28.062552, "utm_x_capi": 446114.47, "utm_y_capi": 3103911.11, "long_capi": -15.548345, "lati_capi": 28.059467 }, "geometry": { "type": "MultiPolygon", "coordinates": [ [ [ [ -15.539145203038613, 28.038342436039979 ], [ -15.540448469549814, 28.03641496531344 ], [ -15.54428045308458, 28.033034689042562 ], [ -15.546607137120059, 28.031642430641721 ], [ -15.550487875887983, 28.031053359738763 ], [ -15.551442804632964, 28.029661336830969 ], [ -15.55775404035853, 28.027320928284148 ], [ -15.560409440488195, 28.024826014389813 ], [ -15.567635551830001, 28.025188569598551 ], [ -15.569174718698887, 28.026143435421879 ], [ -15.56884907430352, 28.029550070243598 ], [ -15.56741042804731, 28.030964755784264 ], [ -15.564528463305987, 28.032647535823681 ], [ -15.564646761822569, 28.036056486656854 ], [ -15.565221769445442, 28.037586428650876 ], [ -15.563001502088266, 28.040352771265415 ], [ -15.564305002679539, 28.042092142592697 ], [ -15.565545724480963, 28.04493556171786 ], [ -15.567261762158482, 28.045305443231182 ], [ -15.568551406344037, 28.047511948328943 ], [ -15.566348734508312, 28.048669146264913 ], [ -15.568606357937476, 28.051008728951565 ], [ -15.567604935394986, 28.053438980815212 ], [ -15.566836357141588, 28.0577140276162 ], [ -15.565500482838747, 28.059401558903197 ], [ -15.564164349714281, 28.059199940493315 ], [ -15.562678976506207, 28.061644934348017 ], [ -15.562102558670157, 28.064425905386901 ], [ -15.560003818678828, 28.066857835336076 ], [ -15.557470672063225, 28.073740455301703 ], [ -15.55619987794689, 28.074712903766866 ], [ -15.556209814940651, 28.078246150418362 ], [ -15.552996565091187, 28.079941787137567 ], [ -15.552679052796707, 28.081227331207042 ], [ -15.550631851522677, 28.082256753014633 ], [ -15.549412713757777, 28.084920980221263 ], [ -15.546483710711227, 28.086209006250655 ], [ -15.542590358506088, 28.08665074556469 ], [ -15.539621165374072, 28.086377969695302 ], [ -15.537410074740135, 28.084802343032756 ], [ -15.531926978563595, 28.083688367085717 ], [ -15.529916817971522, 28.082935964920512 ], [ -15.523231881150457, 28.083934399313041 ], [ -15.520882595922401, 28.084542258712794 ], [ -15.519074222293694, 28.086730606516149 ], [ -15.518705991905431, 28.090122855348543 ], [ -15.516889912678609, 28.092875063691714 ], [ -15.514889812719804, 28.095036924913838 ], [ -15.511095370317907, 28.097489225586262 ], [ -15.50894554589809, 28.097551127262342 ], [ -15.508677348188183, 28.098564298013905 ], [ -15.5066110911186, 28.100014526242525 ], [ -15.504502878112401, 28.100374429073437 ], [ -15.505651420830395, 28.098444449567946 ], [ -15.505324081181589, 28.097242143724944 ], [ -15.507069745284742, 28.095300608276865 ], [ -15.508178689493072, 28.092353855550733 ], [ -15.510014281465455, 28.08999118385864 ], [ -15.513021771360441, 28.087378071689852 ], [ -15.512996521468336, 28.083685779215816 ], [ -15.509986146186847, 28.080441695165586 ], [ -15.508701019677293, 28.080854836860578 ], [ -15.50671859160523, 28.079007493637977 ], [ -15.508836982422038, 28.077850013951952 ], [ -15.511203820854407, 28.075335469086358 ], [ -15.513415327127673, 28.072174598905729 ], [ -15.516595874781325, 28.070215009651147 ], [ -15.517551205912465, 28.067693564077555 ], [ -15.521837288070147, 28.062297461777927 ], [ -15.521847837812658, 28.059920536709242 ], [ -15.520762982312659, 28.059143044743049 ], [ -15.522224492792214, 28.056854761435446 ], [ -15.524916124599162, 28.054890810259476 ], [ -15.526094358004725, 28.054604988921987 ], [ -15.527142341359246, 28.052762518669596 ], [ -15.523851277188598, 28.050005256700178 ], [ -15.520677158896587, 28.050697224610353 ], [ -15.519259264059322, 28.049826854413197 ], [ -15.516015131669249, 28.050061841904025 ], [ -15.515694579435683, 28.049011135519045 ], [ -15.513136941341232, 28.050075875816116 ], [ -15.510448287795066, 28.049526824236189 ], [ -15.509874689612452, 28.047654220772607 ], [ -15.507008303989, 28.04826943587069 ], [ -15.512623783891687, 28.04573574486885 ], [ -15.513871578483901, 28.045860412403869 ], [ -15.517448082585208, 28.044954626705934 ], [ -15.521391644516269, 28.043146214132658 ], [ -15.524018210544348, 28.043712405085987 ], [ -15.528660889164662, 28.040704060094502 ], [ -15.530955658084643, 28.040177852368966 ], [ -15.535656127746325, 28.03832464416142 ], [ -15.537919206719875, 28.039489178670394 ], [ -15.539145203038613, 28.038342436039979 ] ] ] ] } },
{ "type": "Feature", "properties": { "geocode": "35028", "geopadre": "ES708A01", "etiqueta": "Tías", "notas": "Ayuntamiento De Tías", "granularidad": "MUNICIPIOS", "gcd_provincia": "ES701", "gcd_isla": "ES708", "gcd_grancomarca": "ES708A0", "gcd_comarca": "ES708A01", "ign_sup": 6432.05, "ign_perim": 35367.0, "utm_x": 630237.35, "utm_y": 3204448.26, "longitud": -13.663421, "latitud": 28.961432, "utm_x_capi": 631161.06, "utm_y_capi": 3203426.04, "long_capi": -13.654062, "lati_capi": 28.952113 }, "geometry": { "type": "MultiPolygon", "coordinates": [ [ [ [ -13.604853744234084, 28.94209855914751 ], [ -13.606877652115406, 28.940269358543105 ], [ -13.609579685284606, 28.934254337985589 ], [ -13.611718564630744, 28.934557416340319 ], [ -13.6160850210112, 28.931287422214734 ], [ -13.618771864517646, 28.931904735638188 ], [ -13.623034832677808, 28.930149850724828 ], [ -13.625231902227354, 28.92875194146071 ], [ -13.62697670983658, 28.926975797046417 ], [ -13.629782021361541, 28.928059257305719 ], [ -13.631950647496708, 28.927856544881987 ], [ -13.634703471094232, 28.926534560874511 ], [ -13.638511554313325, 28.922862431383386 ], [ -13.63949226421013, 28.920783107129324 ], [ -13.643980576918118, 28.919280331120827 ], [ -13.645979491611014, 28.919145755122177 ], [ -13.648219729228421, 28.920059809289512 ], [ -13.65246467338852, 28.918815388655677 ], [ -13.654606249082166, 28.918704917254473 ], [ -13.656211942496896, 28.919697989211961 ], [ -13.6626242706105, 28.919785777510182 ], [ -13.667852395057006, 28.918816507903358 ], [ -13.670092412366875, 28.919214118321982 ], [ -13.673005898515289, 28.921441940764932 ], [ -13.676122609117702, 28.921655736170226 ], [ -13.678960207803822, 28.921320252356903 ], [ -13.680226041663609, 28.920404159941789 ], [ -13.683177416122145, 28.919760800476595 ], [ -13.687420992811703, 28.919324002986713 ], [ -13.690694383124729, 28.91996658312474 ], [ -13.694552379947844, 28.918415296881658 ], [ -13.700467985130892, 28.917929549629399 ], [ -13.701208131188928, 28.920248593555588 ], [ -13.700950929135848, 28.924946658398461 ], [ -13.701975626670666, 28.931938632923899 ], [ -13.702092631568282, 28.93520228496768 ], [ -13.704972168465686, 28.939768123800544 ], [ -13.705704174797981, 28.954496008239659 ], [ -13.706259838257029, 28.962649015563187 ], [ -13.69851556374406, 28.980326388096145 ], [ -13.698501726272573, 28.984296044247756 ], [ -13.694565756947501, 28.986781201336335 ], [ -13.660440501715328, 29.005747298847982 ], [ -13.651829186908143, 29.006236335995499 ], [ -13.647438081348675, 29.000332606803109 ], [ -13.647606054437764, 28.997081730745109 ], [ -13.643732451875042, 28.987173718655129 ], [ -13.642376231621485, 28.985435439823856 ], [ -13.638171354304504, 28.982507010423294 ], [ -13.63693629033504, 28.981022398094229 ], [ -13.634461335406975, 28.97581886427994 ], [ -13.631507799829496, 28.972668356783227 ], [ -13.626641893980205, 28.96849580325572 ], [ -13.624060452907498, 28.965847945410573 ], [ -13.619710934326486, 28.960214741985908 ], [ -13.618694552212368, 28.958327009559781 ], [ -13.615283256489667, 28.955024089609047 ], [ -13.604853744234084, 28.94209855914751 ] ] ] ] } },
{ "type": "Feature", "properties": { "geocode": "35029", "geopadre": "ES708A03", "etiqueta": "Tinajo", "notas": "Ayuntamiento De Tinajo", "granularidad": "MUNICIPIOS", "gcd_provincia": "ES701", "gcd_isla": "ES708", "gcd_grancomarca": "ES708A0", "gcd_comarca": "ES708A03", "ign_sup": 13577.9, "ign_perim": 59397.0, "utm_x": 625233.47, "utm_y": 3214778.48, "longitud": -13.713609, "latitud": 29.055149, "utm_x_capi": 628834.54, "utm_y_capi": 3216080.8, "long_capi": -13.676477, "lati_capi": 29.066541 }, "geometry": { "type": "MultiPolygon", "coordinates": [ [ [ [ -13.80674871680173, 29.037427046095655 ], [ -13.80389915029634, 29.03963968604425 ], [ -13.799433548947372, 29.042009079205442 ], [ -13.796708755739411, 29.047777841018835 ], [ -13.794681549082181, 29.05014369647801 ], [ -13.79294974102106, 29.051089644455026 ], [ -13.790191508540266, 29.053785353139446 ], [ -13.783520403487893, 29.056142060984602 ], [ -13.780104854865833, 29.060176244564371 ], [ -13.778370813352652, 29.061773268965361 ], [ -13.775543382935687, 29.063437795504736 ], [ -13.774879246592247, 29.062533588589844 ], [ -13.77162446543198, 29.062814403021466 ], [ -13.769428043762792, 29.066551361463571 ], [ -13.767650045192545, 29.063960804319624 ], [ -13.766258220786643, 29.063913146623875 ], [ -13.765665756046854, 29.065857897716587 ], [ -13.764078951277225, 29.065570043533164 ], [ -13.760844937029052, 29.067349300684601 ], [ -13.758162390763882, 29.073344355975088 ], [ -13.758041698761597, 29.075765660150097 ], [ -13.756292961227377, 29.077575483581661 ], [ -13.754146235676219, 29.077617171924022 ], [ -13.750704004409414, 29.078830155409232 ], [ -13.745977974354835, 29.077753389999895 ], [ -13.743298557407702, 29.079883720820863 ], [ -13.740521537093926, 29.08052388599879 ], [ -13.73779639704961, 29.079799648973122 ], [ -13.733885377224055, 29.081189505109872 ], [ -13.730022453993106, 29.082171089506375 ], [ -13.726638833904365, 29.081574255212193 ], [ -13.726729222934107, 29.08294328970873 ], [ -13.723216973725114, 29.084906140817832 ], [ -13.720682969205479, 29.084080205471228 ], [ -13.714957064842075, 29.080848851710112 ], [ -13.711834440133419, 29.081583882665168 ], [ -13.709640827467458, 29.079373425273843 ], [ -13.707864370993029, 29.079158337992133 ], [ -13.705867029581031, 29.08165765736506 ], [ -13.706105406114803, 29.082758570397189 ], [ -13.70484341362334, 29.0852275266543 ], [ -13.703885655509731, 29.085433162610283 ], [ -13.70329000828478, 29.087873946326653 ], [ -13.700632594157367, 29.090584415949923 ], [ -13.698504642545462, 29.090983693098295 ], [ -13.694799717734437, 29.090198752875363 ], [ -13.692034090208029, 29.090244210820181 ], [ -13.691722320143739, 29.092494034733232 ], [ -13.690130501877167, 29.092924441163532 ], [ -13.68776971669794, 29.092326708330361 ], [ -13.687034470953771, 29.093705094369689 ], [ -13.682991316248319, 29.095306188451051 ], [ -13.680767247050147, 29.098157790852813 ], [ -13.681728957099393, 29.100448702562755 ], [ -13.680503174878803, 29.10219863988841 ], [ -13.681049526950659, 29.103356116867801 ], [ -13.679233722495246, 29.104203421213395 ], [ -13.67675793331979, 29.104323488835437 ], [ -13.674403228859797, 29.106712647915955 ], [ -13.673628138882703, 29.106315024123951 ], [ -13.668221058103779, 29.108383912694652 ], [ -13.661843581509222, 29.113110470526383 ], [ -13.6599493106193, 29.112960082458997 ], [ -13.658016979370329, 29.11175517050815 ], [ -13.656911803156797, 29.113576971899857 ], [ -13.661885955835229, 29.116296635387087 ], [ -13.662497837632106, 29.118163296613634 ], [ -13.661768176101079, 29.120477568446116 ], [ -13.65934718266848, 29.122864741992888 ], [ -13.657566408757999, 29.123682055653486 ], [ -13.655306651394516, 29.122959060787654 ], [ -13.653057766361137, 29.121312003570065 ], [ -13.651925849954868, 29.122083891241378 ], [ -13.649147055837751, 29.120309497897217 ], [ -13.649204929263881, 29.117718916769945 ], [ -13.647466602185769, 29.109111743775426 ], [ -13.645128473545443, 29.100347472147359 ], [ -13.642735497564438, 29.090411401315315 ], [ -13.64162016340445, 29.084943084574704 ], [ -13.641252394231849, 29.077306879999743 ], [ -13.640868996886251, 29.074982775764269 ], [ -13.640775071369614, 29.069014285334106 ], [ -13.639178632919908, 29.064246605994366 ], [ -13.639937721422532, 29.060067819440597 ], [ -13.64262217335032, 29.049572099354496 ], [ -13.64428938304426, 29.042319714027578 ], [ -13.644481797120271, 29.039570498707103 ], [ -13.645401159508898, 29.037846234444991 ], [ -13.645463815838514, 29.035066378236703 ], [ -13.646705249726969, 29.03081522884062 ], [ -13.649805384194485, 29.026331576996501 ], [ -13.653426128747428, 29.022751084853962 ], [ -13.654446319703183, 29.018750488824235 ], [ -13.659112203331407, 29.009239971352336 ], [ -13.660440501715328, 29.005747298847982 ], [ -13.694565756947501, 28.986781201336335 ], [ -13.724289365288113, 28.993981515750001 ], [ -13.744931851215364, 28.998047485128964 ], [ -13.772599193153214, 29.016614121906468 ], [ -13.77749062920144, 29.019441079165322 ], [ -13.783983844220097, 29.02366813507987 ], [ -13.801594956214467, 29.034565090758761 ], [ -13.80674871680173, 29.037427046095655 ] ], [ [ -13.653216750261262, 29.117971328432752 ], [ -13.653831317522025, 29.115646691534277 ], [ -13.651503887468939, 29.114385214531207 ], [ -13.651757465783597, 29.117472803914254 ], [ -13.653216750261262, 29.117971328432752 ] ] ] ] } },
{ "type": "Feature", "properties": { "geocode": "35030", "geopadre": "ES704A03", "etiqueta": "Tuineje", "notas": "Ayuntamiento De Tuineje", "granularidad": "MUNICIPIOS", "gcd_provincia": "ES701", "gcd_isla": "ES704", "gcd_grancomarca": "ES704A0", "gcd_comarca": "ES704A03", "ign_sup": 27629.8, "ign_perim": 79670.0, "utm_x": 593086.07, "utm_y": 3128914.83, "longitud": -14.050791, "latitud": 28.282974, "utm_x_capi": 593182.31, "utm_y_capi": 3133553.85, "long_capi": -14.049437, "lati_capi": 28.324837 }, "geometry": { "type": "MultiPolygon", "coordinates": [ [ [ [ -14.127376459316295, 28.188951660813487 ], [ -14.12688430804973, 28.191607148226566 ], [ -14.126959039686062, 28.194310255105055 ], [ -14.12900375974478, 28.196169552543768 ], [ -14.132313797278895, 28.197723786127167 ], [ -14.133367541214254, 28.199314145428872 ], [ -14.137937435119085, 28.202965634911777 ], [ -14.138940304219515, 28.209337553498958 ], [ -14.138496547266136, 28.211167976565623 ], [ -14.139744631678424, 28.212987095640951 ], [ -14.138839555300864, 28.217674467546956 ], [ -14.137381832849908, 28.219451924239173 ], [ -14.135725943001995, 28.222565573299246 ], [ -14.139000755615857, 28.227868613013531 ], [ -14.139677772483829, 28.230371336846471 ], [ -14.139070485685666, 28.232022438067109 ], [ -14.138570077314034, 28.23611453812903 ], [ -14.139359677657666, 28.240068640089191 ], [ -14.139249158897487, 28.242169961352673 ], [ -14.14085066216413, 28.244709748209242 ], [ -14.140820613295331, 28.245861990023041 ], [ -14.143008052011504, 28.249229573143051 ], [ -14.143123816610824, 28.253627476026811 ], [ -14.141613058515487, 28.255053508185703 ], [ -14.141137893689933, 28.256519787683931 ], [ -14.139144795361313, 28.257498940248158 ], [ -14.139222162981936, 28.258846437731581 ], [ -14.1381364447493, 28.260231419025821 ], [ -14.13822248230729, 28.261642558335961 ], [ -14.139874273416874, 28.265080294180297 ], [ -14.139950461267533, 28.26654573754028 ], [ -14.142144114341253, 28.26716197517856 ], [ -14.142489291332476, 28.269115438186915 ], [ -14.144662594145874, 28.271689366894815 ], [ -14.145849487275152, 28.275337835414152 ], [ -14.147893621227272, 28.277293610003404 ], [ -14.152438777332279, 28.278909364247717 ], [ -14.154827712337465, 28.278442156679766 ], [ -14.157306343366523, 28.279176096354828 ], [ -14.158467397061321, 28.281026731185033 ], [ -14.158154005803461, 28.282878305125983 ], [ -14.159787188415438, 28.28808136366316 ], [ -14.154026764031103, 28.28981363833871 ], [ -14.15277679917561, 28.289283965251382 ], [ -14.147587236080311, 28.292261151617652 ], [ -14.146253485443156, 28.292664035359117 ], [ -14.140369377790091, 28.290382521770489 ], [ -14.134799006116884, 28.292086403527211 ], [ -14.131421417325619, 28.294497516756334 ], [ -14.129214160417202, 28.29724346700884 ], [ -14.127986038178857, 28.298117690951312 ], [ -14.12734770133406, 28.301528042860635 ], [ -14.123544081936657, 28.302983264841039 ], [ -14.121634522284259, 28.304649759877886 ], [ -14.12070216532269, 28.306221888412029 ], [ -14.117662439278705, 28.308535465833256 ], [ -14.114879264185156, 28.309028762474821 ], [ -14.113613888990425, 28.308590006783135 ], [ -14.11164920559213, 28.310176341766496 ], [ -14.111476066851647, 28.312203132477297 ], [ -14.108424184681963, 28.317328650735202 ], [ -14.105752541311411, 28.320024910459697 ], [ -14.103503828169968, 28.320402593780635 ], [ -14.100844699713829, 28.320200547114329 ], [ -14.098603597454169, 28.322821077533483 ], [ -14.096454357190485, 28.32395390363947 ], [ -14.094715587955285, 28.32621839247453 ], [ -14.09288706765865, 28.326163139800837 ], [ -14.085878160487299, 28.327324545196895 ], [ -14.08385407892926, 28.329245868077852 ], [ -14.081000255703501, 28.330771315274156 ], [ -14.079324611528929, 28.332537686440336 ], [ -14.075974922383335, 28.334053928346592 ], [ -14.074736120915295, 28.336340859978058 ], [ -14.073686861287088, 28.340084756869953 ], [ -14.071813853073461, 28.341422181015137 ], [ -14.068791292716361, 28.34264875551553 ], [ -14.066413402857105, 28.344766640522995 ], [ -14.06366284386322, 28.345914872240233 ], [ -14.061616645743159, 28.350048937208534 ], [ -14.058226548772739, 28.351843809301148 ], [ -14.059213014292647, 28.356028754441692 ], [ -14.061859540956915, 28.356483698777978 ], [ -14.06390165841372, 28.35902343318244 ], [ -14.064558449836323, 28.366056634284934 ], [ -14.062711412139302, 28.375607072369213 ], [ -14.059693713643414, 28.377458786570262 ], [ -14.028091510443915, 28.360305052629215 ], [ -14.010256640175232, 28.350542990728758 ], [ -13.981532547476213, 28.335005834243933 ], [ -13.966200177634425, 28.314719628335968 ], [ -13.949947959852564, 28.292030418254058 ], [ -13.933412152538054, 28.269337113912428 ], [ -13.930137121528027, 28.264986315567281 ], [ -13.91950980860212, 28.251487572034808 ], [ -13.92201634524514, 28.250451271401335 ], [ -13.92234741743828, 28.247610133715213 ], [ -13.924656043551019, 28.246058434087058 ], [ -13.925200933709176, 28.244437932654925 ], [ -13.92721261637627, 28.241380239502615 ], [ -13.930400653566995, 28.240512807507447 ], [ -13.931650842768528, 28.238112322487179 ], [ -13.933958410767712, 28.236641042948445 ], [ -13.935992366153654, 28.233877472297408 ], [ -13.937914073115188, 28.233518685431577 ], [ -13.942109761069092, 28.231901485084617 ], [ -13.94408991336552, 28.22956526338935 ], [ -13.948200404681756, 28.227908327936611 ], [ -13.952558298697806, 28.227812105116765 ], [ -13.956523473982733, 28.2272126887671 ], [ -13.959237783995649, 28.227253184367701 ], [ -13.966715986692122, 28.228676986177163 ], [ -13.97324475100832, 28.228529027579825 ], [ -13.97740185303449, 28.229110069417249 ], [ -13.980425918544684, 28.228826209213974 ], [ -13.983258267392287, 28.227095399890526 ], [ -13.984529421816283, 28.228384119783264 ], [ -13.986481959518947, 28.22832708943676 ], [ -13.98904690478207, 28.226982637376544 ], [ -13.991747765931336, 28.223185033877961 ], [ -13.991744024483355, 28.221576803512598 ], [ -13.993935245550533, 28.220332695893745 ], [ -13.995527921772776, 28.218079357278146 ], [ -13.998848415019221, 28.21651671469111 ], [ -14.000788064234925, 28.216556332449994 ], [ -14.003722428817612, 28.214776085635393 ], [ -14.005694603186226, 28.212413549314107 ], [ -14.008991150676849, 28.209403252505169 ], [ -14.01304618136564, 28.207546036100041 ], [ -14.014594254326559, 28.209471857441191 ], [ -14.017145510314851, 28.211097148338734 ], [ -14.021733039601997, 28.210617289701791 ], [ -14.022811463500439, 28.209926497127647 ], [ -14.023746792085349, 28.207849499864032 ], [ -14.025199603715157, 28.208403250184809 ], [ -14.028540371108722, 28.206333405550769 ], [ -14.030739568913029, 28.207494169214634 ], [ -14.032704295194961, 28.207364220890899 ], [ -14.036719809238507, 28.205791994816877 ], [ -14.041842119169914, 28.203240022247506 ], [ -14.042367480898934, 28.202543401271793 ], [ -14.0450071462867, 28.202944691455468 ], [ -14.048765280657678, 28.20235100195092 ], [ -14.049885087874102, 28.203343347517023 ], [ -14.051977729972897, 28.203139026830307 ], [ -14.055680311591393, 28.201905182 ], [ -14.06054186599631, 28.202315972764328 ], [ -14.062940336407017, 28.201458440736292 ], [ -14.065076501667383, 28.201299447683251 ], [ -14.068166161323479, 28.198927008163203 ], [ -14.070245129495254, 28.199950088962442 ], [ -14.071766213326466, 28.201500629900732 ], [ -14.074897655342511, 28.201181188594592 ], [ -14.076584577907385, 28.199922137165231 ], [ -14.077027438478998, 28.197749107519002 ], [ -14.080883949116238, 28.197961465782317 ], [ -14.082686699880258, 28.19708134728916 ], [ -14.087034004225798, 28.19612700836883 ], [ -14.089548417398431, 28.194628152579753 ], [ -14.092347023831877, 28.194263560440842 ], [ -14.095289621922502, 28.192673452529281 ], [ -14.096517927117484, 28.194735490955324 ], [ -14.10011269821298, 28.194503310576625 ], [ -14.102822388052598, 28.193039466071514 ], [ -14.106028184927956, 28.192695431254162 ], [ -14.108087535304243, 28.190537981373524 ], [ -14.109858993459115, 28.190192860069644 ], [ -14.109980332205335, 28.188965177597598 ], [ -14.112287061982672, 28.188472120984748 ], [ -14.115481572295829, 28.190486959186433 ], [ -14.115579850838076, 28.191572952185595 ], [ -14.120224123166336, 28.191620754343393 ], [ -14.125558394132931, 28.19027565718303 ], [ -14.127376459316295, 28.188951660813487 ] ] ] ] } },
{ "type": "Feature", "properties": { "geocode": "35031", "geopadre": "ES705A21", "etiqueta": "Valsequillo de Gran Canaria", "notas": "Ayuntamiento de Valsequillo", "granularidad": "MUNICIPIOS", "gcd_provincia": "ES701", "gcd_isla": "ES705", "gcd_grancomarca": "ES705A2", "gcd_comarca": "ES705A21", "ign_sup": 3880.13, "ign_perim": 32294.0, "utm_x": 450076.36, "utm_y": 3095327.74, "longitud": -15.507666, "latitud": 27.98214, "utm_x_capi": 450918.54, "utm_y_capi": 3096298.13, "long_capi": -15.499143, "lati_capi": 27.990931 }, "geometry": { "type": "MultiPolygon", "coordinates": [ [ [ [ -15.545421647783911, 27.953673924980805 ], [ -15.544161341524157, 27.952533153833286 ], [ -15.544786640719423, 27.951173063231991 ], [ -15.543301676896693, 27.950050179471425 ], [ -15.545538582271826, 27.949724769265686 ], [ -15.547443742454579, 27.950915701903291 ], [ -15.549095799697861, 27.950568410951398 ], [ -15.551286876507909, 27.951439175404193 ], [ -15.554276156545185, 27.954221985854311 ], [ -15.552855922158642, 27.956322007335487 ], [ -15.55244040137153, 27.958058209194999 ], [ -15.550547695796729, 27.961976447828519 ], [ -15.549104962247458, 27.96376492223315 ], [ -15.549019878301332, 27.968976430558275 ], [ -15.54830994710624, 27.972628603104244 ], [ -15.547983633336164, 27.978896107382386 ], [ -15.550100940670497, 27.98424027721482 ], [ -15.54899366963161, 27.989017608047629 ], [ -15.547181736612051, 27.990086088496383 ], [ -15.545894687815151, 27.992163883635161 ], [ -15.540491903921708, 27.995364146187605 ], [ -15.539774665344446, 27.9966389147319 ], [ -15.535783313803783, 27.998852193895285 ], [ -15.532049874212566, 27.998363368085386 ], [ -15.528797975464444, 28.000012495489219 ], [ -15.526499608364118, 28.002678915378095 ], [ -15.524102934367836, 28.001559082329223 ], [ -15.521604754409978, 28.002102733103417 ], [ -15.51931256517709, 28.001411856002189 ], [ -15.517152758849205, 28.003740590014313 ], [ -15.514540198650947, 28.004657903572401 ], [ -15.513103657262141, 28.007795192757587 ], [ -15.51195926207782, 28.008612122617333 ], [ -15.509715435410762, 28.013773444005292 ], [ -15.50675226780508, 28.013800576962499 ], [ -15.505635248697905, 28.01454198648349 ], [ -15.503014895564219, 28.013474236649738 ], [ -15.499572724541563, 28.012574621198876 ], [ -15.498318898054489, 28.013302314411757 ], [ -15.494322267053846, 28.014037712176073 ], [ -15.491435880136695, 28.012583533797031 ], [ -15.489534929361493, 28.012339652581122 ], [ -15.490498220134965, 28.010449970666354 ], [ -15.488872388611753, 28.009684667553412 ], [ -15.485024315683452, 28.00689368564823 ], [ -15.483091961339859, 28.006520502530361 ], [ -15.481575147380573, 28.007252443359079 ], [ -15.475013370709206, 28.008001612510334 ], [ -15.473380390173816, 28.00861583528388 ], [ -15.469441813447697, 28.008300573957204 ], [ -15.466358226046717, 28.008504737201157 ], [ -15.462026154426081, 28.007018091676201 ], [ -15.460817623350597, 28.006066094278864 ], [ -15.461762847399706, 28.002297771203121 ], [ -15.461510136914917, 27.997449388401524 ], [ -15.460579928382177, 27.997231053605141 ], [ -15.458592405204648, 27.992786476360138 ], [ -15.460981731017355, 27.99023447616112 ], [ -15.46222432137413, 27.990176937027346 ], [ -15.46320929970514, 27.983367396684447 ], [ -15.468301268068867, 27.981346271909942 ], [ -15.472074601792842, 27.981053460310704 ], [ -15.476517911231763, 27.978793738159826 ], [ -15.481710340976917, 27.977957866667833 ], [ -15.483997565905963, 27.978267594153195 ], [ -15.486519947715994, 27.974781584824921 ], [ -15.488263318251089, 27.970879146987993 ], [ -15.489216017315854, 27.970669221677856 ], [ -15.492460401738109, 27.967697609202055 ], [ -15.493746761818155, 27.96774788450529 ], [ -15.495009126102905, 27.966360714506429 ], [ -15.497771192263633, 27.964622159733409 ], [ -15.50036730691845, 27.963701471693089 ], [ -15.504130547896539, 27.964231568468989 ], [ -15.507316040243033, 27.962778984887109 ], [ -15.50877187433813, 27.960128728380258 ], [ -15.511154651321228, 27.95923971609859 ], [ -15.517352419855376, 27.959698679490522 ], [ -15.518981352702856, 27.958025883238061 ], [ -15.522533714508889, 27.955958009044764 ], [ -15.524613389143646, 27.953583108808644 ], [ -15.526512141315751, 27.953093737269782 ], [ -15.527602237310306, 27.953798338385802 ], [ -15.531948878564123, 27.955254765479715 ], [ -15.532440650894751, 27.956606663509554 ], [ -15.534826518295185, 27.955358962706562 ], [ -15.536324115997418, 27.955229066447764 ], [ -15.539875351002591, 27.956410835359513 ], [ -15.541459875515683, 27.956490323565781 ], [ -15.543094590275608, 27.953792219159517 ], [ -15.545421647783911, 27.953673924980805 ] ] ] ] } },
{ "type": "Feature", "properties": { "geocode": "35032", "geopadre": "ES705A21", "etiqueta": "Valleseco", "notas": "Ayuntamiento de Valleseco", "granularidad": "MUNICIPIOS", "gcd_provincia": "ES701", "gcd_isla": "ES705", "gcd_grancomarca": "ES705A2", "gcd_comarca": "ES705A21", "ign_sup": 2212.89, "ign_perim": 24542.0, "utm_x": 442749.45, "utm_y": 3102330.83, "longitud": -15.58251, "latitud": 28.045061, "utm_x_capi": 443582.74, "utm_y_capi": 3102942.61, "long_capi": -15.574061, "lati_capi": 28.050619 }, "geometry": { "type": "MultiPolygon", "coordinates": [ [ [ [ -15.569174718698887, 28.026143435421879 ], [ -15.571028647744484, 28.025613431798387 ], [ -15.573387681188862, 28.02296753153389 ], [ -15.576333524032886, 28.020613258549623 ], [ -15.580006313275755, 28.01871228089399 ], [ -15.580796040406263, 28.017629459509916 ], [ -15.585656967605507, 28.01546885272365 ], [ -15.586828933930789, 28.014441770584426 ], [ -15.589431186614014, 28.014665040137231 ], [ -15.591798115447737, 28.01335673148489 ], [ -15.597435311012417, 28.012891764006998 ], [ -15.600032854327386, 28.011551051663162 ], [ -15.600782647920848, 28.013503142541381 ], [ -15.604318106423669, 28.016977182389304 ], [ -15.607533604388427, 28.017849348380071 ], [ -15.610392390533814, 28.017980427265929 ], [ -15.612137525981732, 28.019151517387407 ], [ -15.613826046903547, 28.018655807061197 ], [ -15.612303049778756, 28.020824301116555 ], [ -15.610441855494912, 28.026715543868054 ], [ -15.607136594908955, 28.030376110819617 ], [ -15.606976352548731, 28.031836552376593 ], [ -15.604573678879333, 28.035921162195287 ], [ -15.600346242956546, 28.038805619616021 ], [ -15.599136637255233, 28.040286593264245 ], [ -15.599703336595274, 28.042609565890707 ], [ -15.59876464127961, 28.044778588562551 ], [ -15.597121018997322, 28.046003300597711 ], [ -15.598845396200122, 28.047274813805014 ], [ -15.596024207041621, 28.051334981591435 ], [ -15.595807233324479, 28.055825785098769 ], [ -15.595011673467191, 28.057015041940002 ], [ -15.591684670789631, 28.057303449696981 ], [ -15.592078792415167, 28.059048501844579 ], [ -15.59150098542087, 28.061341959485791 ], [ -15.590286195355171, 28.063574893586761 ], [ -15.588759111095129, 28.067583510285569 ], [ -15.589787394810543, 28.068657553819239 ], [ -15.588069889813255, 28.070156019124937 ], [ -15.586905282432946, 28.072125554049173 ], [ -15.585141230600691, 28.072802667539367 ], [ -15.583267680913178, 28.075424373400562 ], [ -15.579116536461475, 28.076505541321445 ], [ -15.57710578366304, 28.077881953215122 ], [ -15.575687403332511, 28.076967098987776 ], [ -15.574399028583919, 28.077618085831439 ], [ -15.571232565948057, 28.077300779957493 ], [ -15.568631618268151, 28.077806871134246 ], [ -15.5652361343106, 28.077823190047233 ], [ -15.562907052366441, 28.078536268799052 ], [ -15.562140169389419, 28.077931934354474 ], [ -15.558847118270211, 28.078514839151985 ], [ -15.556209814940651, 28.078246150418362 ], [ -15.55619987794689, 28.074712903766866 ], [ -15.557470672063225, 28.073740455301703 ], [ -15.560003818678828, 28.066857835336076 ], [ -15.562102558670157, 28.064425905386901 ], [ -15.562678976506207, 28.061644934348017 ], [ -15.564164349714281, 28.059199940493315 ], [ -15.565500482838747, 28.059401558903197 ], [ -15.566836357141588, 28.0577140276162 ], [ -15.567604935394986, 28.053438980815212 ], [ -15.568606357937476, 28.051008728951565 ], [ -15.566348734508312, 28.048669146264913 ], [ -15.568551406344037, 28.047511948328943 ], [ -15.567261762158482, 28.045305443231182 ], [ -15.565545724480963, 28.04493556171786 ], [ -15.564305002679539, 28.042092142592697 ], [ -15.563001502088266, 28.040352771265415 ], [ -15.565221769445442, 28.037586428650876 ], [ -15.564646761822569, 28.036056486656854 ], [ -15.564528463305987, 28.032647535823681 ], [ -15.56741042804731, 28.030964755784264 ], [ -15.56884907430352, 28.029550070243598 ], [ -15.569174718698887, 28.026143435421879 ] ] ] ] } },
{ "type": "Feature", "properties": { "geocode": "35033", "geopadre": "ES705A21", "etiqueta": "Vega de San Mateo", "notas": "Ayuntamiento de San Mateo", "granularidad": "MUNICIPIOS", "gcd_provincia": "ES701", "gcd_isla": "ES705", "gcd_grancomarca": "ES705A2", "gcd_comarca": "ES705A21", "ign_sup": 3821.39, "ign_perim": 30039.0, "utm_x": 444129.88, "utm_y": 3096920.42, "longitud": -15.568208, "latitud": 27.996281, "utm_x_capi": 447628.13, "utm_y_capi": 3098547.52, "long_capi": -15.532704, "lati_capi": 28.011111 }, "geometry": { "type": "MultiPolygon", "coordinates": [ [ [ [ -15.554276156545185, 27.954221985854311 ], [ -15.556850044101898, 27.957684625943628 ], [ -15.560258622811954, 27.959320650410319 ], [ -15.562699852659524, 27.961185873149827 ], [ -15.566098829979721, 27.961548011541222 ], [ -15.56892507741235, 27.963213527956789 ], [ -15.571767727274143, 27.962116211496451 ], [ -15.574548924960956, 27.964945263647589 ], [ -15.576994514163051, 27.968598158057304 ], [ -15.582274325035122, 27.975776711901034 ], [ -15.584093535532491, 27.977180246170452 ], [ -15.58387108171101, 27.978172551531195 ], [ -15.585617974337811, 27.979112922222765 ], [ -15.585961915009396, 27.980859962567042 ], [ -15.587212187278467, 27.982519914904156 ], [ -15.589101470475054, 27.982812888674662 ], [ -15.591178404415547, 27.98482443885317 ], [ -15.59229764046591, 27.985116288526726 ], [ -15.593369469127161, 27.987901593583334 ], [ -15.592372065081088, 27.990875969687288 ], [ -15.59379183352625, 27.992707967868661 ], [ -15.595603775829041, 27.993975498228959 ], [ -15.59672529692955, 27.997700215599995 ], [ -15.596101283518111, 28.000304718092917 ], [ -15.59726167253732, 28.003151606553558 ], [ -15.599529909229265, 28.004970715512918 ], [ -15.600032854327386, 28.011551051663162 ], [ -15.597435311012417, 28.012891764006998 ], [ -15.591798115447737, 28.01335673148489 ], [ -15.589431186614014, 28.014665040137231 ], [ -15.586828933930789, 28.014441770584426 ], [ -15.585656967605507, 28.01546885272365 ], [ -15.580796040406263, 28.017629459509916 ], [ -15.580006313275755, 28.01871228089399 ], [ -15.576333524032886, 28.020613258549623 ], [ -15.573387681188862, 28.02296753153389 ], [ -15.571028647744484, 28.025613431798387 ], [ -15.569174718698887, 28.026143435421879 ], [ -15.567635551830001, 28.025188569598551 ], [ -15.560409440488195, 28.024826014389813 ], [ -15.55775404035853, 28.027320928284148 ], [ -15.551442804632964, 28.029661336830969 ], [ -15.550487875887983, 28.031053359738763 ], [ -15.546607137120059, 28.031642430641721 ], [ -15.54428045308458, 28.033034689042562 ], [ -15.540448469549814, 28.03641496531344 ], [ -15.539145203038613, 28.038342436039979 ], [ -15.537949554364221, 28.037862859673766 ], [ -15.536568081432687, 28.035554301535395 ], [ -15.535140207109736, 28.03489928191372 ], [ -15.534554886780993, 28.033412930863186 ], [ -15.532120842377511, 28.033817529164089 ], [ -15.530847802786335, 28.031944758129221 ], [ -15.530124944264754, 28.028706101413906 ], [ -15.526608799402103, 28.022592521526089 ], [ -15.523962722295346, 28.019004134659362 ], [ -15.518340724012841, 28.014352320783853 ], [ -15.516185471243652, 28.013706654880831 ], [ -15.516871449664018, 28.012454215519682 ], [ -15.514738240610138, 28.008459415084438 ], [ -15.513103657262141, 28.007795192757587 ], [ -15.514540198650947, 28.004657903572401 ], [ -15.517152758849205, 28.003740590014313 ], [ -15.51931256517709, 28.001411856002189 ], [ -15.521604754409978, 28.002102733103417 ], [ -15.524102934367836, 28.001559082329223 ], [ -15.526499608364118, 28.002678915378095 ], [ -15.528797975464444, 28.000012495489219 ], [ -15.532049874212566, 27.998363368085386 ], [ -15.535783313803783, 27.998852193895285 ], [ -15.539774665344446, 27.9966389147319 ], [ -15.540491903921708, 27.995364146187605 ], [ -15.545894687815151, 27.992163883635161 ], [ -15.547181736612051, 27.990086088496383 ], [ -15.54899366963161, 27.989017608047629 ], [ -15.550100940670497, 27.98424027721482 ], [ -15.547983633336164, 27.978896107382386 ], [ -15.54830994710624, 27.972628603104244 ], [ -15.549019878301332, 27.968976430558275 ], [ -15.549104962247458, 27.96376492223315 ], [ -15.550547695796729, 27.961976447828519 ], [ -15.55244040137153, 27.958058209194999 ], [ -15.552855922158642, 27.956322007335487 ], [ -15.554276156545185, 27.954221985854311 ] ] ] ] } },
{ "type": "Feature", "properties": { "geocode": "35034", "geopadre": "ES708A03", "etiqueta": "Yaiza", "notas": "Ayuntamiento De Yaiza", "granularidad": "MUNICIPIOS", "gcd_provincia": "ES701", "gcd_isla": "ES708", "gcd_grancomarca": "ES708A0", "gcd_comarca": "ES708A03", "ign_sup": 21209.4, "ign_perim": 83004.0, "utm_x": 620029.55, "utm_y": 3201718.75, "longitud": -13.76845, "latitud": 28.937801, "utm_x_capi": 620401.41, "utm_y_capi": 3203349.14, "long_capi": -13.764461, "lati_capi": 28.952478 }, "geometry": { "type": "MultiPolygon", "coordinates": [ [ [ [ -13.80674871680173, 29.037427046095655 ], [ -13.801594956214467, 29.034565090758761 ], [ -13.783983844220097, 29.02366813507987 ], [ -13.77749062920144, 29.019441079165322 ], [ -13.772599193153214, 29.016614121906468 ], [ -13.744931851215364, 28.998047485128964 ], [ -13.724289365288113, 28.993981515750001 ], [ -13.694565756947501, 28.986781201336335 ], [ -13.698501726272573, 28.984296044247756 ], [ -13.69851556374406, 28.980326388096145 ], [ -13.706259838257029, 28.962649015563187 ], [ -13.705704174797981, 28.954496008239659 ], [ -13.704972168465686, 28.939768123800544 ], [ -13.702092631568282, 28.93520228496768 ], [ -13.701975626670666, 28.931938632923899 ], [ -13.700950929135848, 28.924946658398461 ], [ -13.701208131188928, 28.920248593555588 ], [ -13.700467985130892, 28.917929549629399 ], [ -13.704642615358873, 28.916672221054228 ], [ -13.710897453162341, 28.915703522302689 ], [ -13.712406705289595, 28.914183736169662 ], [ -13.716508277646147, 28.912922904883338 ], [ -13.71920937637138, 28.911663524927633 ], [ -13.721034192436781, 28.911486535235504 ], [ -13.727363381927438, 28.906558571175797 ], [ -13.729892197336637, 28.90584681361349 ], [ -13.734658410906148, 28.907229691381431 ], [ -13.736479747418619, 28.906674890829894 ], [ -13.73901023307279, 28.904897620326487 ], [ -13.739544235316821, 28.903025497402837 ], [ -13.742676142689108, 28.900168171064614 ], [ -13.743896334015774, 28.897346544947364 ], [ -13.743017766766116, 28.895701974550963 ], [ -13.743971210920311, 28.894945136981786 ], [ -13.745860082228344, 28.890228307935899 ], [ -13.74512034962647, 28.888734387407371 ], [ -13.748255548815639, 28.886078037965056 ], [ -13.749484879376615, 28.883321964033993 ], [ -13.750124295800372, 28.880457368214962 ], [ -13.748287592968207, 28.877804559041323 ], [ -13.749922608754297, 28.877048550559948 ], [ -13.749066269754415, 28.875160196269473 ], [ -13.752675169518341, 28.87424941399669 ], [ -13.754378198267048, 28.873129946504651 ], [ -13.756126622687358, 28.870815577677519 ], [ -13.757597878953616, 28.870014694583947 ], [ -13.758376725645324, 28.868086314413262 ], [ -13.760673189962768, 28.867307687340237 ], [ -13.760922599878478, 28.865617528487348 ], [ -13.763393519369776, 28.863647845300004 ], [ -13.764716918902375, 28.861762881962122 ], [ -13.766717337616797, 28.861130897889595 ], [ -13.766607944360212, 28.859928475994739 ], [ -13.770952449431308, 28.857349183278473 ], [ -13.772344135489323, 28.85567497263094 ], [ -13.771280703079464, 28.853776488051821 ], [ -13.774764616356709, 28.851470276322136 ], [ -13.774486349316255, 28.847966981389106 ], [ -13.778811238313766, 28.846159676025596 ], [ -13.77967695872902, 28.843498770715811 ], [ -13.781014465155863, 28.844059076322562 ], [ -13.783158346635602, 28.843295483333328 ], [ -13.785021084000311, 28.841727516327325 ], [ -13.786306498479876, 28.838862945819006 ], [ -13.787906658229799, 28.839478965592615 ], [ -13.789452210692046, 28.841788243711562 ], [ -13.788841394157187, 28.844426119706231 ], [ -13.789590646322868, 28.847215092268691 ], [ -13.79148496596866, 28.850827839612009 ], [ -13.793874208745411, 28.853994465787057 ], [ -13.796362456235379, 28.855215845816982 ], [ -13.798057686546775, 28.854496983996544 ], [ -13.798858417452138, 28.857660258076113 ], [ -13.802423231470545, 28.8588774512376 ], [ -13.805448796281361, 28.856879626794186 ], [ -13.806309472274675, 28.85735364871956 ], [ -13.809455304138432, 28.856902590474629 ], [ -13.813072551864947, 28.855692498891521 ], [ -13.813446950616393, 28.858010881670424 ], [ -13.816752677499474, 28.859229714980714 ], [ -13.817695885994915, 28.86059490764492 ], [ -13.82345782408051, 28.862155542721037 ], [ -13.82749244614047, 28.86181513835691 ], [ -13.830155176764682, 28.862318578776225 ], [ -13.831792756726978, 28.861104636861469 ], [ -13.83361547193773, 28.860753825696573 ], [ -13.835721797280232, 28.858765451132715 ], [ -13.837087438388165, 28.856566063877938 ], [ -13.839922845447012, 28.855632016173626 ], [ -13.841618229995463, 28.857657868756732 ], [ -13.844187653824354, 28.858327700838188 ], [ -13.847389414554147, 28.861140296634289 ], [ -13.850152959170142, 28.860919248970291 ], [ -13.854089254237758, 28.861858286643081 ], [ -13.856118153864754, 28.860760698092466 ], [ -13.858365306787602, 28.860444802155005 ], [ -13.860697542876228, 28.86125776402405 ], [ -13.863141469888406, 28.86059746102671 ], [ -13.867839108482217, 28.85770634277636 ], [ -13.869543865978429, 28.85550240197049 ], [ -13.872079958902546, 28.854853752168751 ], [ -13.873985177240115, 28.855990626608815 ], [ -13.875735740617035, 28.858668939121674 ], [ -13.876910524748014, 28.859454845095456 ], [ -13.876636759980398, 28.86130133617333 ], [ -13.877357337754328, 28.862535995923434 ], [ -13.877089073785426, 28.86523448641104 ], [ -13.874913064973981, 28.869048150424938 ], [ -13.87523247402391, 28.872649969288354 ], [ -13.875000443304929, 28.874878783235591 ], [ -13.875751308273282, 28.878068408288815 ], [ -13.878141925260071, 28.879399880697754 ], [ -13.880318473603142, 28.881694390468752 ], [ -13.880720299054543, 28.88364988848835 ], [ -13.882106016186226, 28.885216866505157 ], [ -13.877430585425836, 28.890266706291431 ], [ -13.87413072997791, 28.892528734127545 ], [ -13.87338792107497, 28.893949432017269 ], [ -13.869304602013015, 28.893848889039969 ], [ -13.867471324177984, 28.894616071522442 ], [ -13.864629236479342, 28.894846596133945 ], [ -13.861995992859319, 28.895851738929672 ], [ -13.860475591148727, 28.895374687508109 ], [ -13.857807230112277, 28.897441330661447 ], [ -13.857542877925848, 28.899470693618397 ], [ -13.856358773026479, 28.900891175460835 ], [ -13.857093695572804, 28.904027465538956 ], [ -13.854164020122823, 28.905519202471904 ], [ -13.853957297004808, 28.907442069743613 ], [ -13.852074285290707, 28.907103936255655 ], [ -13.850113987749905, 28.91208082849262 ], [ -13.848756011128991, 28.912712418976206 ], [ -13.846162454075715, 28.916236600122943 ], [ -13.842541448736899, 28.916166526856099 ], [ -13.841562511807439, 28.917595056734292 ], [ -13.839983350521956, 28.917902854204637 ], [ -13.839307748324671, 28.91996144818652 ], [ -13.835330654151829, 28.922627660868216 ], [ -13.832454365361002, 28.926617639963723 ], [ -13.831449508523882, 28.926948724214878 ], [ -13.829012215981797, 28.930360126676195 ], [ -13.829861086450043, 28.933953621284889 ], [ -13.831373561204577, 28.936388813590117 ], [ -13.832961287204729, 28.937281358574893 ], [ -13.834119852099349, 28.940432468561763 ], [ -13.833684521567056, 28.942908716112946 ], [ -13.832783293408379, 28.943741188264198 ], [ -13.832555419246674, 28.949457737108098 ], [ -13.834327954632576, 28.951501182885799 ], [ -13.834440704456647, 28.953279648934309 ], [ -13.833277870491655, 28.956037086501798 ], [ -13.833387832648253, 28.957359800201264 ], [ -13.830793346212717, 28.95923167423463 ], [ -13.830539249657276, 28.960792508294087 ], [ -13.834175644523256, 28.964106425469723 ], [ -13.833381026458492, 28.966378749727859 ], [ -13.834212720491927, 28.969290606775054 ], [ -13.832243512365917, 28.974423625074177 ], [ -13.830033163741595, 28.97469432430233 ], [ -13.828890429754347, 28.97669261074957 ], [ -13.82958819276111, 28.978905656949703 ], [ -13.832306676245846, 28.981981398604859 ], [ -13.832593075622325, 28.987394555520041 ], [ -13.833620864970221, 28.989176443241263 ], [ -13.832658365762413, 28.991744793864587 ], [ -13.83262918395822, 28.993832568431966 ], [ -13.831447739282623, 28.994343026720625 ], [ -13.830552941738738, 28.99710345673774 ], [ -13.831453382810349, 28.997340675161315 ], [ -13.83105867908, 29.000163818092599 ], [ -13.829346913899423, 29.005027218081565 ], [ -13.829894686699111, 29.007210161477328 ], [ -13.82757199959258, 29.00993829517698 ], [ -13.826479803672859, 29.012605912131875 ], [ -13.822538612294458, 29.01699679281305 ], [ -13.822116735646899, 29.019200736755792 ], [ -13.819033966221667, 29.023841750573194 ], [ -13.818352925669169, 29.024268840511397 ], [ -13.816333891596242, 29.028445942103748 ], [ -13.816874778490092, 29.030569474775593 ], [ -13.815470067511832, 29.033381003261251 ], [ -13.808536396137047, 29.03509172039653 ], [ -13.80674871680173, 29.037427046095655 ] ] ] ] } },
{ "type": "Feature", "properties": { "geocode": "38001", "geopadre": "ES709A32", "etiqueta": "Adeje", "notas": "Ilustre Ayuntamiento de La Villa de Adeje", "granularidad": "MUNICIPIOS", "gcd_provincia": "ES702", "gcd_isla": "ES709", "gcd_grancomarca": "ES709A3", "gcd_comarca": "ES709A32", "ign_sup": 10595.2, "ign_perim": 62529.0, "utm_x": 329176.22, "utm_y": 3113873.69, "longitud": -16.739477, "latitud": 28.139453, "utm_x_capi": 330638.37, "utm_y_capi": 3112001.65, "long_capi": -16.724323, "lati_capi": 28.12275 }, "geometry": { "type": "MultiPolygon", "coordinates": [ [ [ [ -16.68081807494919, 28.212782482551734 ], [ -16.679193148300939, 28.212788903284657 ], [ -16.675072910827126, 28.208665420225831 ], [ -16.672823044871492, 28.208444767507192 ], [ -16.669972607579748, 28.207049150052413 ], [ -16.666546651816518, 28.207212765284066 ], [ -16.66381980357653, 28.205937346399075 ], [ -16.662167442706611, 28.204556315161891 ], [ -16.661077014019966, 28.20150785623542 ], [ -16.660359997120516, 28.201358758776863 ], [ -16.668561045884047, 28.174036900843962 ], [ -16.674000316133526, 28.169259996683337 ], [ -16.674494063800179, 28.165593088558879 ], [ -16.678413480360121, 28.158918735013952 ], [ -16.679364743011373, 28.156345005808959 ], [ -16.67934126852488, 28.154496699794183 ], [ -16.680442209594862, 28.151327739216832 ], [ -16.682565955701254, 28.148330049152722 ], [ -16.682869727338279, 28.146329552402108 ], [ -16.685558932331446, 28.143417539909947 ], [ -16.686568071126679, 28.140668312141589 ], [ -16.68763683273334, 28.13929013188659 ], [ -16.688084410330916, 28.136890756793598 ], [ -16.687589124952574, 28.135008391324398 ], [ -16.688975453783513, 28.134287366386282 ], [ -16.689394943724004, 28.132574227748286 ], [ -16.687656647637422, 28.129836272999867 ], [ -16.687589843188213, 28.1238264855617 ], [ -16.687085272241777, 28.122239794204237 ], [ -16.684890934920048, 28.120268741813625 ], [ -16.684752852912954, 28.118112499686966 ], [ -16.686111347216745, 28.116132868987524 ], [ -16.689051139478899, 28.114404501272976 ], [ -16.689112110110983, 28.111759438939416 ], [ -16.690425375256424, 28.108589032014596 ], [ -16.691806284318165, 28.107261125791968 ], [ -16.690702108141529, 28.104452189897327 ], [ -16.691590990773761, 28.101830758230307 ], [ -16.690929880916045, 28.095327399184001 ], [ -16.693557126507152, 28.092995873906005 ], [ -16.697041374876864, 28.087655157737341 ], [ -16.699629983120236, 28.085030690392905 ], [ -16.701815259217785, 28.084019879158419 ], [ -16.704388140524625, 28.083654015713151 ], [ -16.705873648740717, 28.081993012398151 ], [ -16.706548443457287, 28.078997363231974 ], [ -16.708664016764025, 28.076166532177144 ], [ -16.711370989574203, 28.075467207533194 ], [ -16.712161994335162, 28.074096830341887 ], [ -16.714480418062461, 28.073282713543755 ], [ -16.716601212150252, 28.070860080860836 ], [ -16.717782489133949, 28.070743768894456 ], [ -16.721278555938703, 28.067299823522017 ], [ -16.721902999526748, 28.066102956881878 ], [ -16.725225039345066, 28.067624804109631 ], [ -16.727327127219947, 28.065982904623343 ], [ -16.72979524239916, 28.067287504984414 ], [ -16.733429890407287, 28.0665914273394 ], [ -16.732768275369803, 28.069531123063484 ], [ -16.733358524800636, 28.071527744527849 ], [ -16.732779991919756, 28.072594166484347 ], [ -16.734320795190822, 28.073870954289102 ], [ -16.736003569448904, 28.077863966293116 ], [ -16.735570820252793, 28.079694414291168 ], [ -16.736744035435343, 28.082033460870917 ], [ -16.736243499344472, 28.082969303207346 ], [ -16.738926153455502, 28.08794492355289 ], [ -16.740590853672398, 28.088330776980751 ], [ -16.741459263110215, 28.089498065645355 ], [ -16.747785109360084, 28.093054405452563 ], [ -16.749618740798386, 28.093488684983274 ], [ -16.750534256844034, 28.095310610523786 ], [ -16.753047549741606, 28.098746749539782 ], [ -16.756606610329371, 28.098858708804993 ], [ -16.757429069349456, 28.101652326196767 ], [ -16.759440036061449, 28.102373709884983 ], [ -16.758498138321947, 28.103964650064132 ], [ -16.758636944708158, 28.105543397351351 ], [ -16.761459346680628, 28.104703125085319 ], [ -16.760575633832236, 28.107856818542732 ], [ -16.763846549179593, 28.110596751217219 ], [ -16.766423867309356, 28.110187155803075 ], [ -16.769064121418566, 28.110404849661162 ], [ -16.767896101818952, 28.113099822926532 ], [ -16.768628048411095, 28.113839598022125 ], [ -16.770874000460076, 28.112565434553979 ], [ -16.772936973093351, 28.11290126763576 ], [ -16.773623512238181, 28.113812837355667 ], [ -16.77342643631907, 28.115839885619739 ], [ -16.774551176419301, 28.116007052306568 ], [ -16.774514131131305, 28.118381520586304 ], [ -16.776548985863847, 28.117426003150612 ], [ -16.777643536830382, 28.119735669892677 ], [ -16.778948616148657, 28.11945215770961 ], [ -16.780480031265302, 28.122180132768875 ], [ -16.781681546965224, 28.127021031130226 ], [ -16.784112925486511, 28.126826857127266 ], [ -16.783916014354151, 28.12853225152756 ], [ -16.786672552811559, 28.130394094690011 ], [ -16.786294506509741, 28.132784135266167 ], [ -16.787738719515307, 28.134304132792064 ], [ -16.787640881605469, 28.135400949192935 ], [ -16.790416946106546, 28.138931570976219 ], [ -16.793327625144165, 28.139648216701563 ], [ -16.794629533832587, 28.144778162606514 ], [ -16.79902037374514, 28.149687656870114 ], [ -16.798639653371922, 28.152761999901433 ], [ -16.800818793116417, 28.153803232900195 ], [ -16.80220818887328, 28.155301045280364 ], [ -16.801821082966175, 28.156348511747137 ], [ -16.801221182039409, 28.157233381635336 ], [ -16.796361011469262, 28.158307974230752 ], [ -16.795437037569165, 28.159477497598548 ], [ -16.792790190519071, 28.16058835984667 ], [ -16.788422685901072, 28.160207773634848 ], [ -16.783686174247805, 28.161560072911278 ], [ -16.779080318073131, 28.163585107166035 ], [ -16.777178947325442, 28.164049749404199 ], [ -16.775598486053386, 28.163000830104259 ], [ -16.770285705951373, 28.163446397012816 ], [ -16.767690928090573, 28.164959965944767 ], [ -16.764794330555123, 28.164880008241532 ], [ -16.762051697915055, 28.166641302057908 ], [ -16.760188402228064, 28.166699110544617 ], [ -16.755256629255843, 28.167750627110973 ], [ -16.752198962525064, 28.166891831181086 ], [ -16.746926738115828, 28.167816547912512 ], [ -16.745706947105237, 28.16926929475941 ], [ -16.741110304279893, 28.170751479663068 ], [ -16.737690103603082, 28.172448718096867 ], [ -16.733421787394366, 28.175399776370021 ], [ -16.726979875842588, 28.177013149715567 ], [ -16.72286525747403, 28.178741350373777 ], [ -16.7207411320049, 28.17852665506171 ], [ -16.718218059540391, 28.182204365408552 ], [ -16.714791817493168, 28.184566706266747 ], [ -16.711088615413271, 28.185756947018124 ], [ -16.709396530254551, 28.18855773267002 ], [ -16.707724871363055, 28.190085745867385 ], [ -16.707537325924712, 28.191263567727034 ], [ -16.705311211607878, 28.192358510672211 ], [ -16.703553178950266, 28.194810339674838 ], [ -16.700633341796781, 28.19594768752221 ], [ -16.699105251668161, 28.199080235481905 ], [ -16.696570249363454, 28.201837190263362 ], [ -16.693176613680301, 28.202783970465536 ], [ -16.690595987557565, 28.20490287785368 ], [ -16.689588740589002, 28.204682931677326 ], [ -16.687569594070741, 28.206923453105603 ], [ -16.683351474324919, 28.20892704764497 ], [ -16.68081807494919, 28.212782482551734 ] ] ] ] } },
{ "type": "Feature", "properties": { "geocode": "38002", "geopadre": "ES706A01", "etiqueta": "Agulo", "notas": "Ayuntamiento De Agulo", "granularidad": "MUNICIPIOS", "gcd_provincia": "ES702", "gcd_isla": "ES706", "gcd_grancomarca": "ES706A0", "gcd_comarca": "ES706A01", "ign_sup": 2500.41, "ign_perim": 34839.0, "utm_x": 280900.69, "utm_y": 3116883.8, "longitud": -17.231353, "latitud": 28.159487, "utm_x_capi": 284622.35, "utm_y_capi": 3120059.7, "long_capi": -17.194058, "lati_capi": 28.188747 }, "geometry": { "type": "MultiPolygon", "coordinates": [ [ [ [ -17.235298775235488, 28.202483285915385 ], [ -17.232680771122098, 28.20057103514365 ], [ -17.228176787186278, 28.202177160752331 ], [ -17.226631155761041, 28.200463462305265 ], [ -17.224918467997792, 28.200215850638063 ], [ -17.222917107214435, 28.202062241452161 ], [ -17.22029024378892, 28.200700796834006 ], [ -17.217557692416129, 28.201798408405779 ], [ -17.215151003325577, 28.199780458428322 ], [ -17.212094849001339, 28.202144476563948 ], [ -17.209561338173852, 28.20092315656764 ], [ -17.208932848202814, 28.197712621752995 ], [ -17.207408438081828, 28.198276731467722 ], [ -17.206354158340456, 28.196858221496193 ], [ -17.20466621493933, 28.198763636777034 ], [ -17.201517409176901, 28.199545507514607 ], [ -17.20160302558244, 28.200556726671429 ], [ -17.197897198914774, 28.199363249901843 ], [ -17.196614387991666, 28.197776166485927 ], [ -17.193819324643687, 28.197837711587816 ], [ -17.193063926287959, 28.19678209022382 ], [ -17.193494941959827, 28.194203614631508 ], [ -17.191670705070294, 28.192260253136165 ], [ -17.186105945319312, 28.188437734286016 ], [ -17.185216364534867, 28.18691652396306 ], [ -17.183996461200739, 28.180811014643627 ], [ -17.186528123752396, 28.179476339788771 ], [ -17.189203446518302, 28.180165322809327 ], [ -17.191571822579022, 28.180060499676355 ], [ -17.196378718342846, 28.17571650760949 ], [ -17.197540464923172, 28.173424415507931 ], [ -17.201435733161023, 28.173245420253888 ], [ -17.203651391211991, 28.172519588069829 ], [ -17.208556320063479, 28.169243697342306 ], [ -17.209193411141058, 28.168522773978545 ], [ -17.213798988617768, 28.165578541143354 ], [ -17.215829533346092, 28.162704142938981 ], [ -17.218492293680928, 28.160199779247368 ], [ -17.22147148870134, 28.156261051779836 ], [ -17.223413923472112, 28.15272009395407 ], [ -17.226385224974809, 28.150572857182418 ], [ -17.22702338713227, 28.149541784436622 ], [ -17.23491949274413, 28.141912788783234 ], [ -17.2370421304507, 28.138418311439995 ], [ -17.238023783927904, 28.135585456660163 ], [ -17.238791707905001, 28.131235802990368 ], [ -17.240420870247508, 28.12816428670499 ], [ -17.240946726729717, 28.126064662163568 ], [ -17.240773668324163, 28.120930371543114 ], [ -17.243483439003239, 28.116073315906092 ], [ -17.247585403331673, 28.118545008420426 ], [ -17.248262613828285, 28.120580384842818 ], [ -17.251932507070677, 28.124522150357212 ], [ -17.253183502735713, 28.125388253423601 ], [ -17.254969078483402, 28.125153864232399 ], [ -17.255999360802736, 28.126248800720592 ], [ -17.256724680729377, 28.129260470661514 ], [ -17.256184072802014, 28.131899858418787 ], [ -17.253474471623893, 28.133566329464738 ], [ -17.253968570312104, 28.136175179024082 ], [ -17.253700933073141, 28.138448090183211 ], [ -17.251981582822026, 28.141496436787587 ], [ -17.252368958474847, 28.144931772806803 ], [ -17.251016798899784, 28.1466837521481 ], [ -17.250210036217798, 28.151148141944734 ], [ -17.252254628621969, 28.15094919883353 ], [ -17.253412363216011, 28.152584385302603 ], [ -17.25183905161974, 28.154634133749859 ], [ -17.245398328010353, 28.157526582744211 ], [ -17.243211596915792, 28.160860153697598 ], [ -17.244534648778842, 28.163208093517582 ], [ -17.244310391278169, 28.164286768815703 ], [ -17.241730385621043, 28.165654957013551 ], [ -17.240166571407901, 28.16845112911572 ], [ -17.241135939428823, 28.171888754383353 ], [ -17.238100031550175, 28.173955678379141 ], [ -17.236792361559999, 28.177350009611168 ], [ -17.233552309366825, 28.178658065754945 ], [ -17.229569807497285, 28.184258358488677 ], [ -17.228889860891684, 28.185966870025918 ], [ -17.228840903047161, 28.188412892279114 ], [ -17.229762880155764, 28.190759378212075 ], [ -17.231603727664051, 28.193097982812656 ], [ -17.235458566385656, 28.196627325089615 ], [ -17.235923768519402, 28.199971123520694 ], [ -17.235298775235488, 28.202483285915385 ] ] ] ] } },
{ "type": "Feature", "properties": { "geocode": "38003", "geopadre": "ES706A02", "etiqueta": "Alajeró", "notas": "Ayuntamiento De Alajeró", "granularidad": "MUNICIPIOS", "gcd_provincia": "ES702", "gcd_isla": "ES706", "gcd_grancomarca": "ES706A0", "gcd_comarca": "ES706A02", "ign_sup": 4960.68, "ign_perim": 36946.0, "utm_x": 278914.02, "utm_y": 3106519.63, "longitud": -17.24962, "latitud": 28.065669, "utm_x_capi": 279853.74, "utm_y_capi": 3106289.6, "long_capi": -17.240021, "lati_capi": 28.063751 }, "geometry": { "type": "MultiPolygon", "coordinates": [ [ [ [ -17.296133926295013, 28.048302223543331 ], [ -17.294364841718146, 28.052108241745923 ], [ -17.292792461016052, 28.054491404076288 ], [ -17.291629713748705, 28.057932571559672 ], [ -17.288804569273925, 28.060035593549514 ], [ -17.285257676606815, 28.061561747577972 ], [ -17.283845053332783, 28.062601716306279 ], [ -17.280482099964686, 28.066735384210311 ], [ -17.278971995306446, 28.069870600095587 ], [ -17.276317226964274, 28.070946429716706 ], [ -17.270783983357081, 28.074601050898533 ], [ -17.266275935575823, 28.077122345934118 ], [ -17.264887922198227, 28.078380441061586 ], [ -17.264981492213302, 28.080918867174272 ], [ -17.262424581110018, 28.083562185795476 ], [ -17.258708457216763, 28.085087083627652 ], [ -17.254967546427167, 28.092836415264742 ], [ -17.253292086462121, 28.094770905533952 ], [ -17.251400860471289, 28.095682431625551 ], [ -17.249463630070323, 28.098385339601535 ], [ -17.248203199281477, 28.103169553156508 ], [ -17.249544321044038, 28.10728618925754 ], [ -17.248905172752202, 28.10867336607069 ], [ -17.244965236627721, 28.111730126803327 ], [ -17.243501026712561, 28.108491689491274 ], [ -17.239410447784834, 28.106454433534665 ], [ -17.238990808644743, 28.10579059518977 ], [ -17.236363878876297, 28.102124233754282 ], [ -17.235262318541324, 28.099616228278595 ], [ -17.234847465679046, 28.096766388618143 ], [ -17.233496183886921, 28.092155674716647 ], [ -17.232038100925912, 28.08838289852017 ], [ -17.22858989334361, 28.081397893014746 ], [ -17.226853008866428, 28.079438507629352 ], [ -17.222630835833964, 28.072231976321902 ], [ -17.22138869397665, 28.069505027334575 ], [ -17.217464266677542, 28.065354455507979 ], [ -17.216549500310077, 28.061698524482726 ], [ -17.21379540141707, 28.058988232865321 ], [ -17.212413300783915, 28.05584713617603 ], [ -17.2111797545695, 28.054211166333271 ], [ -17.209689548812914, 28.049243486533619 ], [ -17.206239790694262, 28.046151107569695 ], [ -17.20496738129496, 28.044583815209474 ], [ -17.202766436055896, 28.039716402705697 ], [ -17.201414871870842, 28.038539214956391 ], [ -17.198698768035261, 28.033359438840748 ], [ -17.194984621599136, 28.029098498248967 ], [ -17.197706031985724, 28.027878433075596 ], [ -17.198451500437997, 28.026386644096952 ], [ -17.197928245073211, 28.024237240105901 ], [ -17.206548098168206, 28.024126646926788 ], [ -17.209091862936617, 28.024653426351396 ], [ -17.211037961862999, 28.027325367840938 ], [ -17.214664159429972, 28.027502365346098 ], [ -17.217250779904866, 28.025759167319965 ], [ -17.225597246163154, 28.025594757292893 ], [ -17.22774197727755, 28.026599395553479 ], [ -17.232132994276267, 28.025295594660868 ], [ -17.23388884777334, 28.025233246246756 ], [ -17.235115996411672, 28.023794405947609 ], [ -17.234629556693047, 28.022340529038487 ], [ -17.236777583685228, 28.022196112761485 ], [ -17.243547762124027, 28.019745214470934 ], [ -17.245146412382816, 28.020226569369282 ], [ -17.246836580213799, 28.021818718387212 ], [ -17.248954162981093, 28.021767009599916 ], [ -17.250161646888426, 28.025188650446687 ], [ -17.253386714571597, 28.025921077415681 ], [ -17.255115630742537, 28.025606390240789 ], [ -17.256398582111729, 28.026492524444983 ], [ -17.259529611428242, 28.025265942674046 ], [ -17.262842003596351, 28.025722489548201 ], [ -17.268567960372906, 28.024847156290182 ], [ -17.2712911048955, 28.025899381393845 ], [ -17.273150347079778, 28.028948263062759 ], [ -17.273832017650502, 28.032674232573537 ], [ -17.27271498202769, 28.03514849521104 ], [ -17.273467290375748, 28.036114433259993 ], [ -17.276146791759157, 28.036077802336234 ], [ -17.280186336753111, 28.037655445392669 ], [ -17.280865522483349, 28.038737779929725 ], [ -17.282758896561713, 28.038129910675089 ], [ -17.284136256388638, 28.038956810796332 ], [ -17.289502317375934, 28.038280296762732 ], [ -17.289250460363025, 28.039578873908916 ], [ -17.290916667320573, 28.042975382553951 ], [ -17.290434397893648, 28.04522081896263 ], [ -17.291661360898861, 28.046993645521777 ], [ -17.293939361570256, 28.046529081363957 ], [ -17.296133926295013, 28.048302223543331 ] ] ] ] } },
{ "type": "Feature", "properties": { "geocode": "38004", "geopadre": "ES709A33", "etiqueta": "Arafo", "notas": "Ilustre Ayuntamiento de La Villa Arafo", "granularidad": "MUNICIPIOS", "gcd_provincia": "ES702", "gcd_isla": "ES709", "gcd_grancomarca": "ES709A3", "gcd_comarca": "ES709A33", "ign_sup": 3436.18, "ign_perim": 33593.0, "utm_x": 358828.32, "utm_y": 3137815.09, "longitud": -16.440521, "latitud": 28.359003, "utm_x_capi": 360965.75, "utm_y_capi": 3135708.39, "long_capi": -16.418463, "lati_capi": 28.340221 }, "geometry": { "type": "MultiPolygon", "coordinates": [ [ [ [ -16.362272630128807, 28.330203726762569 ], [ -16.364995862286239, 28.32993858892867 ], [ -16.367441317773839, 28.33030887220762 ], [ -16.368665738311829, 28.32898582971335 ], [ -16.375791797133676, 28.32828381945783 ], [ -16.37602059959816, 28.327706953517609 ], [ -16.380617469671197, 28.327606993052509 ], [ -16.389228460176621, 28.329337479200213 ], [ -16.393623842342659, 28.329372164512165 ], [ -16.396810052239594, 28.330916313312329 ], [ -16.398522046329258, 28.331195347522396 ], [ -16.403259352846767, 28.333282823528126 ], [ -16.40815695384541, 28.334524244008563 ], [ -16.413394605625072, 28.334043448156727 ], [ -16.415472619376505, 28.333501952239395 ], [ -16.423006810640377, 28.333381689790009 ], [ -16.436005665109491, 28.332224531993948 ], [ -16.453409595802711, 28.33602567826961 ], [ -16.466323167103088, 28.335284225664704 ], [ -16.470286602391091, 28.335456633309743 ], [ -16.484700098156875, 28.334890498256456 ], [ -16.481713308133251, 28.341433289429208 ], [ -16.48224891052061, 28.345224811487128 ], [ -16.481614804240586, 28.347772287817374 ], [ -16.477208302347325, 28.350949573217719 ], [ -16.476282857100067, 28.352175738378396 ], [ -16.473394746638203, 28.352917710107665 ], [ -16.471085136171379, 28.352726043392277 ], [ -16.468071545823086, 28.355150199357745 ], [ -16.466484405445904, 28.358581058485324 ], [ -16.466453439819968, 28.361268641525676 ], [ -16.464642646578827, 28.364467231056665 ], [ -16.464372001344024, 28.367119030866132 ], [ -16.464974629033399, 28.368881491106738 ], [ -16.463561458433283, 28.371881751570424 ], [ -16.462893496365933, 28.373398384266263 ], [ -16.461003593789712, 28.374127133976408 ], [ -16.461084602687027, 28.37645476240354 ], [ -16.457992043588956, 28.380490552918168 ], [ -16.456936473627458, 28.382426463306587 ], [ -16.455062388821016, 28.382997025028168 ], [ -16.452993506353494, 28.385701839487588 ], [ -16.449362908449228, 28.387692206412531 ], [ -16.448708875353518, 28.389621528417823 ], [ -16.447219750211332, 28.389407212626505 ], [ -16.445392253261826, 28.390392309428332 ], [ -16.445321522317105, 28.388940002847157 ], [ -16.446685590438566, 28.387977879471023 ], [ -16.447500517932703, 28.385823483168839 ], [ -16.447496049904416, 28.383921469776165 ], [ -16.445909085581057, 28.382295732013247 ], [ -16.44400707521087, 28.382527993994671 ], [ -16.443121735707379, 28.381488192405278 ], [ -16.440945303614445, 28.381330720472263 ], [ -16.440310456874627, 28.380252149481997 ], [ -16.43721016557954, 28.377798432637015 ], [ -16.436386604355931, 28.377667224607215 ], [ -16.431093115223298, 28.373000455912496 ], [ -16.429718891475513, 28.373154770173592 ], [ -16.425851650398791, 28.370210177776482 ], [ -16.424965899981665, 28.367830001012756 ], [ -16.42373775469677, 28.367529206391239 ], [ -16.422929057264962, 28.36597176548598 ], [ -16.417925489951838, 28.363645740740452 ], [ -16.416035257203184, 28.361287223254536 ], [ -16.415211134543565, 28.35946815759354 ], [ -16.412003348611776, 28.357403033835638 ], [ -16.410437216155493, 28.353953522949119 ], [ -16.408596202750196, 28.352954949116221 ], [ -16.406490815834335, 28.352893286603418 ], [ -16.405450620568903, 28.350564144349203 ], [ -16.400883378055834, 28.349061827477211 ], [ -16.397936006853627, 28.345738199203264 ], [ -16.396784716670226, 28.345321840820183 ], [ -16.394467525618968, 28.346092725695595 ], [ -16.392031043636276, 28.34536494863638 ], [ -16.39372982144992, 28.343893294257732 ], [ -16.391971243131678, 28.342593726971018 ], [ -16.390607400350817, 28.342892359494979 ], [ -16.389250153792311, 28.341758936758552 ], [ -16.386172518607616, 28.341405039843298 ], [ -16.384305471617417, 28.33939467022358 ], [ -16.380720706134738, 28.339878854551245 ], [ -16.379382057006534, 28.340589128412937 ], [ -16.375491406412301, 28.339758401224429 ], [ -16.37222554672854, 28.340246851064396 ], [ -16.370026517964099, 28.338780195648265 ], [ -16.367955882782468, 28.33955660732769 ], [ -16.366026256978515, 28.33945111109832 ], [ -16.362107342643785, 28.332294752097464 ], [ -16.362272630128807, 28.330203726762569 ] ] ] ] } },
{ "type": "Feature", "properties": { "geocode": "38005", "geopadre": "ES709A31", "etiqueta": "Arico", "notas": "Ilustre Ayuntamiento de La Villa de Arico", "granularidad": "MUNICIPIOS", "gcd_provincia": "ES702", "gcd_isla": "ES709", "gcd_grancomarca": "ES709A3", "gcd_comarca": "ES709A31", "ign_sup": 17893.4, "ign_perim": 72552.0, "utm_x": 352968.3, "utm_y": 3119280.26, "longitud": -16.497958, "latitud": 28.191103, "utm_x_capi": 352640.44, "utm_y_capi": 3116482.46, "long_capi": -16.500945, "lati_capi": 28.165819 }, "geometry": { "type": "MultiPolygon", "coordinates": [ [ [ [ -16.53774939979175, 28.287109244343768 ], [ -16.53609875153651, 28.286029014113812 ], [ -16.514181191452533, 28.268636337306564 ], [ -16.511039483117059, 28.266692347568597 ], [ -16.508630008981129, 28.26437016481394 ], [ -16.505808048773435, 28.262269087748358 ], [ -16.503529044953797, 28.2592414020334 ], [ -16.499649514750324, 28.256892346264252 ], [ -16.493382364666598, 28.252224976166495 ], [ -16.49250987524475, 28.25096194512523 ], [ -16.49077104778852, 28.250728215536849 ], [ -16.482645604772181, 28.244889244845442 ], [ -16.482513633031694, 28.243015671032683 ], [ -16.477200820227932, 28.238756832138421 ], [ -16.474328527629204, 28.237440809193341 ], [ -16.471496991627756, 28.232730760031139 ], [ -16.470019708239708, 28.232293127681082 ], [ -16.468486507547809, 28.229701278736009 ], [ -16.465071368320071, 28.227061895257453 ], [ -16.463758443465348, 28.224659415130159 ], [ -16.461023571081785, 28.222357859157299 ], [ -16.460136423428118, 28.22041559657206 ], [ -16.45732569066416, 28.218094463031161 ], [ -16.453305594892601, 28.218159801358546 ], [ -16.451449360124037, 28.21583967764251 ], [ -16.45011095932712, 28.215359732578083 ], [ -16.446246371216102, 28.215332957862085 ], [ -16.444318948850551, 28.214829849190423 ], [ -16.443718804114297, 28.213674162064262 ], [ -16.444173332874616, 28.211769513078895 ], [ -16.441723826988159, 28.20911028610734 ], [ -16.440795076916377, 28.206310904405996 ], [ -16.438931893661362, 28.204814239189204 ], [ -16.436647551434515, 28.204055287436496 ], [ -16.435412727022303, 28.202281208509095 ], [ -16.433146106810018, 28.201842413778341 ], [ -16.432317874331293, 28.200255836108273 ], [ -16.429816853536636, 28.199113195138086 ], [ -16.427724224821517, 28.199638215472504 ], [ -16.424679066060211, 28.194886449151511 ], [ -16.423065639586877, 28.193536503047589 ], [ -16.425125518062899, 28.1919459363409 ], [ -16.425846807436969, 28.189898212088721 ], [ -16.427231630994537, 28.189130140972107 ], [ -16.427994708502251, 28.186369489339707 ], [ -16.427326792859855, 28.182971155817715 ], [ -16.425861975636749, 28.18119884955464 ], [ -16.42745843369012, 28.180312677245848 ], [ -16.429815224348392, 28.172914359379934 ], [ -16.425063419825165, 28.168569881734324 ], [ -16.426259230964693, 28.164767021502517 ], [ -16.427737098336241, 28.164029093043272 ], [ -16.42986955466672, 28.164888221826047 ], [ -16.431352747946047, 28.164692370633148 ], [ -16.431538534994079, 28.163249542330863 ], [ -16.434409320109285, 28.156915493981387 ], [ -16.433761297782862, 28.154149252885681 ], [ -16.431253530127908, 28.152614027572067 ], [ -16.42971327467923, 28.153610193998407 ], [ -16.428810352996361, 28.152172425909942 ], [ -16.427216515422661, 28.152303259224109 ], [ -16.42566692737195, 28.150995033299949 ], [ -16.426680506686306, 28.147501968410094 ], [ -16.43211159721108, 28.143083209590465 ], [ -16.434377079190448, 28.140963981846507 ], [ -16.436345733850132, 28.142687623006871 ], [ -16.439585721349136, 28.142623022767907 ], [ -16.440172343318224, 28.140961614295385 ], [ -16.441689980205474, 28.140587982318522 ], [ -16.442792612545357, 28.138140426190063 ], [ -16.441843546595102, 28.13502604266014 ], [ -16.446057373124095, 28.135304277199108 ], [ -16.449102566960374, 28.134560304053721 ], [ -16.449312809138597, 28.131477738256741 ], [ -16.448763219644043, 28.129375099341658 ], [ -16.45106820377136, 28.12803679938888 ], [ -16.453952372564622, 28.125149959621204 ], [ -16.456171158936634, 28.125218827165078 ], [ -16.457707936233696, 28.123200194354844 ], [ -16.463869201564737, 28.119020400773753 ], [ -16.463007122379551, 28.116021812027139 ], [ -16.461950767576138, 28.11415925118861 ], [ -16.463642620550086, 28.11315172588089 ], [ -16.463467762312256, 28.111881944473378 ], [ -16.468381767861789, 28.11096054934924 ], [ -16.468665427398488, 28.109743943659502 ], [ -16.472071419620622, 28.108402587300997 ], [ -16.473031820016875, 28.106609992904708 ], [ -16.472566157937091, 28.104850881305477 ], [ -16.474595537149213, 28.102515426980688 ], [ -16.479123091521323, 28.099556313822962 ], [ -16.48030919834282, 28.099296363136986 ], [ -16.480624596031927, 28.096518381653553 ], [ -16.481710211785149, 28.095119791944104 ], [ -16.483269981764781, 28.099343663264708 ], [ -16.486184691092681, 28.101049511812818 ], [ -16.486964968985998, 28.102137647515452 ], [ -16.487470446773177, 28.105577634089478 ], [ -16.488654140547901, 28.106000267336871 ], [ -16.490745986211806, 28.109161268225062 ], [ -16.493337012135971, 28.112203978548774 ], [ -16.497075218418718, 28.113363593838553 ], [ -16.497596023520821, 28.114513160005846 ], [ -16.496652592101285, 28.115893069908683 ], [ -16.497366535492617, 28.116884839243173 ], [ -16.500055851306513, 28.117911412716666 ], [ -16.499898706133902, 28.119077410067849 ], [ -16.502937348874475, 28.122403835232635 ], [ -16.504438570948029, 28.125180726468919 ], [ -16.504011479147085, 28.126514402491988 ], [ -16.508057070989725, 28.12822538639324 ], [ -16.511546766556538, 28.129127839318784 ], [ -16.512055281107852, 28.130155634756086 ], [ -16.517274404649729, 28.129556432410713 ], [ -16.520177161019124, 28.131266158269693 ], [ -16.521555773892263, 28.132688145194667 ], [ -16.523594926287156, 28.136178601647369 ], [ -16.525202593476298, 28.136961715188331 ], [ -16.526281904241873, 28.139368484700679 ], [ -16.525612084900256, 28.14122839193395 ], [ -16.527108729590452, 28.144406681486206 ], [ -16.531347039387061, 28.150018238424241 ], [ -16.532666623934944, 28.15265240443853 ], [ -16.535238915203166, 28.154803204916412 ], [ -16.5352081772226, 28.155748947829757 ], [ -16.537908310671064, 28.157061166518979 ], [ -16.539920173696856, 28.159240726928619 ], [ -16.545848739623956, 28.161642345246442 ], [ -16.54896490596807, 28.164797557895426 ], [ -16.552305786694344, 28.166221814570829 ], [ -16.552307776937827, 28.168013299760506 ], [ -16.555808950842032, 28.1688038836405 ], [ -16.555185912686653, 28.170198588723157 ], [ -16.556532131371885, 28.171667939052096 ], [ -16.558304641345849, 28.171474041663515 ], [ -16.559224857744034, 28.173609307732157 ], [ -16.561111555288456, 28.174373000126838 ], [ -16.560932378225267, 28.175491911325434 ], [ -16.563289724781686, 28.177493425037873 ], [ -16.565181471346566, 28.180957786154774 ], [ -16.565007714064933, 28.182577536263274 ], [ -16.566841367476769, 28.18381557107665 ], [ -16.565846662345553, 28.185126578943219 ], [ -16.566844862304606, 28.186827681878391 ], [ -16.569274391751591, 28.1879054299629 ], [ -16.570099324705652, 28.191772274120453 ], [ -16.571718941579444, 28.192486976340653 ], [ -16.57363789345693, 28.194380510816366 ], [ -16.574264651219814, 28.196744657694342 ], [ -16.575463998757733, 28.198143288024191 ], [ -16.57695657579908, 28.201167563134248 ], [ -16.579869332832146, 28.201650649154338 ], [ -16.582447713637624, 28.200634858676263 ], [ -16.584370879698266, 28.202079182915423 ], [ -16.585719320463426, 28.202070330157234 ], [ -16.586829598751727, 28.204579973335559 ], [ -16.589733662597247, 28.204510158929168 ], [ -16.589819472038343, 28.206005070654172 ], [ -16.592565653072377, 28.206686111570409 ], [ -16.594306054412346, 28.211392723521104 ], [ -16.59555732413023, 28.21357799444888 ], [ -16.599787430044959, 28.21810203133823 ], [ -16.599023244664931, 28.218977372957951 ], [ -16.593431842603351, 28.220211377560723 ], [ -16.592098042652246, 28.222187606945191 ], [ -16.587337885302496, 28.225214447204419 ], [ -16.586701340926542, 28.227539022131523 ], [ -16.585732473428486, 28.228495637719888 ], [ -16.582982774822106, 28.229596970200365 ], [ -16.580407513368364, 28.232210190150909 ], [ -16.57936758644551, 28.234792098854967 ], [ -16.578114448368169, 28.236392727758844 ], [ -16.575937429935465, 28.236587060943194 ], [ -16.572021419529069, 28.238572542008733 ], [ -16.568996884766218, 28.239223251871501 ], [ -16.566128167678443, 28.240819746771638 ], [ -16.56501934692302, 28.242660029890853 ], [ -16.560377202929182, 28.244326339238221 ], [ -16.559019918539189, 28.246961366701338 ], [ -16.55454353904226, 28.248657181661919 ], [ -16.551922866006368, 28.251468959832724 ], [ -16.550986521984655, 28.25578683045881 ], [ -16.549408224850652, 28.257767699602187 ], [ -16.548844326437653, 28.260095805528852 ], [ -16.549590733276197, 28.260937960284121 ], [ -16.550001360303455, 28.26455011816077 ], [ -16.546030309733048, 28.264173187409714 ], [ -16.544411003654847, 28.270768560595837 ], [ -16.546188410736523, 28.274196047653881 ], [ -16.54540551278404, 28.275531599013167 ], [ -16.54565388341965, 28.277663227139502 ], [ -16.546794288124257, 28.278469345230452 ], [ -16.54751912598946, 28.28120476526081 ], [ -16.545082847307278, 28.282421406889416 ], [ -16.541589413175714, 28.285852070663317 ], [ -16.53774939979175, 28.287109244343768 ] ] ] ] } },
{ "type": "Feature", "properties": { "geocode": "38006", "geopadre": "ES709A32", "etiqueta": "Arona", "notas": "Ilustre Ayuntamiento de Arona", "granularidad": "MUNICIPIOS", "gcd_provincia": "ES702", "gcd_isla": "ES709", "gcd_grancomarca": "ES709A3", "gcd_comarca": "ES709A32", "ign_sup": 8159.85, "ign_perim": 51424.0, "utm_x": 334198.7, "utm_y": 3104909.44, "longitud": -16.687086, "latitud": 28.059206, "utm_x_capi": 334891.26, "utm_y_capi": 3109429.73, "long_capi": -16.680677, "lati_capi": 28.100081 }, "geometry": { "type": "MultiPolygon", "coordinates": [ [ [ [ -16.638557208538661, 28.00879618887538 ], [ -16.63821906596516, 28.006608444628768 ], [ -16.639497706675126, 28.005451743689068 ], [ -16.641772838429162, 28.004932080680025 ], [ -16.643609572990485, 28.003777195437127 ], [ -16.646556118534711, 28.004028578508979 ], [ -16.649140043077793, 28.007566591554042 ], [ -16.652380667044721, 28.007616241408751 ], [ -16.653429245467045, 28.006308409978203 ], [ -16.656216935713687, 28.006051923898529 ], [ -16.659147931331102, 28.008457661668867 ], [ -16.661634796739598, 28.008164852828283 ], [ -16.664186871930013, 28.008517836835694 ], [ -16.66563254832527, 28.008001765739458 ], [ -16.666877264792458, 28.005299015767765 ], [ -16.666633798321381, 28.00349902474229 ], [ -16.670537241358435, 28.00471145652649 ], [ -16.672084558747489, 28.003883114549591 ], [ -16.678292858502139, 27.998062177761533 ], [ -16.682393491218935, 27.998716354367414 ], [ -16.685777218570699, 27.998222201037343 ], [ -16.692428396190056, 28.000165251780999 ], [ -16.695137343859489, 28.000378129977253 ], [ -16.695895962510711, 28.001436718087479 ], [ -16.698931681792377, 28.002362438895933 ], [ -16.69998562637933, 28.003886311758713 ], [ -16.701932608949669, 28.004101001805562 ], [ -16.703072666057889, 28.005713175462244 ], [ -16.706352598519544, 28.008222571299957 ], [ -16.706393533208878, 28.009805315431031 ], [ -16.707800703945519, 28.012406997626162 ], [ -16.706202323796997, 28.016078648995897 ], [ -16.707051624874605, 28.019357963976976 ], [ -16.706011343563581, 28.0216416879863 ], [ -16.705776859614186, 28.024066896050375 ], [ -16.704634463090205, 28.026547667105262 ], [ -16.705018697366036, 28.0283536684375 ], [ -16.706236741364105, 28.029194169572175 ], [ -16.706442975593763, 28.03073874664361 ], [ -16.708379027103234, 28.031284077448369 ], [ -16.709419920153557, 28.032893542102304 ], [ -16.708742689249, 28.034449024764147 ], [ -16.710082265709953, 28.035897767472054 ], [ -16.708777089415246, 28.03811254551692 ], [ -16.70942277328988, 28.041984397277584 ], [ -16.711168225081899, 28.043151085912051 ], [ -16.711942844546407, 28.044663150265976 ], [ -16.711231017500033, 28.047071014833083 ], [ -16.713860856275062, 28.049031829456993 ], [ -16.715978665991585, 28.049830348963052 ], [ -16.718508972226928, 28.049901549730777 ], [ -16.719666467969109, 28.048649998102533 ], [ -16.722163460623516, 28.049204374905376 ], [ -16.722383826585954, 28.050746734682974 ], [ -16.724074060603165, 28.052041897021429 ], [ -16.726359641083565, 28.05246416069312 ], [ -16.729484488813103, 28.051099846770544 ], [ -16.730978140377804, 28.052650492056756 ], [ -16.733299186145882, 28.052653417800563 ], [ -16.736506089264228, 28.054408368930236 ], [ -16.737305696405066, 28.055446006471509 ], [ -16.736385948576547, 28.057698723178252 ], [ -16.736415743164866, 28.059536446265199 ], [ -16.733214767741561, 28.063253130435442 ], [ -16.732668127848989, 28.065905499941316 ], [ -16.733429890407287, 28.0665914273394 ], [ -16.72979524239916, 28.067287504984414 ], [ -16.727327127219947, 28.065982904623343 ], [ -16.725225039345066, 28.067624804109631 ], [ -16.721902999526748, 28.066102956881878 ], [ -16.721278555938703, 28.067299823522017 ], [ -16.717782489133949, 28.070743768894456 ], [ -16.716601212150252, 28.070860080860836 ], [ -16.714480418062461, 28.073282713543755 ], [ -16.712161994335162, 28.074096830341887 ], [ -16.711370989574203, 28.075467207533194 ], [ -16.708664016764025, 28.076166532177144 ], [ -16.706548443457287, 28.078997363231974 ], [ -16.705873648740717, 28.081993012398151 ], [ -16.704388140524625, 28.083654015713151 ], [ -16.701815259217785, 28.084019879158419 ], [ -16.699629983120236, 28.085030690392905 ], [ -16.697041374876864, 28.087655157737341 ], [ -16.693557126507152, 28.092995873906005 ], [ -16.690929880916045, 28.095327399184001 ], [ -16.691590990773761, 28.101830758230307 ], [ -16.690702108141529, 28.104452189897327 ], [ -16.691806284318165, 28.107261125791968 ], [ -16.690425375256424, 28.108589032014596 ], [ -16.689112110110983, 28.111759438939416 ], [ -16.689051139478899, 28.114404501272976 ], [ -16.686111347216745, 28.116132868987524 ], [ -16.684752852912954, 28.118112499686966 ], [ -16.684890934920048, 28.120268741813625 ], [ -16.684017806018051, 28.120340723734323 ], [ -16.67361444686793, 28.112278665327345 ], [ -16.659949172208385, 28.112902494391939 ], [ -16.651473696665459, 28.108339999523402 ], [ -16.64179281118431, 28.10445189368156 ], [ -16.641015572662472, 28.100026575300852 ], [ -16.641594149330448, 28.099047197355493 ], [ -16.641944302932639, 28.094909513010055 ], [ -16.642547982411493, 28.09251063458828 ], [ -16.642924153276248, 28.088559905180865 ], [ -16.642070583659304, 28.086219085733322 ], [ -16.642084544838958, 28.084210832335806 ], [ -16.640583510118471, 28.081990562349915 ], [ -16.639463954316685, 28.078418716363771 ], [ -16.640390977325158, 28.075871577659953 ], [ -16.640536483997316, 28.073875285856474 ], [ -16.641504698239633, 28.072430969063017 ], [ -16.64128787005486, 28.070215637901967 ], [ -16.640389324095647, 28.067726419952294 ], [ -16.639180898273835, 28.066080233041959 ], [ -16.637828446358792, 28.061831998564919 ], [ -16.637692445815848, 28.059446469694411 ], [ -16.63813962418245, 28.044547368631573 ], [ -16.638220627127403, 28.036236476271398 ], [ -16.638883596713899, 28.015481919100743 ], [ -16.638952789966154, 28.009158939258054 ], [ -16.638557208538661, 28.00879618887538 ] ] ] ] } },
{ "type": "Feature", "properties": { "geocode": "38007", "geopadre": "ES707A02", "etiqueta": "Barlovento", "notas": "Ayuntamiento De Barlovento", "granularidad": "MUNICIPIOS", "gcd_provincia": "ES702", "gcd_isla": "ES707", "gcd_grancomarca": "ES707A0", "gcd_comarca": "ES707A03", "ign_sup": 4349.52, "ign_perim": 40858.0, "utm_x": 223396.32, "utm_y": 3189106.97, "longitud": -17.833809, "latitud": 28.79984, "utm_x_capi": 226458.2, "utm_y_capi": 3192308.58, "long_capi": -17.803244, "lati_capi": 28.829358 }, "geometry": { "type": "MultiPolygon", "coordinates": [ [ [ [ -17.770255804179296, 28.818427299099941 ], [ -17.773457998410858, 28.815693127974065 ], [ -17.775215745337231, 28.815591119821274 ], [ -17.775845887645286, 28.813631527849626 ], [ -17.778976069757267, 28.811864899985952 ], [ -17.779758922040575, 28.809565680618206 ], [ -17.781597396355924, 28.809260772692252 ], [ -17.782318210556245, 28.810293185563225 ], [ -17.784732134411225, 28.807635550245845 ], [ -17.786065980138048, 28.806919745029688 ], [ -17.789679492025328, 28.806356154182453 ], [ -17.7892800645939, 28.804664959869459 ], [ -17.792232620593612, 28.804205174041766 ], [ -17.793553333609122, 28.802540618777826 ], [ -17.796446894022182, 28.803670464337038 ], [ -17.801679713153376, 28.802853786071392 ], [ -17.805267543856065, 28.8009210245731 ], [ -17.80723878404994, 28.801375418618399 ], [ -17.811281824858987, 28.799430143686081 ], [ -17.810192738924346, 28.798533656558114 ], [ -17.812506416696824, 28.796755338548497 ], [ -17.813684213781347, 28.796609005537718 ], [ -17.814367335926782, 28.794361225337155 ], [ -17.813114331575306, 28.793647413839409 ], [ -17.818621650616613, 28.791686374273176 ], [ -17.822042513130686, 28.789996442980641 ], [ -17.823356582793057, 28.788380834491363 ], [ -17.82437114706136, 28.78554237355187 ], [ -17.825982976974004, 28.78474100144507 ], [ -17.826122144550592, 28.783219963767973 ], [ -17.830035254437181, 28.781166124392094 ], [ -17.831593567324944, 28.77821085783772 ], [ -17.834817058968731, 28.775427181700504 ], [ -17.835997215087477, 28.773827448389781 ], [ -17.840307494427069, 28.770088947529288 ], [ -17.841991104070893, 28.766842909254095 ], [ -17.844098661622091, 28.764496823286635 ], [ -17.846790793635716, 28.762197649337505 ], [ -17.849664165365819, 28.758786823386863 ], [ -17.851708885075794, 28.757250824253813 ], [ -17.853376724157556, 28.754341578171449 ], [ -17.854687983076804, 28.755889422868311 ], [ -17.857061336040619, 28.757424147040073 ], [ -17.858908019619534, 28.75750093678926 ], [ -17.85941420069765, 28.759025658254473 ], [ -17.860770019448974, 28.759827798921428 ], [ -17.863114925064245, 28.759858532648895 ], [ -17.864563686464987, 28.760843414733351 ], [ -17.86171288730505, 28.763944946038112 ], [ -17.858298442213119, 28.766884168564882 ], [ -17.858582609672354, 28.770471803195758 ], [ -17.861210197615332, 28.770739148642352 ], [ -17.862305030241146, 28.772086015849716 ], [ -17.86115588368807, 28.773511124978175 ], [ -17.860929112295128, 28.776324007614377 ], [ -17.859494986263112, 28.778020427465137 ], [ -17.860830662301783, 28.780629626714514 ], [ -17.859605067404399, 28.783328282613226 ], [ -17.861716685203206, 28.78575956221545 ], [ -17.860497271869626, 28.7881793718457 ], [ -17.858772292676768, 28.790216965243779 ], [ -17.85771256679709, 28.792882869317843 ], [ -17.858785524470399, 28.794339450379415 ], [ -17.857735482505444, 28.796573442426023 ], [ -17.856043858441122, 28.797325467737458 ], [ -17.85819606315485, 28.799453212528107 ], [ -17.854805072287569, 28.801056460312441 ], [ -17.8543138593649, 28.802093803407217 ], [ -17.855414404056294, 28.803497055732688 ], [ -17.854936847067453, 28.805357923979425 ], [ -17.853296009078093, 28.807940846403792 ], [ -17.85091676455831, 28.808572058068897 ], [ -17.851181418191754, 28.813473451550301 ], [ -17.850284881472277, 28.814887824760429 ], [ -17.850702659636564, 28.816124685305311 ], [ -17.848136426336136, 28.816516260487649 ], [ -17.848713149995316, 28.818512879899099 ], [ -17.847594247848303, 28.820226896127455 ], [ -17.849637692283657, 28.821507895368075 ], [ -17.850632415795523, 28.823731093203232 ], [ -17.847005831450609, 28.825889577572514 ], [ -17.846638940444539, 28.827387461334272 ], [ -17.847999800855309, 28.828611627132272 ], [ -17.849019813041821, 28.831234793795218 ], [ -17.847379292435129, 28.833283663359339 ], [ -17.848397813842407, 28.834938886063306 ], [ -17.84688789338675, 28.835599782545106 ], [ -17.840908107779068, 28.834650014468284 ], [ -17.837603346969985, 28.834921067669399 ], [ -17.834093269910969, 28.836457540645917 ], [ -17.832156871697027, 28.836383608812202 ], [ -17.825574224254616, 28.837718496204101 ], [ -17.822020969960253, 28.839987279618164 ], [ -17.81887204901366, 28.839124285483695 ], [ -17.814514970115461, 28.839104788124491 ], [ -17.810702318144511, 28.840582269458487 ], [ -17.807492779559965, 28.843158393505572 ], [ -17.802685871360858, 28.841754269826186 ], [ -17.800729032368956, 28.841880232552953 ], [ -17.798627780092914, 28.84362511347776 ], [ -17.797165779253994, 28.843300916170985 ], [ -17.79598679965024, 28.8410962940724 ], [ -17.794132593228056, 28.842615803901293 ], [ -17.790662591907818, 28.842097911006505 ], [ -17.789830821626619, 28.843606295437247 ], [ -17.7877277593632, 28.843428294953451 ], [ -17.788077944069759, 28.841031594016364 ], [ -17.787440443881991, 28.840183607090307 ], [ -17.785015176911511, 28.840228993485404 ], [ -17.78321775647122, 28.840973439279104 ], [ -17.781270924004097, 28.839487434508545 ], [ -17.77769281733945, 28.83936232235331 ], [ -17.777032613905739, 28.836326236510722 ], [ -17.777495195172257, 28.835233211514613 ], [ -17.774918499743208, 28.830933138608305 ], [ -17.773888135353445, 28.830870288750639 ], [ -17.774791701380128, 28.826384420021892 ], [ -17.77199053406089, 28.824103558735711 ], [ -17.76941897232464, 28.824742155306854 ], [ -17.771101494643812, 28.821411815531512 ], [ -17.770255804179296, 28.818427299099941 ] ] ] ] } },
{ "type": "Feature", "properties": { "geocode": "38008", "geopadre": "ES707A01", "etiqueta": "Breña Alta", "notas": "Ayuntamiento de La Villa de  Breña Alta", "granularidad": "MUNICIPIOS", "gcd_provincia": "ES702", "gcd_isla": "ES707", "gcd_grancomarca": "ES707A0", "gcd_comarca": "ES707A02", "ign_sup": 3089.34, "ign_perim": 29720.0, "utm_x": 226247.84, "utm_y": 3172666.81, "longitud": -17.800667, "latitud": 28.652234, "utm_x_capi": 227617.28, "utm_y_capi": 3173864.77, "long_capi": -17.786957, "lati_capi": 28.663323 }, "geometry": { "type": "MultiPolygon", "coordinates": [ [ [ [ -17.766319930887189, 28.664505852138227 ], [ -17.769099404871209, 28.659245899563643 ], [ -17.771310283433422, 28.658070613552866 ], [ -17.776304681300758, 28.654291429750035 ], [ -17.776201859672373, 28.650918453469661 ], [ -17.77765617288313, 28.650474119332269 ], [ -17.777293760230126, 28.648558346876889 ], [ -17.78099355107183, 28.645576834924878 ], [ -17.784203196668571, 28.643949425072041 ], [ -17.784083281328165, 28.643237419727274 ], [ -17.790601555632243, 28.639476024980077 ], [ -17.791811783999499, 28.638418214467816 ], [ -17.79445943210569, 28.637662694949853 ], [ -17.797833760760536, 28.635757345607793 ], [ -17.797149442369488, 28.634035891870386 ], [ -17.798084517637456, 28.632246731930334 ], [ -17.800251910046608, 28.629931447215181 ], [ -17.802289198829232, 28.628686858848518 ], [ -17.805239534316211, 28.625571230197579 ], [ -17.807755402564865, 28.624712836751055 ], [ -17.810125428951594, 28.622726068459478 ], [ -17.812628540475551, 28.621247961625649 ], [ -17.815965977445071, 28.620633279484448 ], [ -17.818027397001849, 28.61978032746439 ], [ -17.823118463924224, 28.618580840134179 ], [ -17.827741322120499, 28.618007280829485 ], [ -17.832105156074888, 28.61629297912005 ], [ -17.835238975790471, 28.616126150753569 ], [ -17.833052909010522, 28.618433508297223 ], [ -17.832265711929711, 28.622243393556772 ], [ -17.831387413518964, 28.624169260798581 ], [ -17.830067672670637, 28.625218729655614 ], [ -17.826788017334223, 28.63071603914501 ], [ -17.824896235174972, 28.638345336279983 ], [ -17.824398765260213, 28.641723880926381 ], [ -17.824940102516297, 28.642626162457276 ], [ -17.824887196533428, 28.645430218141264 ], [ -17.825768702515802, 28.648061302283807 ], [ -17.825195134142476, 28.648864649349321 ], [ -17.825362938490674, 28.651805357525184 ], [ -17.824816939505087, 28.65343183957528 ], [ -17.825833882841636, 28.657582856334919 ], [ -17.825416095606119, 28.659571820855753 ], [ -17.826638566740982, 28.663499560755444 ], [ -17.826194282802938, 28.665959084491568 ], [ -17.827817007756639, 28.669790375302821 ], [ -17.827967655766852, 28.672959327092084 ], [ -17.829741860333353, 28.675708856158838 ], [ -17.830329437164139, 28.677965794571112 ], [ -17.82963117813134, 28.681831121611591 ], [ -17.829907806125757, 28.682924425328899 ], [ -17.832156506948262, 28.684904408650894 ], [ -17.833564654287528, 28.687544114105183 ], [ -17.833446734161122, 28.688534525504501 ], [ -17.830677404835836, 28.68732917090006 ], [ -17.822967798171177, 28.687572399280302 ], [ -17.820692733503929, 28.686199146017337 ], [ -17.815094794195748, 28.684503563188226 ], [ -17.813803578203832, 28.683537275089801 ], [ -17.811052768731852, 28.683044852668651 ], [ -17.807192551055813, 28.681407337265352 ], [ -17.805137144796511, 28.679539882875627 ], [ -17.804155090858057, 28.677694797884566 ], [ -17.799451835511555, 28.675999825185503 ], [ -17.795718710652636, 28.675895711870965 ], [ -17.791719413894956, 28.678173007523359 ], [ -17.790192070767645, 28.678089056144568 ], [ -17.787314816957789, 28.679405843365313 ], [ -17.783634362939292, 28.683307270537117 ], [ -17.780536479890394, 28.685960808459686 ], [ -17.779004559795418, 28.68787579929478 ], [ -17.775252938165245, 28.687911183943466 ], [ -17.773697049885381, 28.686951451549959 ], [ -17.771136268819543, 28.686947275971296 ], [ -17.768873668486339, 28.685526629469141 ], [ -17.772766919718435, 28.679523684704744 ], [ -17.77187650110989, 28.678605091150036 ], [ -17.772707299246157, 28.677261486912823 ], [ -17.772190540305029, 28.676020451194209 ], [ -17.768577162527084, 28.676289845660978 ], [ -17.768141397072952, 28.673629226063284 ], [ -17.769244111227422, 28.673609519131553 ], [ -17.768898391544099, 28.66951536867796 ], [ -17.766319930887189, 28.664505852138227 ] ] ] ] } },
{ "type": "Feature", "properties": { "geocode": "38009", "geopadre": "ES707A01", "etiqueta": "Breña Baja", "notas": "Ayuntamiento de Breña Baja", "granularidad": "MUNICIPIOS", "gcd_provincia": "ES702", "gcd_isla": "ES707", "gcd_grancomarca": "ES707A0", "gcd_comarca": "ES707A03", "ign_sup": 1415.88, "ign_perim": 33848.0, "utm_x": 227198.67, "utm_y": 3170235.73, "longitud": -17.790369, "latitud": 28.630516, "utm_x_capi": 228695.93, "utm_y_capi": 3171874.71, "long_capi": -17.775458, "lati_capi": 28.645608 }, "geometry": { "type": "MultiPolygon", "coordinates": [ [ [ [ -17.840576773597334, 28.596556621393113 ], [ -17.84091254945416, 28.598607237262822 ], [ -17.839490602825961, 28.599954667135538 ], [ -17.840973113001827, 28.602711771702847 ], [ -17.840891419910726, 28.605132048284876 ], [ -17.839359245450424, 28.605872909827838 ], [ -17.837569182070336, 28.607926428381713 ], [ -17.835826498738243, 28.608942701292264 ], [ -17.83453729794017, 28.612549535194194 ], [ -17.835238975790471, 28.616126150753569 ], [ -17.832105156074888, 28.61629297912005 ], [ -17.827741322120499, 28.618007280829485 ], [ -17.823118463924224, 28.618580840134179 ], [ -17.818027397001849, 28.61978032746439 ], [ -17.815965977445071, 28.620633279484448 ], [ -17.812628540475551, 28.621247961625649 ], [ -17.810125428951594, 28.622726068459478 ], [ -17.807755402564865, 28.624712836751055 ], [ -17.805239534316211, 28.625571230197579 ], [ -17.802289198829232, 28.628686858848518 ], [ -17.800251910046608, 28.629931447215181 ], [ -17.798084517637456, 28.632246731930334 ], [ -17.797149442369488, 28.634035891870386 ], [ -17.797833760760536, 28.635757345607793 ], [ -17.79445943210569, 28.637662694949853 ], [ -17.791811783999499, 28.638418214467816 ], [ -17.790601555632243, 28.639476024980077 ], [ -17.784083281328165, 28.643237419727274 ], [ -17.784203196668571, 28.643949425072041 ], [ -17.78099355107183, 28.645576834924878 ], [ -17.777293760230126, 28.648558346876889 ], [ -17.77765617288313, 28.650474119332269 ], [ -17.776201859672373, 28.650918453469661 ], [ -17.776304681300758, 28.654291429750035 ], [ -17.771310283433422, 28.658070613552866 ], [ -17.769099404871209, 28.659245899563643 ], [ -17.766319930887189, 28.664505852138227 ], [ -17.763260994524501, 28.662078295237922 ], [ -17.761164893367372, 28.659613678434216 ], [ -17.760006789305343, 28.657249964594584 ], [ -17.762012297434495, 28.655885711301767 ], [ -17.76152622851129, 28.654055851687477 ], [ -17.756621327412361, 28.649105927001525 ], [ -17.756222049595532, 28.646121961535584 ], [ -17.757806556960148, 28.643665273817671 ], [ -17.757964942038406, 28.639422290788993 ], [ -17.756624069406257, 28.637597913217895 ], [ -17.754395777669764, 28.637425651982902 ], [ -17.75437422644433, 28.633564511098633 ], [ -17.753820493713967, 28.630353081546854 ], [ -17.760470101500601, 28.630564709048954 ], [ -17.765182493819012, 28.632949651540798 ], [ -17.767133870567285, 28.63343750307866 ], [ -17.770857139689152, 28.631994367371462 ], [ -17.773720558844907, 28.632381912987007 ], [ -17.778735882366565, 28.63255404226965 ], [ -17.77894467076748, 28.631654969304918 ], [ -17.781801693201789, 28.630180261037868 ], [ -17.784108812756486, 28.628305111535315 ], [ -17.78759871839658, 28.627590925123251 ], [ -17.790004947726466, 28.626297239791267 ], [ -17.794372165400798, 28.621980813973209 ], [ -17.799576442333418, 28.619836923638307 ], [ -17.803829750208269, 28.616826944001208 ], [ -17.809965120268959, 28.614702424473869 ], [ -17.813589997385911, 28.613925100039136 ], [ -17.816241509710359, 28.610539149851 ], [ -17.818551455857495, 28.60919254137924 ], [ -17.82355438286573, 28.608147737147345 ], [ -17.825714649613751, 28.606421909680293 ], [ -17.82829875627035, 28.601542923840078 ], [ -17.830309108808695, 28.601346699830398 ], [ -17.831158867670201, 28.599722396496635 ], [ -17.835489219950297, 28.597771834935418 ], [ -17.840576773597334, 28.596556621393113 ] ] ] ] } },
{ "type": "Feature", "properties": { "geocode": "38010", "geopadre": "ES709A22", "etiqueta": "Buenavista del Norte", "notas": "Ilustre Ayuntamiento de La M.H. Villa de Buenavista del Norte", "granularidad": "MUNICIPIOS", "gcd_provincia": "ES702", "gcd_isla": "ES709", "gcd_grancomarca": "ES709A2", "gcd_comarca": "ES709A22", "ign_sup": 6636.41, "ign_perim": 56299.0, "utm_x": 317063.19, "utm_y": 3135510.47, "longitud": -16.866166, "latitud": 28.333044, "utm_x_capi": 318616.42, "utm_y_capi": 3139781.39, "long_capi": -16.850996, "lati_capi": 28.371792 }, "geometry": { "type": "MultiPolygon", "coordinates": [ [ [ [ -16.852785969184108, 28.273144114245508 ], [ -16.854975275284186, 28.272952178696464 ], [ -16.859341884142953, 28.274864289080689 ], [ -16.859171979886078, 28.275778236493629 ], [ -16.860978810817237, 28.278420991774269 ], [ -16.861309001743347, 28.280450087635323 ], [ -16.86309250345499, 28.282684787358999 ], [ -16.861375563233938, 28.285276954497544 ], [ -16.861867933514649, 28.288132877240287 ], [ -16.863281850447688, 28.28944810698388 ], [ -16.865255617344822, 28.289895137494671 ], [ -16.864984971615893, 28.291455962174901 ], [ -16.868059208513493, 28.294324686311292 ], [ -16.86957020447247, 28.295092838003118 ], [ -16.870776878842445, 28.297474579832464 ], [ -16.870836875114101, 28.299503488811474 ], [ -16.875840540958574, 28.299970486439577 ], [ -16.880074162223217, 28.302962863536287 ], [ -16.881396632357962, 28.305812801797437 ], [ -16.881771345954686, 28.308885698294635 ], [ -16.880325509993845, 28.310882972862775 ], [ -16.88034940047784, 28.312225218088866 ], [ -16.882075911318708, 28.314282258674254 ], [ -16.885159010522663, 28.315795286418545 ], [ -16.886420139958243, 28.317095024779714 ], [ -16.888250558560362, 28.316954070148007 ], [ -16.889472771129004, 28.318093930506439 ], [ -16.890595429992334, 28.320430777643839 ], [ -16.89194129280374, 28.320367397265038 ], [ -16.894867193489894, 28.323898293658065 ], [ -16.894976864631339, 28.32684147201179 ], [ -16.897667724116889, 28.328745082446972 ], [ -16.895923752162883, 28.330838809221948 ], [ -16.896664002445803, 28.332099655955229 ], [ -16.900083281287603, 28.332608411710634 ], [ -16.904384169129806, 28.337303171625532 ], [ -16.904596615645065, 28.338265485037372 ], [ -16.908100232488739, 28.339689158379873 ], [ -16.911009701658802, 28.338728495404602 ], [ -16.911308840541775, 28.340027117504253 ], [ -16.91528497133692, 28.341276815411696 ], [ -16.917770743285409, 28.342731497734391 ], [ -16.920700324798432, 28.342880834824566 ], [ -16.924009493454029, 28.350323529859079 ], [ -16.92368145133246, 28.35317610373404 ], [ -16.922801387792866, 28.355773269232497 ], [ -16.920189180403529, 28.35685460217341 ], [ -16.918216635757219, 28.358605854805724 ], [ -16.916805500697752, 28.360942796834465 ], [ -16.912980034922903, 28.362394579526367 ], [ -16.910977789562242, 28.36185162464146 ], [ -16.908594942817746, 28.363368565696145 ], [ -16.907990981524669, 28.362794500985821 ], [ -16.904007141976518, 28.364938478022641 ], [ -16.902405592552412, 28.364177020587277 ], [ -16.900699622352544, 28.364847919860093 ], [ -16.897947795378574, 28.36381575020858 ], [ -16.897334720124533, 28.362536648410295 ], [ -16.893617743191786, 28.363410379453036 ], [ -16.89089175334405, 28.36347531505924 ], [ -16.888704840735212, 28.365551077070609 ], [ -16.886329761349824, 28.365299168575707 ], [ -16.885200892233136, 28.36640262678274 ], [ -16.884624478699578, 28.368722170928123 ], [ -16.882204431029429, 28.367321159385085 ], [ -16.875720796060065, 28.370725132036963 ], [ -16.873234784723344, 28.370398631816858 ], [ -16.870936143442865, 28.371427602987573 ], [ -16.869454442967612, 28.375388630950361 ], [ -16.86495173250572, 28.376485213103305 ], [ -16.861869764348128, 28.375253093349883 ], [ -16.860569492585928, 28.37635229264562 ], [ -16.860598527843845, 28.378917982570716 ], [ -16.855782304808844, 28.380631661714428 ], [ -16.854352933198541, 28.382700389190894 ], [ -16.854430438864636, 28.384221686712969 ], [ -16.850091805604766, 28.385846389940962 ], [ -16.848971280821075, 28.387803527839836 ], [ -16.847596281360772, 28.387515198477001 ], [ -16.844968116708792, 28.388061876775918 ], [ -16.843219229400891, 28.386773106832504 ], [ -16.841701153757509, 28.387108321746783 ], [ -16.839867972837922, 28.390022538604626 ], [ -16.838084791608559, 28.390545217985402 ], [ -16.83530228358023, 28.392296725342018 ], [ -16.832927296890212, 28.393004610724596 ], [ -16.83022962987015, 28.392577673035181 ], [ -16.830688688757135, 28.390570900719592 ], [ -16.833392915127998, 28.375524428484198 ], [ -16.834373131178342, 28.365965011208388 ], [ -16.833456641194182, 28.361503564082529 ], [ -16.833041631699135, 28.357538466672828 ], [ -16.834769361910379, 28.355378727911276 ], [ -16.835444662277023, 28.352734550726641 ], [ -16.833956882727566, 28.350638379188208 ], [ -16.833388462434261, 28.34809440831183 ], [ -16.833970971836386, 28.346728420034822 ], [ -16.833487330764143, 28.344219404488339 ], [ -16.834141150561567, 28.342552399159079 ], [ -16.833593344224685, 28.340481923231625 ], [ -16.834089738249659, 28.335960845615755 ], [ -16.831937076770568, 28.333569007577946 ], [ -16.831942713245578, 28.329104155975653 ], [ -16.830586469283904, 28.326866284601028 ], [ -16.830708035113702, 28.325163569523504 ], [ -16.829213946694779, 28.324939954586767 ], [ -16.826013779477893, 28.31885755926222 ], [ -16.824607560269087, 28.316924857398135 ], [ -16.822063481217651, 28.314790752950376 ], [ -16.818565623627613, 28.314485464581953 ], [ -16.822020381876804, 28.311066525304668 ], [ -16.823901364280562, 28.310856399190573 ], [ -16.826327946172508, 28.306602806344671 ], [ -16.823343693959867, 28.303439059500207 ], [ -16.823872179634865, 28.303057487457384 ], [ -16.823500497988526, 28.298938318069009 ], [ -16.821881111821185, 28.297827382272573 ], [ -16.820948094417652, 28.295333310278572 ], [ -16.821320507032787, 28.292654869374868 ], [ -16.82393358384142, 28.293188519665588 ], [ -16.828733701670533, 28.292291808144444 ], [ -16.831013883298322, 28.293143376944375 ], [ -16.832317393328797, 28.291548882587506 ], [ -16.831864811357107, 28.290329899713132 ], [ -16.833917154285292, 28.288188393068801 ], [ -16.838278329776291, 28.286406096274444 ], [ -16.839527766532623, 28.286587804740847 ], [ -16.841717595804035, 28.284266104263551 ], [ -16.842801519858966, 28.284698184839709 ], [ -16.844102576891324, 28.283069777177644 ], [ -16.847012197170169, 28.283073318045808 ], [ -16.846818034042403, 28.281846380118044 ], [ -16.848665921858803, 28.279274261876068 ], [ -16.85122263426446, 28.274867345992895 ], [ -16.852785969184108, 28.273144114245508 ] ] ] ] } },
{ "type": "Feature", "properties": { "geocode": "38011", "geopadre": "ES709A33", "etiqueta": "Candelaria", "notas": "Ilustre Ayuntamiento de La S.A. y P. Villa de Candelaria", "granularidad": "MUNICIPIOS", "gcd_provincia": "ES702", "gcd_isla": "ES709", "gcd_grancomarca": "ES709A3", "gcd_comarca": "ES709A33", "ign_sup": 4948.05, "ign_perim": 36506.0, "utm_x": 362984.76, "utm_y": 3139743.0, "longitud": -16.398347, "latitud": 28.376842, "utm_x_capi": 365730.56, "utm_y_capi": 3137318.72, "long_capi": -16.37005, "lati_capi": 28.355249 }, "geometry": { "type": "MultiPolygon", "coordinates": [ [ [ [ -16.337391695586092, 28.396688529255655 ], [ -16.338732256929653, 28.396046178264637 ], [ -16.344112318103999, 28.391659704044166 ], [ -16.346146977204921, 28.38776710079572 ], [ -16.347062672301224, 28.386771519107683 ], [ -16.350787169295259, 28.385715957279377 ], [ -16.355181157473179, 28.383467376166838 ], [ -16.357100021481106, 28.380003041271099 ], [ -16.359102372435249, 28.380345310760113 ], [ -16.36046542717807, 28.379289312824831 ], [ -16.361459511039584, 28.375317111220173 ], [ -16.361568957311054, 28.370415786324617 ], [ -16.361145928170274, 28.368677359591384 ], [ -16.362838124301348, 28.367735329320908 ], [ -16.364277524734185, 28.364398093743528 ], [ -16.364149104139916, 28.362004776582026 ], [ -16.365763815890269, 28.361160555859783 ], [ -16.367362430193854, 28.358407334520869 ], [ -16.36896153360706, 28.357559957753253 ], [ -16.369708560055447, 28.354545642327896 ], [ -16.368919248662596, 28.3497691729095 ], [ -16.368066669104067, 28.349393742741967 ], [ -16.36894698105354, 28.346466919882708 ], [ -16.367390211088203, 28.345657623645131 ], [ -16.367659083014459, 28.343547979201819 ], [ -16.366614610736569, 28.342799122092185 ], [ -16.367167298926759, 28.34096559143418 ], [ -16.366026256978515, 28.33945111109832 ], [ -16.367955882782468, 28.33955660732769 ], [ -16.370026517964099, 28.338780195648265 ], [ -16.37222554672854, 28.340246851064396 ], [ -16.375491406412301, 28.339758401224429 ], [ -16.379382057006534, 28.340589128412937 ], [ -16.380720706134738, 28.339878854551245 ], [ -16.384305471617417, 28.33939467022358 ], [ -16.386172518607616, 28.341405039843298 ], [ -16.389250153792311, 28.341758936758552 ], [ -16.390607400350817, 28.342892359494979 ], [ -16.391971243131678, 28.342593726971018 ], [ -16.39372982144992, 28.343893294257732 ], [ -16.392031043636276, 28.34536494863638 ], [ -16.394467525618968, 28.346092725695595 ], [ -16.396784716670226, 28.345321840820183 ], [ -16.397936006853627, 28.345738199203264 ], [ -16.400883378055834, 28.349061827477211 ], [ -16.405450620568903, 28.350564144349203 ], [ -16.406490815834335, 28.352893286603418 ], [ -16.408596202750196, 28.352954949116221 ], [ -16.410437216155493, 28.353953522949119 ], [ -16.412003348611776, 28.357403033835638 ], [ -16.415211134543565, 28.35946815759354 ], [ -16.416035257203184, 28.361287223254536 ], [ -16.417925489951838, 28.363645740740452 ], [ -16.422929057264962, 28.36597176548598 ], [ -16.42373775469677, 28.367529206391239 ], [ -16.424965899981665, 28.367830001012756 ], [ -16.425851650398791, 28.370210177776482 ], [ -16.429718891475513, 28.373154770173592 ], [ -16.431093115223298, 28.373000455912496 ], [ -16.436386604355931, 28.377667224607215 ], [ -16.43721016557954, 28.377798432637015 ], [ -16.440310456874627, 28.380252149481997 ], [ -16.440945303614445, 28.381330720472263 ], [ -16.443121735707379, 28.381488192405278 ], [ -16.44400707521087, 28.382527993994671 ], [ -16.445909085581057, 28.382295732013247 ], [ -16.447496049904416, 28.383921469776165 ], [ -16.447500517932703, 28.385823483168839 ], [ -16.446685590438566, 28.387977879471023 ], [ -16.445321522317105, 28.388940002847157 ], [ -16.445392253261826, 28.390392309428332 ], [ -16.442871435381665, 28.390394211325411 ], [ -16.441308469964319, 28.39120497378282 ], [ -16.437560026218996, 28.392221558827277 ], [ -16.433176811470787, 28.394779009262354 ], [ -16.431067873868919, 28.394631957735577 ], [ -16.426864116002292, 28.395747800859063 ], [ -16.424471613041568, 28.395910475413825 ], [ -16.423092505737046, 28.398061615036603 ], [ -16.424608142953044, 28.399298022944354 ], [ -16.424100518802224, 28.401313701555715 ], [ -16.424640330466126, 28.403659128191382 ], [ -16.422585227773258, 28.404975730025523 ], [ -16.422483429501067, 28.406858553375347 ], [ -16.420431782628196, 28.40913401885371 ], [ -16.418729645919985, 28.409014127762767 ], [ -16.417364874434522, 28.409028339230289 ], [ -16.415569547650023, 28.41027218937106 ], [ -16.408723268856598, 28.413974160822107 ], [ -16.406741259737945, 28.414346735841356 ], [ -16.405006742840254, 28.413781847710936 ], [ -16.402518064725559, 28.414741618577693 ], [ -16.400956816444687, 28.413261753482249 ], [ -16.397421445937244, 28.411402773834805 ], [ -16.394922701458608, 28.41242343035395 ], [ -16.391800375667408, 28.412331281949918 ], [ -16.38772687766205, 28.414252373601631 ], [ -16.384398402130387, 28.413692841819969 ], [ -16.382758042465721, 28.414476660115177 ], [ -16.377446830470429, 28.413316587686218 ], [ -16.375210889127743, 28.411191161418699 ], [ -16.374232109796893, 28.411530466796126 ], [ -16.371916933478321, 28.41015488536063 ], [ -16.367409771438787, 28.4090585124681 ], [ -16.366998181573397, 28.406318940331172 ], [ -16.363183653466038, 28.404567898621412 ], [ -16.360262084476673, 28.402543839433335 ], [ -16.359114344125452, 28.402663601594082 ], [ -16.35696297392132, 28.400620498771413 ], [ -16.353510541592108, 28.400176504522619 ], [ -16.351834319428701, 28.400876823592533 ], [ -16.347068955705232, 28.399822937671061 ], [ -16.343926519446633, 28.399623831128938 ], [ -16.341836909613818, 28.398581690668596 ], [ -16.338722845990834, 28.397743635364023 ], [ -16.337391695586092, 28.396688529255655 ] ] ] ] } },
{ "type": "Feature", "properties": { "geocode": "38012", "geopadre": "ES709A31", "etiqueta": "Fasnia", "notas": "Ilustre Ayuntamiento de Fasnia", "granularidad": "MUNICIPIOS", "gcd_provincia": "ES702", "gcd_isla": "ES709", "gcd_grancomarca": "ES709A3", "gcd_comarca": "ES709A31", "ign_sup": 4524.91, "ign_perim": 41950.0, "utm_x": 356568.92, "utm_y": 3125592.11, "longitud": -16.462061, "latitud": 28.248458, "utm_x_capi": 358626.99, "utm_y_capi": 3124263.94, "long_capi": -16.440926, "lati_capi": 28.236695 }, "geometry": { "type": "MultiPolygon", "coordinates": [ [ [ [ -16.423065639586877, 28.193536503047589 ], [ -16.424679066060211, 28.194886449151511 ], [ -16.427724224821517, 28.199638215472504 ], [ -16.429816853536636, 28.199113195138086 ], [ -16.432317874331293, 28.200255836108273 ], [ -16.433146106810018, 28.201842413778341 ], [ -16.435412727022303, 28.202281208509095 ], [ -16.436647551434515, 28.204055287436496 ], [ -16.438931893661362, 28.204814239189204 ], [ -16.440795076916377, 28.206310904405996 ], [ -16.441723826988159, 28.20911028610734 ], [ -16.444173332874616, 28.211769513078895 ], [ -16.443718804114297, 28.213674162064262 ], [ -16.444318948850551, 28.214829849190423 ], [ -16.446246371216102, 28.215332957862085 ], [ -16.45011095932712, 28.215359732578083 ], [ -16.451449360124037, 28.21583967764251 ], [ -16.453305594892601, 28.218159801358546 ], [ -16.45732569066416, 28.218094463031161 ], [ -16.460136423428118, 28.22041559657206 ], [ -16.461023571081785, 28.222357859157299 ], [ -16.463758443465348, 28.224659415130159 ], [ -16.465071368320071, 28.227061895257453 ], [ -16.468486507547809, 28.229701278736009 ], [ -16.470019708239708, 28.232293127681082 ], [ -16.471496991627756, 28.232730760031139 ], [ -16.474328527629204, 28.237440809193341 ], [ -16.477200820227932, 28.238756832138421 ], [ -16.482513633031694, 28.243015671032683 ], [ -16.482645604772181, 28.244889244845442 ], [ -16.49077104778852, 28.250728215536849 ], [ -16.49250987524475, 28.25096194512523 ], [ -16.493382364666598, 28.252224976166495 ], [ -16.499649514750324, 28.256892346264252 ], [ -16.503529044953797, 28.2592414020334 ], [ -16.505808048773435, 28.262269087748358 ], [ -16.508630008981129, 28.26437016481394 ], [ -16.511039483117059, 28.266692347568597 ], [ -16.514181191452533, 28.268636337306564 ], [ -16.53609875153651, 28.286029014113812 ], [ -16.53774939979175, 28.287109244343768 ], [ -16.533198922336144, 28.287954622930176 ], [ -16.532934289060055, 28.290277050911811 ], [ -16.531156580968261, 28.294990061553797 ], [ -16.525526577125859, 28.297250704804071 ], [ -16.523831897029513, 28.298808416320668 ], [ -16.523233797009141, 28.302075420363128 ], [ -16.521972250861552, 28.302928828991938 ], [ -16.516785072723714, 28.304010918969226 ], [ -16.514349619666511, 28.302512709155927 ], [ -16.511329937568501, 28.301339059844 ], [ -16.502056315476437, 28.284483080498557 ], [ -16.499311895923732, 28.283944650479764 ], [ -16.48717703158491, 28.280097206041667 ], [ -16.48077187653104, 28.277700649050018 ], [ -16.46491240196373, 28.269886532760186 ], [ -16.462227728095023, 28.269134605415058 ], [ -16.459145075034797, 28.266690115403922 ], [ -16.459482439405019, 28.265404916369025 ], [ -16.456085881230031, 28.262047633000229 ], [ -16.45572347546565, 28.258820424368821 ], [ -16.451799408359562, 28.258257473733085 ], [ -16.450641485555558, 28.256748999426936 ], [ -16.451094821225023, 28.255742372306759 ], [ -16.44482840680887, 28.250831278224666 ], [ -16.442222532123946, 28.250161590968659 ], [ -16.440855117566418, 28.250846147989879 ], [ -16.439146635213614, 28.250184988671084 ], [ -16.438111424943624, 28.248496855908733 ], [ -16.434486922613416, 28.248650017867554 ], [ -16.434249991117273, 28.247558174771854 ], [ -16.431755959375501, 28.246523837501226 ], [ -16.428559527943722, 28.245932272188799 ], [ -16.426980497654871, 28.244385112246295 ], [ -16.424886123581981, 28.244054968512629 ], [ -16.424062062084371, 28.242224625263503 ], [ -16.42124637733593, 28.240766988083191 ], [ -16.420143354401844, 28.239124539448841 ], [ -16.416117835883956, 28.236600813021894 ], [ -16.414228054020036, 28.236701603350053 ], [ -16.411198371414059, 28.234812741861013 ], [ -16.407314342292853, 28.233626102468719 ], [ -16.408845416256835, 28.230686878805265 ], [ -16.408894589628009, 28.226801734427191 ], [ -16.40988924550502, 28.225889910008398 ], [ -16.40929959329911, 28.224318721949135 ], [ -16.410386203727828, 28.222908101120549 ], [ -16.412835026460872, 28.22195454574295 ], [ -16.413508209013536, 28.220203407342037 ], [ -16.415080047844292, 28.218293346834262 ], [ -16.415700692899595, 28.216081449617565 ], [ -16.417478242099655, 28.215474263549364 ], [ -16.417986123252085, 28.213191420708654 ], [ -16.419138147844638, 28.212261691407988 ], [ -16.42002522403142, 28.210011911565573 ], [ -16.422477800189618, 28.206017704926904 ], [ -16.424639858320038, 28.204580634544904 ], [ -16.42504831050298, 28.202015260929894 ], [ -16.423361259090363, 28.19983054974595 ], [ -16.4212206312211, 28.19813420284764 ], [ -16.423065639586877, 28.193536503047589 ] ] ] ] } },
{ "type": "Feature", "properties": { "geocode": "38013", "geopadre": "ES703A00", "etiqueta": "Frontera", "notas": "Ayuntamiento De La Frontera", "granularidad": "MUNICIPIOS", "gcd_provincia": "ES702", "gcd_isla": "ES703", "gcd_grancomarca": "ES703A0", "gcd_comarca": "ES703A00", "ign_sup": 8150.9, "ign_perim": 65698.0, "utm_x": 203645.83, "utm_y": 3075003.92, "longitud": -18.006868, "latitud": 27.766881, "utm_x_capi": 203205.6, "utm_y_capi": 3073537.53, "long_capi": -18.010965, "lati_capi": 27.753564 }, "geometry": { "type": "MultiPolygon", "coordinates": [ [ [ [ -18.024226211392364, 27.727845620455941 ], [ -18.038572067623875, 27.728777349069102 ], [ -18.040472127112604, 27.729297384855361 ], [ -18.053341368378241, 27.724816880261532 ], [ -18.065289896023309, 27.726168966428592 ], [ -18.094096697751681, 27.720255809998353 ], [ -18.115329100337075, 27.716498422573707 ], [ -18.131614911510326, 27.714472079575952 ], [ -18.157048187084154, 27.71177087713399 ], [ -18.160769190958753, 27.716362276357568 ], [ -18.159512519030471, 27.722710159558776 ], [ -18.159757644788808, 27.72441173084129 ], [ -18.158218695088685, 27.726188829865841 ], [ -18.158325385887139, 27.727841386583655 ], [ -18.157002217845047, 27.729386516525764 ], [ -18.152768258022736, 27.730269041099753 ], [ -18.151738793667612, 27.732401538449366 ], [ -18.152364687671472, 27.73557310474057 ], [ -18.152051653310249, 27.739887275387613 ], [ -18.151331456193255, 27.743712149308475 ], [ -18.151609356290702, 27.747640015134213 ], [ -18.154743860368669, 27.750027726429401 ], [ -18.155273434266327, 27.751641998263107 ], [ -18.154298305456106, 27.7538953165888 ], [ -18.154358885807966, 27.755302919860465 ], [ -18.152243767577126, 27.758094576783996 ], [ -18.151365866883904, 27.760091031513664 ], [ -18.14685752320629, 27.759614730305501 ], [ -18.143699299521806, 27.762936586091726 ], [ -18.141692502638072, 27.762279324243764 ], [ -18.139829011855863, 27.76349328715369 ], [ -18.139594078391116, 27.765272658274672 ], [ -18.137741757578627, 27.766818184928727 ], [ -18.136226015754829, 27.767076574458422 ], [ -18.133861162461251, 27.770253576068587 ], [ -18.131928649514347, 27.771055537498317 ], [ -18.127359442777902, 27.770614546479891 ], [ -18.125128031108876, 27.76931382303794 ], [ -18.121208663253423, 27.768404328949604 ], [ -18.121282662529794, 27.765124879598705 ], [ -18.118697790149774, 27.761959323609084 ], [ -18.113811344423731, 27.75934166957078 ], [ -18.111661386816593, 27.759188370500983 ], [ -18.110227593976504, 27.758203937720722 ], [ -18.107875370892735, 27.757784710360291 ], [ -18.105611849182662, 27.756560743777868 ], [ -18.102611330949056, 27.756134689114528 ], [ -18.101363777280817, 27.756585299342177 ], [ -18.096803904201401, 27.755464575637305 ], [ -18.091483258500585, 27.75463199115929 ], [ -18.090462643786079, 27.755530904469708 ], [ -18.086553802850254, 27.754565667959817 ], [ -18.082262247594684, 27.753139651969452 ], [ -18.079144582606592, 27.753448334941108 ], [ -18.077047388106958, 27.75289089145889 ], [ -18.076100464611162, 27.753537112205933 ], [ -18.074252380275471, 27.75285195452377 ], [ -18.070176629963207, 27.753222845168477 ], [ -18.068268554357303, 27.753967491492201 ], [ -18.06438403261421, 27.754634450400026 ], [ -18.058496889253945, 27.756882668738204 ], [ -18.057550103280395, 27.757925749933349 ], [ -18.052586699306065, 27.758792219854818 ], [ -18.049397285178124, 27.760228250918431 ], [ -18.047792811354892, 27.760028803861388 ], [ -18.045124417019512, 27.761323271524294 ], [ -18.04189747065616, 27.761255252329086 ], [ -18.03959138127362, 27.762223951477047 ], [ -18.036551889240485, 27.762023531007728 ], [ -18.033298632282534, 27.766088170559907 ], [ -18.029435884600911, 27.768075571180891 ], [ -18.028600192926078, 27.770257173790771 ], [ -18.02620113289526, 27.770265197439208 ], [ -18.021873559173628, 27.772610187840002 ], [ -18.018690071650887, 27.774973618290527 ], [ -18.016694109585099, 27.779002834404128 ], [ -18.015218392628192, 27.780562230190114 ], [ -18.014653826936158, 27.783055366707945 ], [ -18.012510969599656, 27.783493714110598 ], [ -18.006165211567485, 27.788801490012098 ], [ -18.004242197027793, 27.788922639402863 ], [ -17.997874627424853, 27.790784157993372 ], [ -17.992981128671005, 27.794757179283529 ], [ -17.992551735557164, 27.796151595901911 ], [ -17.989802542566878, 27.798642303957077 ], [ -17.987770696671188, 27.802677184929479 ], [ -17.986395914282078, 27.807383930549953 ], [ -17.986536145928632, 27.809590215652563 ], [ -17.987447308202093, 27.812659226319802 ], [ -17.989174296561881, 27.815512192550031 ], [ -17.989482181972409, 27.817880002870425 ], [ -17.991946477795857, 27.821958262239647 ], [ -17.987783653167092, 27.819219546837836 ], [ -17.986570281515338, 27.815902615903632 ], [ -17.983907099407585, 27.814390656334048 ], [ -17.983022923427217, 27.810443150602492 ], [ -17.980493165839093, 27.8089696322604 ], [ -17.980972258544643, 27.807233644042832 ], [ -17.97942590251435, 27.803853185323824 ], [ -17.980042510619704, 27.799793585855479 ], [ -17.978781664924732, 27.797272433020566 ], [ -17.978818471034607, 27.793475335340691 ], [ -17.979793387548327, 27.791748007669582 ], [ -17.980250183798738, 27.78926032609564 ], [ -17.981676908225552, 27.78754771635403 ], [ -17.982840199622508, 27.783573994436868 ], [ -17.98541778051597, 27.780833575029884 ], [ -17.987772146094059, 27.772750259188879 ], [ -17.983951122201425, 27.770707966845283 ], [ -17.98091765798344, 27.764242881761675 ], [ -17.981032199670533, 27.76234824111928 ], [ -17.979112573285356, 27.759724497031399 ], [ -17.98084491315478, 27.755261788744779 ], [ -17.983939149535423, 27.751020599446754 ], [ -17.986414118673665, 27.749158613910101 ], [ -17.988162955460528, 27.745830102363101 ], [ -17.990877615649005, 27.742817831592642 ], [ -17.992437113179694, 27.742039748899952 ], [ -17.992756033900339, 27.73983421190405 ], [ -17.996885686155242, 27.73808916985676 ], [ -17.999148597214699, 27.736207449279014 ], [ -18.005634779489082, 27.731982080521096 ], [ -18.010239639352093, 27.730427154197212 ], [ -18.013603256956458, 27.728180633986575 ], [ -18.015104997392683, 27.727608853502403 ], [ -18.017946647500441, 27.728420265861381 ], [ -18.021824106876238, 27.728723002690607 ], [ -18.024226211392364, 27.727845620455941 ] ] ] ] } },
{ "type": "Feature", "properties": { "geocode": "38014", "geopadre": "ES707A04", "etiqueta": "Fuencaliente de La Palma", "notas": "Ayuntamiento de Fuencaliente", "granularidad": "MUNICIPIOS", "gcd_provincia": "ES702", "gcd_isla": "ES707", "gcd_grancomarca": "ES707A0", "gcd_comarca": "ES707A05", "ign_sup": 5590.02, "ign_perim": 52990.0, "utm_x": 221893.28, "utm_y": 3156666.1, "longitud": -17.84129, "latitud": 28.507053, "utm_x_capi": 221473.36, "utm_y_capi": 3155306.59, "long_capi": -17.845247, "lati_capi": 28.494707 }, "geometry": { "type": "MultiPolygon", "coordinates": [ [ [ [ -17.887645412989116, 28.551600392967945 ], [ -17.885345211793119, 28.551416180929852 ], [ -17.880331998485072, 28.553529643475656 ], [ -17.878649569288214, 28.553305445584677 ], [ -17.874541227674129, 28.554524794000692 ], [ -17.861620173466942, 28.554570897821066 ], [ -17.857065101550834, 28.554178072017326 ], [ -17.853855120020199, 28.553479428499209 ], [ -17.838564650611676, 28.555670404787474 ], [ -17.836586316045604, 28.560476108703142 ], [ -17.834193660270863, 28.561148274195219 ], [ -17.835075719485271, 28.557939326749903 ], [ -17.834064622253937, 28.554574555279302 ], [ -17.83846104350522, 28.552388683344816 ], [ -17.839504019562121, 28.550263832689431 ], [ -17.838403203886298, 28.545167789370225 ], [ -17.840267621753316, 28.536536801749065 ], [ -17.838185232593904, 28.535579407308177 ], [ -17.832292800237653, 28.533874943367184 ], [ -17.824594769190739, 28.531957994756855 ], [ -17.818894401000183, 28.530094861674314 ], [ -17.813806818916976, 28.529231400462237 ], [ -17.805364140267731, 28.526196058889273 ], [ -17.801628785749607, 28.524325252479759 ], [ -17.796462486471562, 28.518511013460309 ], [ -17.79883236156893, 28.518714622268782 ], [ -17.800524902113967, 28.517953551494898 ], [ -17.801511873601008, 28.514496480547834 ], [ -17.803455499400183, 28.512972818181495 ], [ -17.804006126583165, 28.510791248424027 ], [ -17.806382081120439, 28.508081600565443 ], [ -17.806493507266115, 28.505922901086404 ], [ -17.808988459073579, 28.501714223483653 ], [ -17.810467576238956, 28.500511565705434 ], [ -17.814233488129045, 28.49867040464644 ], [ -17.814999438226891, 28.496467290869269 ], [ -17.817181046489186, 28.494585183058348 ], [ -17.818882876273129, 28.48995313090364 ], [ -17.820579127883079, 28.488367723489599 ], [ -17.821395170385891, 28.486730579403801 ], [ -17.82087017350705, 28.485091784179858 ], [ -17.822764220448658, 28.482326044836014 ], [ -17.822819671222241, 28.479637190203807 ], [ -17.824455528364723, 28.477896580236202 ], [ -17.826284412223771, 28.47160769964178 ], [ -17.828160588879555, 28.47057883453903 ], [ -17.830993895919583, 28.466818681326018 ], [ -17.830756102099254, 28.465599805104759 ], [ -17.83231314073193, 28.462677520718767 ], [ -17.831952421125539, 28.46087991811536 ], [ -17.833880149078624, 28.456441377382269 ], [ -17.842076389644191, 28.452873843998333 ], [ -17.844299934366781, 28.455842746110012 ], [ -17.848707096504526, 28.456892382581245 ], [ -17.85166706781051, 28.458934007518369 ], [ -17.854620999186888, 28.459034739993481 ], [ -17.857367075441335, 28.46082553226908 ], [ -17.858113344112937, 28.463930671730527 ], [ -17.861093562958498, 28.464956116262872 ], [ -17.862991083486992, 28.466889664035239 ], [ -17.866244130277462, 28.47159040642671 ], [ -17.867934971953627, 28.473170029193685 ], [ -17.867880753669127, 28.478105636608738 ], [ -17.869129339244886, 28.479321845600662 ], [ -17.869845126319966, 28.481711310205856 ], [ -17.868449787651457, 28.482405041891123 ], [ -17.871572177148757, 28.487357244280165 ], [ -17.872432286810266, 28.489649824198843 ], [ -17.873932437449433, 28.491671774213497 ], [ -17.874602909688843, 28.493722631045909 ], [ -17.875083134882448, 28.498542265399941 ], [ -17.876402658559766, 28.502467579614894 ], [ -17.875817411301078, 28.503838951590481 ], [ -17.876726100445715, 28.507130884462878 ], [ -17.87475703199069, 28.50907931726978 ], [ -17.876221038235656, 28.514296737728873 ], [ -17.875043365138513, 28.514625217632481 ], [ -17.87635110388123, 28.516717038194987 ], [ -17.875197874606208, 28.521170566956339 ], [ -17.876779237316772, 28.522954669566779 ], [ -17.878408114223404, 28.523204731493632 ], [ -17.879742339667331, 28.525647650732378 ], [ -17.877602527523994, 28.526017134529368 ], [ -17.87831014913246, 28.527607034138338 ], [ -17.878351157208861, 28.531226216571621 ], [ -17.879452527163128, 28.533421951160015 ], [ -17.879587443297225, 28.537828506885113 ], [ -17.88009319574471, 28.540156027488418 ], [ -17.881443426165276, 28.541713226748133 ], [ -17.882692325238498, 28.54174695459584 ], [ -17.88290809316462, 28.544326965363542 ], [ -17.884223632007448, 28.548579508671899 ], [ -17.887645412989116, 28.551600392967945 ] ] ] ] } },
{ "type": "Feature", "properties": { "geocode": "38015", "geopadre": "ES709A22", "etiqueta": "Garachico", "notas": "Excelentísimo Ayuntamiento de La Villa y Puerto de Garachico", "granularidad": "MUNICIPIOS", "gcd_provincia": "ES702", "gcd_isla": "ES709", "gcd_grancomarca": "ES709A2", "gcd_comarca": "ES709A22", "ign_sup": 2743.2, "ign_perim": 46625.0, "utm_x": 328263.15, "utm_y": 3134614.65, "longitud": -16.751826, "latitud": 28.326476, "utm_x_capi": 327136.91, "utm_y_capi": 3139788.25, "long_capi": -16.764081, "lati_capi": 28.373007 }, "geometry": { "type": "MultiPolygon", "coordinates": [ [ [ [ -16.743105278185219, 28.287512108915472 ], [ -16.749429078034691, 28.293741671264502 ], [ -16.757457173172938, 28.302654087905214 ], [ -16.762535644458776, 28.316371307861523 ], [ -16.765154106869009, 28.325003238966964 ], [ -16.76731518717504, 28.331411976308125 ], [ -16.763839103544882, 28.350354234441632 ], [ -16.765543663024111, 28.365321795857124 ], [ -16.771327258857362, 28.368010487821092 ], [ -16.780295826136335, 28.366864848963509 ], [ -16.781928201659792, 28.361309300228058 ], [ -16.786968014912173, 28.360413079695 ], [ -16.788417297057912, 28.360619682818747 ], [ -16.79028131854054, 28.359722104761385 ], [ -16.793395628875782, 28.364775428369175 ], [ -16.795750522559619, 28.365743871566266 ], [ -16.796759839673172, 28.368406292950567 ], [ -16.797111155589075, 28.371506039755207 ], [ -16.796059145452176, 28.373484962293336 ], [ -16.793589289109729, 28.37486606061973 ], [ -16.792550552428491, 28.373525555873073 ], [ -16.79081656988005, 28.373607598881126 ], [ -16.789694543849972, 28.374756684830576 ], [ -16.787521425612987, 28.375500823278546 ], [ -16.784915638849096, 28.375317149985655 ], [ -16.783235647385954, 28.37449788263379 ], [ -16.781067937777813, 28.374983958442986 ], [ -16.780104613906872, 28.373468823617667 ], [ -16.778597572733936, 28.374025074302775 ], [ -16.774433883372282, 28.374346567349843 ], [ -16.772012387313154, 28.374046104679078 ], [ -16.769418394337919, 28.372198307891342 ], [ -16.766432763255139, 28.372530289374502 ], [ -16.765167003627489, 28.375525865090264 ], [ -16.763310909432047, 28.375778195977293 ], [ -16.760463207171711, 28.37417134757008 ], [ -16.75500067097251, 28.374979006555524 ], [ -16.755822231475836, 28.373943016009559 ], [ -16.753525754168365, 28.371367044037985 ], [ -16.751563681079599, 28.370707280898653 ], [ -16.749667320626848, 28.371039420415283 ], [ -16.746990770245215, 28.372934958777048 ], [ -16.746250870313602, 28.37462830327004 ], [ -16.743524749147621, 28.376958373333441 ], [ -16.741360132107364, 28.379767222141293 ], [ -16.738858577274335, 28.380197108281433 ], [ -16.738435134328626, 28.378135355101694 ], [ -16.737300893718697, 28.368410114897905 ], [ -16.739269099909954, 28.368585807467596 ], [ -16.739902918353291, 28.365671824002124 ], [ -16.739250013039769, 28.362762981085137 ], [ -16.740154653627378, 28.358022585920111 ], [ -16.739884800147646, 28.355492394459681 ], [ -16.738820117741639, 28.354032723147146 ], [ -16.739288497310955, 28.353000208135288 ], [ -16.741881947216147, 28.351304329560008 ], [ -16.742819888990645, 28.34918060431125 ], [ -16.744517335949766, 28.347128379132705 ], [ -16.743720503292188, 28.345223114954162 ], [ -16.743579601419579, 28.343056772830675 ], [ -16.730311329139113, 28.304099653819936 ], [ -16.729976226734347, 28.30209818031717 ], [ -16.727958244194024, 28.300618885078038 ], [ -16.728211272002401, 28.298294096716095 ], [ -16.72746030488851, 28.297468823546954 ], [ -16.727464145377443, 28.295122370613935 ], [ -16.718261684243682, 28.285365522211883 ], [ -16.700440138923561, 28.271595777735314 ], [ -16.714372743776284, 28.277082362410795 ], [ -16.734572405511411, 28.286305433382594 ], [ -16.743105278185219, 28.287512108915472 ] ] ] ] } },
{ "type": "Feature", "properties": { "geocode": "38016", "geopadre": "ES707A03", "etiqueta": "Garafía", "notas": "Ayuntamiento de La Villa de Garafía", "granularidad": "MUNICIPIOS", "gcd_provincia": "ES702", "gcd_isla": "ES707", "gcd_grancomarca": "ES707A0", "gcd_comarca": "ES707A04", "ign_sup": 10258.4, "ign_perim": 60690.0, "utm_x": 215296.03, "utm_y": 3189752.24, "longitud": -17.916871, "latitud": 28.80389, "utm_x_capi": 212597.82, "utm_y_capi": 3192713.27, "long_capi": -17.945236, "lati_capi": 28.829981 }, "geometry": { "type": "MultiPolygon", "coordinates": [ [ [ [ -17.9880237423646, 28.795645946353964 ], [ -17.987814034452608, 28.797939953497426 ], [ -17.986934069556028, 28.798815961464999 ], [ -17.984621457918145, 28.798440554465913 ], [ -17.981946838524117, 28.800537203942632 ], [ -17.978479694307644, 28.804414090643416 ], [ -17.977167318708574, 28.808184391114764 ], [ -17.977659267948404, 28.810671109106469 ], [ -17.975822462387725, 28.810910435155971 ], [ -17.972266026191448, 28.8139070148349 ], [ -17.972532489979802, 28.81561226339084 ], [ -17.970357808632105, 28.8158627192783 ], [ -17.971087067665895, 28.817274901482403 ], [ -17.970636457258099, 28.820042531639029 ], [ -17.96863113659283, 28.819658955673813 ], [ -17.966900487151666, 28.821787765489127 ], [ -17.967421235330214, 28.824888430847146 ], [ -17.96572843802323, 28.826661075246818 ], [ -17.96294167504713, 28.826662431259962 ], [ -17.959217287828686, 28.828372181683513 ], [ -17.957258660677233, 28.830221449655749 ], [ -17.95508969317941, 28.830834395817412 ], [ -17.949825270709397, 28.83540527040228 ], [ -17.948982856277453, 28.837664182520157 ], [ -17.948816955058806, 28.840414163888649 ], [ -17.946331386542713, 28.840769863310285 ], [ -17.945421684393871, 28.841727233905438 ], [ -17.942024115715466, 28.842245900647349 ], [ -17.939091528889602, 28.840951495153011 ], [ -17.934719934569973, 28.842252531622762 ], [ -17.933073215041659, 28.843451772509891 ], [ -17.929175840457933, 28.844848136199865 ], [ -17.925136517675803, 28.847521327770401 ], [ -17.923420480955755, 28.849512003696617 ], [ -17.924492136273923, 28.851654099673233 ], [ -17.921972824413942, 28.855988069346601 ], [ -17.920235353561516, 28.857261169923852 ], [ -17.919091786415297, 28.857103587584742 ], [ -17.916527196114231, 28.853891740612607 ], [ -17.915928126122939, 28.855417466070168 ], [ -17.914186367513906, 28.856933733471656 ], [ -17.910681114201044, 28.857579128366851 ], [ -17.909739573499241, 28.854728655968295 ], [ -17.907377985328257, 28.855313017655721 ], [ -17.904988061527281, 28.85456378594699 ], [ -17.905071253435818, 28.852945314994752 ], [ -17.903731023815229, 28.85126195825325 ], [ -17.9050432199151, 28.849062019399106 ], [ -17.904881503567175, 28.847858837094972 ], [ -17.902888773149812, 28.846205784598819 ], [ -17.900301300656647, 28.846131597952237 ], [ -17.89588797772625, 28.842097755295153 ], [ -17.88840863507097, 28.839881405496321 ], [ -17.886050084622511, 28.840507098132466 ], [ -17.883919899097489, 28.841811240026047 ], [ -17.883634288979774, 28.839392478151971 ], [ -17.880434198668848, 28.837796243838472 ], [ -17.877438089995945, 28.837998666119365 ], [ -17.875284705440645, 28.836868129882326 ], [ -17.868416991248104, 28.835330033917021 ], [ -17.863496308532056, 28.83621157153042 ], [ -17.861526003218522, 28.83426121685719 ], [ -17.858113860994361, 28.832766218033203 ], [ -17.852117201888404, 28.833310899327419 ], [ -17.848397813842407, 28.834938886063306 ], [ -17.847379292435129, 28.833283663359339 ], [ -17.849019813041821, 28.831234793795218 ], [ -17.847999800855309, 28.828611627132272 ], [ -17.846638940444539, 28.827387461334272 ], [ -17.847005831450609, 28.825889577572514 ], [ -17.850632415795523, 28.823731093203232 ], [ -17.849637692283657, 28.821507895368075 ], [ -17.847594247848303, 28.820226896127455 ], [ -17.848713149995316, 28.818512879899099 ], [ -17.848136426336136, 28.816516260487649 ], [ -17.850702659636564, 28.816124685305311 ], [ -17.850284881472277, 28.814887824760429 ], [ -17.851181418191754, 28.813473451550301 ], [ -17.85091676455831, 28.808572058068897 ], [ -17.853296009078093, 28.807940846403792 ], [ -17.854936847067453, 28.805357923979425 ], [ -17.855414404056294, 28.803497055732688 ], [ -17.8543138593649, 28.802093803407217 ], [ -17.854805072287569, 28.801056460312441 ], [ -17.85819606315485, 28.799453212528107 ], [ -17.856043858441122, 28.797325467737458 ], [ -17.857735482505444, 28.796573442426023 ], [ -17.858785524470399, 28.794339450379415 ], [ -17.85771256679709, 28.792882869317843 ], [ -17.858772292676768, 28.790216965243779 ], [ -17.860497271869626, 28.7881793718457 ], [ -17.861716685203206, 28.78575956221545 ], [ -17.859605067404399, 28.783328282613226 ], [ -17.860830662301783, 28.780629626714514 ], [ -17.859494986263112, 28.778020427465137 ], [ -17.860929112295128, 28.776324007614377 ], [ -17.86115588368807, 28.773511124978175 ], [ -17.862305030241146, 28.772086015849716 ], [ -17.861210197615332, 28.770739148642352 ], [ -17.858582609672354, 28.770471803195758 ], [ -17.858298442213119, 28.766884168564882 ], [ -17.86171288730505, 28.763944946038112 ], [ -17.864563686464987, 28.760843414733351 ], [ -17.866008639303988, 28.761375729563493 ], [ -17.868670056923587, 28.760897238555433 ], [ -17.87038591109253, 28.759852523919246 ], [ -17.874253349694751, 28.761780340645405 ], [ -17.876341765519097, 28.762280685284939 ], [ -17.878840027110975, 28.759879094942455 ], [ -17.882243784504936, 28.758744569894283 ], [ -17.88485332815269, 28.754305457529664 ], [ -17.888094095238067, 28.753210167009509 ], [ -17.890224022891424, 28.750052985134939 ], [ -17.896533770957006, 28.75443833636335 ], [ -17.899340759337647, 28.754480476338728 ], [ -17.90129599218432, 28.755079807583716 ], [ -17.903494949114439, 28.754573423513541 ], [ -17.908292423373815, 28.754204098471018 ], [ -17.909144599036232, 28.754630429158013 ], [ -17.912145748691238, 28.753894652376964 ], [ -17.917482962383048, 28.751332333080807 ], [ -17.919036695962863, 28.753002177013833 ], [ -17.920477833245528, 28.752957309586886 ], [ -17.923144057468459, 28.754120652692649 ], [ -17.926424648606144, 28.75793809069669 ], [ -17.928620964810928, 28.757747145824084 ], [ -17.929692268951307, 28.75922030961441 ], [ -17.933125357169516, 28.761204024166727 ], [ -17.933050549139644, 28.762444984739194 ], [ -17.935601761184053, 28.764137590907939 ], [ -17.936170086771455, 28.766446947003079 ], [ -17.938454032958592, 28.764991056057443 ], [ -17.940443238427608, 28.766896938697748 ], [ -17.942696918215344, 28.767172544768624 ], [ -17.945799443260949, 28.766253409459271 ], [ -17.947769085691501, 28.767039877683583 ], [ -17.949269257173881, 28.766602483037495 ], [ -17.953140294322431, 28.767857301176178 ], [ -17.957676048258943, 28.770100438413063 ], [ -17.958265013693318, 28.77112056573954 ], [ -17.961353731413325, 28.771822858516288 ], [ -17.962964824375373, 28.77442127155453 ], [ -17.965016861963822, 28.774690996898606 ], [ -17.964951029891093, 28.776416388211068 ], [ -17.96813801845412, 28.778007502886851 ], [ -17.969033525090573, 28.779911710542095 ], [ -17.970968902070652, 28.78100921226153 ], [ -17.973704557505254, 28.781768850759011 ], [ -17.974688433870956, 28.782994590715887 ], [ -17.975116551025081, 28.785451135997857 ], [ -17.977070513091281, 28.786152163501978 ], [ -17.977362797868448, 28.787476569789835 ], [ -17.980312880741863, 28.788485234178495 ], [ -17.982100442258897, 28.792162647945013 ], [ -17.982377617834221, 28.793891721322769 ], [ -17.984148432434115, 28.794920760726392 ], [ -17.986305667321218, 28.794375955337657 ], [ -17.9880237423646, 28.795645946353964 ] ] ] ] } },
{ "type": "Feature", "properties": { "geocode": "38017", "geopadre": "ES709A31", "etiqueta": "Granadilla de Abona", "notas": "Ilustre Ayuntamiento de Granadilla de Abona", "granularidad": "MUNICIPIOS", "gcd_provincia": "ES702", "gcd_isla": "ES709", "gcd_grancomarca": "ES709A3", "gcd_comarca": "ES709A31", "ign_sup": 16250.4, "ign_perim": 74048.0, "utm_x": 347067.72, "utm_y": 3111635.94, "longitud": -16.557057, "latitud": 28.121452, "utm_x_capi": 345129.82, "utm_y_capi": 3111794.92, "long_capi": -16.576802, "lati_capi": 28.122661 }, "geometry": { "type": "MultiPolygon", "coordinates": [ [ [ [ -16.61874815365109, 28.213726490302221 ], [ -16.610106725907869, 28.217301803357014 ], [ -16.599787430044959, 28.21810203133823 ], [ -16.59555732413023, 28.21357799444888 ], [ -16.594306054412346, 28.211392723521104 ], [ -16.592565653072377, 28.206686111570409 ], [ -16.589819472038343, 28.206005070654172 ], [ -16.589733662597247, 28.204510158929168 ], [ -16.586829598751727, 28.204579973335559 ], [ -16.585719320463426, 28.202070330157234 ], [ -16.584370879698266, 28.202079182915423 ], [ -16.582447713637624, 28.200634858676263 ], [ -16.579869332832146, 28.201650649154338 ], [ -16.57695657579908, 28.201167563134248 ], [ -16.575463998757733, 28.198143288024191 ], [ -16.574264651219814, 28.196744657694342 ], [ -16.57363789345693, 28.194380510816366 ], [ -16.571718941579444, 28.192486976340653 ], [ -16.570099324705652, 28.191772274120453 ], [ -16.569274391751591, 28.1879054299629 ], [ -16.566844862304606, 28.186827681878391 ], [ -16.565846662345553, 28.185126578943219 ], [ -16.566841367476769, 28.18381557107665 ], [ -16.565007714064933, 28.182577536263274 ], [ -16.565181471346566, 28.180957786154774 ], [ -16.563289724781686, 28.177493425037873 ], [ -16.560932378225267, 28.175491911325434 ], [ -16.561111555288456, 28.174373000126838 ], [ -16.559224857744034, 28.173609307732157 ], [ -16.558304641345849, 28.171474041663515 ], [ -16.556532131371885, 28.171667939052096 ], [ -16.555185912686653, 28.170198588723157 ], [ -16.555808950842032, 28.1688038836405 ], [ -16.552307776937827, 28.168013299760506 ], [ -16.552305786694344, 28.166221814570829 ], [ -16.54896490596807, 28.164797557895426 ], [ -16.545848739623956, 28.161642345246442 ], [ -16.539920173696856, 28.159240726928619 ], [ -16.537908310671064, 28.157061166518979 ], [ -16.5352081772226, 28.155748947829757 ], [ -16.535238915203166, 28.154803204916412 ], [ -16.532666623934944, 28.15265240443853 ], [ -16.531347039387061, 28.150018238424241 ], [ -16.527108729590452, 28.144406681486206 ], [ -16.525612084900256, 28.14122839193395 ], [ -16.526281904241873, 28.139368484700679 ], [ -16.525202593476298, 28.136961715188331 ], [ -16.523594926287156, 28.136178601647369 ], [ -16.521555773892263, 28.132688145194667 ], [ -16.520177161019124, 28.131266158269693 ], [ -16.517274404649729, 28.129556432410713 ], [ -16.512055281107852, 28.130155634756086 ], [ -16.511546766556538, 28.129127839318784 ], [ -16.508057070989725, 28.12822538639324 ], [ -16.504011479147085, 28.126514402491988 ], [ -16.504438570948029, 28.125180726468919 ], [ -16.502937348874475, 28.122403835232635 ], [ -16.499898706133902, 28.119077410067849 ], [ -16.500055851306513, 28.117911412716666 ], [ -16.497366535492617, 28.116884839243173 ], [ -16.496652592101285, 28.115893069908683 ], [ -16.497596023520821, 28.114513160005846 ], [ -16.497075218418718, 28.113363593838553 ], [ -16.493337012135971, 28.112203978548774 ], [ -16.490745986211806, 28.109161268225062 ], [ -16.488654140547901, 28.106000267336871 ], [ -16.487470446773177, 28.105577634089478 ], [ -16.486964968985998, 28.102137647515452 ], [ -16.486184691092681, 28.101049511812818 ], [ -16.483269981764781, 28.099343663264708 ], [ -16.481710211785149, 28.095119791944104 ], [ -16.48411653170557, 28.092994245117676 ], [ -16.486153899718722, 28.092809276875361 ], [ -16.489840381048257, 28.090223726143559 ], [ -16.491055722665866, 28.087486030786405 ], [ -16.48979775216414, 28.086546066150088 ], [ -16.491378446777091, 28.081717217606109 ], [ -16.489361720801522, 28.079545848875359 ], [ -16.491734944935597, 28.077390794818317 ], [ -16.493510250109921, 28.078850790668202 ], [ -16.495547987479398, 28.079231054212819 ], [ -16.49690364441215, 28.078377934055883 ], [ -16.497319855732847, 28.076444301423095 ], [ -16.499183833949079, 28.077559979389846 ], [ -16.502922419561997, 28.076907642434044 ], [ -16.505010633556097, 28.075050184375481 ], [ -16.506607020873894, 28.070780055125912 ], [ -16.506976367329688, 28.067785313715355 ], [ -16.509789699588495, 28.066009053439956 ], [ -16.511743597290074, 28.065338445808951 ], [ -16.515985606863367, 28.061104188589866 ], [ -16.519948448662483, 28.05973635356542 ], [ -16.521372744502067, 28.057636007687023 ], [ -16.521153778081345, 28.056121357545077 ], [ -16.522526639131385, 28.05274159201015 ], [ -16.525494073200321, 28.051366138374959 ], [ -16.526379290328656, 28.050082486993475 ], [ -16.530972544180912, 28.049636964819598 ], [ -16.531960429986338, 28.048977686532286 ], [ -16.533004152431658, 28.046738248337174 ], [ -16.532926293074265, 28.043491977933808 ], [ -16.534632920437549, 28.041884884899947 ], [ -16.536331499916042, 28.043938237595604 ], [ -16.538621591981183, 28.044057009243183 ], [ -16.541142943900123, 28.042166609822587 ], [ -16.542247054176752, 28.040435777711895 ], [ -16.542838212481577, 28.036640010111157 ], [ -16.539885766378074, 28.032756445302724 ], [ -16.539986176751075, 28.031439656759119 ], [ -16.541359243274226, 28.02981848986693 ], [ -16.546879231085299, 28.024792357496427 ], [ -16.549091230529488, 28.025296819398594 ], [ -16.551281502298409, 28.027214714879999 ], [ -16.551526709356079, 28.029164960951597 ], [ -16.55401745669408, 28.03056890196013 ], [ -16.55730118939799, 28.031213600000214 ], [ -16.560352131542885, 28.030959273078071 ], [ -16.562039026203042, 28.029800684096589 ], [ -16.566599529828022, 28.028778045855013 ], [ -16.56870996636026, 28.030602797352838 ], [ -16.571976270712828, 28.031118088741703 ], [ -16.574897934481456, 28.030783284697719 ], [ -16.576340974640143, 28.029569079496156 ], [ -16.578763354391882, 28.029001997313554 ], [ -16.586915362342964, 28.029476372969238 ], [ -16.589444307028138, 28.028118519526039 ], [ -16.59171411242675, 28.0275022456022 ], [ -16.595314107470703, 28.029188144397857 ], [ -16.597002642243091, 28.027878036958978 ], [ -16.598070086532413, 28.033622867357902 ], [ -16.599245968270008, 28.035285626400846 ], [ -16.599258167580071, 28.036862650897231 ], [ -16.600860541769897, 28.039695967707058 ], [ -16.602360409602941, 28.040626128664432 ], [ -16.603723121429567, 28.042573215310849 ], [ -16.60566408319983, 28.043917859941715 ], [ -16.606660546196046, 28.045898527724287 ], [ -16.605182244799988, 28.049552990198872 ], [ -16.606573534158262, 28.05103716384497 ], [ -16.605835798174965, 28.053570604487895 ], [ -16.606399040758543, 28.055594692841439 ], [ -16.605192659556888, 28.057594355129794 ], [ -16.605728224729795, 28.060600262105027 ], [ -16.604911727832263, 28.062502852508111 ], [ -16.602750875946928, 28.064788921213143 ], [ -16.601246400236708, 28.067838958849446 ], [ -16.603063493279354, 28.070019901516712 ], [ -16.603702311159029, 28.072568831609303 ], [ -16.603650425805565, 28.077616789608019 ], [ -16.60296047083914, 28.078543166969705 ], [ -16.603172422079819, 28.081487421943624 ], [ -16.603919586423952, 28.0824195672363 ], [ -16.602786389814998, 28.084871872356324 ], [ -16.602188895774926, 28.088558878765397 ], [ -16.600170727766177, 28.091260664986745 ], [ -16.599793745025963, 28.093225787745787 ], [ -16.601412415397334, 28.094673493817822 ], [ -16.601717562954548, 28.097296262399251 ], [ -16.600788234449244, 28.099910880791924 ], [ -16.602942943816682, 28.102620344440304 ], [ -16.603378624130951, 28.105503309026908 ], [ -16.605667352301154, 28.106627237822067 ], [ -16.607046410877736, 28.107985164190303 ], [ -16.607762798978378, 28.110400022560562 ], [ -16.608841432658586, 28.111849445851419 ], [ -16.610944044449386, 28.112788191856264 ], [ -16.611281437098715, 28.116164145256828 ], [ -16.61205128822029, 28.118357229733558 ], [ -16.61131274969242, 28.120279242908442 ], [ -16.611985421312937, 28.122863805169729 ], [ -16.612759602405188, 28.123556402550214 ], [ -16.612748425161815, 28.126061008330254 ], [ -16.614299586419115, 28.127012948477475 ], [ -16.616210888718808, 28.130189827923218 ], [ -16.618191854279324, 28.131177264228402 ], [ -16.620190031933703, 28.134741937454432 ], [ -16.621935947952316, 28.138241846909342 ], [ -16.621629662643905, 28.143653252408757 ], [ -16.619671214216588, 28.145432422483438 ], [ -16.616711534766701, 28.145744704912172 ], [ -16.612502618814215, 28.152774180684403 ], [ -16.615075723595766, 28.156213092021417 ], [ -16.616180527093452, 28.15849542749476 ], [ -16.615797739840733, 28.161166675482384 ], [ -16.613420169072565, 28.165313304127398 ], [ -16.611346309419066, 28.170326221204224 ], [ -16.611925606919737, 28.172883634611708 ], [ -16.613531054738864, 28.174506049908793 ], [ -16.61414441968985, 28.176906138954585 ], [ -16.613452350520323, 28.180142238347134 ], [ -16.613733121584467, 28.182603330018683 ], [ -16.613221413879856, 28.189887393191128 ], [ -16.614649344336605, 28.192931615069988 ], [ -16.614062950386398, 28.193950899109296 ], [ -16.615397943950445, 28.19760713733319 ], [ -16.618722907601036, 28.199327841346623 ], [ -16.620122335927807, 28.201658650534064 ], [ -16.618381175179728, 28.203832636842296 ], [ -16.619237215775051, 28.210553933729802 ], [ -16.61874815365109, 28.213726490302221 ] ] ] ] } },
{ "type": "Feature", "properties": { "geocode": "38018", "geopadre": "ES709A23", "etiqueta": "La Guancha", "notas": "Ilustre Ayuntamiento de La Guancha", "granularidad": "MUNICIPIOS", "gcd_provincia": "ES702", "gcd_isla": "ES709", "gcd_grancomarca": "ES709A2", "gcd_comarca": "ES709A23", "ign_sup": 2380.47, "ign_perim": 36401.0, "utm_x": 338800.93, "utm_y": 3137119.15, "longitud": -16.644719, "latitud": 28.350412, "utm_x_capi": 338078.93, "utm_y_capi": 3140200.77, "long_capi": -16.652514, "lati_capi": 28.378128 }, "geometry": { "type": "MultiPolygon", "coordinates": [ [ [ [ -16.607650825772641, 28.306727615909157 ], [ -16.641007784489979, 28.298844532642487 ], [ -16.632721373710336, 28.30426405112846 ], [ -16.63319805039384, 28.307369669608523 ], [ -16.634216563987192, 28.310791435768895 ], [ -16.633073748958239, 28.312583011974745 ], [ -16.633302199574256, 28.315082418225973 ], [ -16.634694504192378, 28.316620276523519 ], [ -16.634827104536559, 28.318559029342207 ], [ -16.638658696995737, 28.321437114460807 ], [ -16.639617762636533, 28.323268913487443 ], [ -16.639040860402556, 28.324555114154538 ], [ -16.639771250562447, 28.326125681435371 ], [ -16.6413940407665, 28.327380922172015 ], [ -16.642572517440524, 28.329918503388669 ], [ -16.643975756192098, 28.335747415513733 ], [ -16.645935565799775, 28.338277796379803 ], [ -16.64851477200704, 28.339214554412035 ], [ -16.650082217820678, 28.340684687964746 ], [ -16.652572032842475, 28.341441952216698 ], [ -16.654148866854996, 28.344026480476149 ], [ -16.656105600535799, 28.345983665900878 ], [ -16.65690173210422, 28.349031129566448 ], [ -16.655974947927895, 28.35071196710545 ], [ -16.656295115139418, 28.352217467516866 ], [ -16.658995740744057, 28.355399697468606 ], [ -16.659377244295939, 28.357606114650174 ], [ -16.661525715961155, 28.36081756725692 ], [ -16.662021814133031, 28.364152922548978 ], [ -16.663719906871425, 28.366808034320464 ], [ -16.667178515140719, 28.367916423038054 ], [ -16.668775855620474, 28.370396715688774 ], [ -16.670543442645908, 28.371771631717561 ], [ -16.673628811765155, 28.374987173472245 ], [ -16.672972229637843, 28.377118290806813 ], [ -16.675020749779613, 28.381039161480615 ], [ -16.676531058656945, 28.382543497971671 ], [ -16.678977676659692, 28.383986645455504 ], [ -16.680315963096916, 28.387376950978926 ], [ -16.682204089467771, 28.387976349965165 ], [ -16.684231682793687, 28.391385742265516 ], [ -16.680911864455329, 28.390479816016029 ], [ -16.679235283839127, 28.391912804752316 ], [ -16.676676876823411, 28.393009597307284 ], [ -16.675538717245178, 28.394262776453747 ], [ -16.675889722436128, 28.395671835309948 ], [ -16.677247776300636, 28.396243950183706 ], [ -16.676663182174476, 28.398720533098817 ], [ -16.673923824761509, 28.398422563018258 ], [ -16.674729561272159, 28.400054962815087 ], [ -16.672908918003685, 28.401203713326844 ], [ -16.670413720214118, 28.399229774829102 ], [ -16.66947780380379, 28.400994795062918 ], [ -16.666548799215249, 28.400557820474955 ], [ -16.665582972420456, 28.399147618672409 ], [ -16.66231278724943, 28.398782245253752 ], [ -16.660695837880809, 28.401371142908516 ], [ -16.65993837634154, 28.401549923716825 ], [ -16.657892615066352, 28.399617911752522 ], [ -16.656625895783108, 28.399295007614974 ], [ -16.653983589571492, 28.396228806708201 ], [ -16.652475135370999, 28.395821542500279 ], [ -16.652485230343341, 28.392606507800277 ], [ -16.653644965964691, 28.390273084476277 ], [ -16.655386813990862, 28.388668093597612 ], [ -16.654369857959065, 28.386103892356648 ], [ -16.650462123347182, 28.382218764711197 ], [ -16.650163422449864, 28.379774425088758 ], [ -16.648454449432066, 28.37698616171301 ], [ -16.649088294879395, 28.375744359840908 ], [ -16.648519066123136, 28.371493825389226 ], [ -16.644848623870761, 28.368307311450536 ], [ -16.643069862605028, 28.367900090122738 ], [ -16.642653386712386, 28.365391713218962 ], [ -16.639991982126432, 28.36333678164058 ], [ -16.638803911377703, 28.361006883897804 ], [ -16.635122102819899, 28.356245394015129 ], [ -16.631875169037837, 28.346731536418066 ], [ -16.631812572337587, 28.345139405371743 ], [ -16.630725071505751, 28.3428352913031 ], [ -16.62916586798752, 28.341242994897403 ], [ -16.607650825772641, 28.306727615909157 ] ] ] ] } },
{ "type": "Feature", "properties": { "geocode": "38019", "geopadre": "ES709A32", "etiqueta": "Guía de Isora", "notas": "Ilustre Ayuntamiento de Guía de Isora", "granularidad": "MUNICIPIOS", "gcd_provincia": "ES702", "gcd_isla": "ES709", "gcd_grancomarca": "ES709A3", "gcd_comarca": "ES709A32", "ign_sup": 14410.2, "ign_perim": 54649.0, "utm_x": 327376.16, "utm_y": 3122278.68, "longitud": -16.759041, "latitud": 28.215056, "utm_x_capi": 325453.19, "utm_y_capi": 3121673.74, "long_capi": -16.778538, "lati_capi": 28.209345 }, "geometry": { "type": "MultiPolygon", "coordinates": [ [ [ [ -16.679321789597868, 28.26881794432796 ], [ -16.683865080343192, 28.249455734233766 ], [ -16.68081807494919, 28.212782482551734 ], [ -16.683351474324919, 28.20892704764497 ], [ -16.687569594070741, 28.206923453105603 ], [ -16.689588740589002, 28.204682931677326 ], [ -16.690595987557565, 28.20490287785368 ], [ -16.693176613680301, 28.202783970465536 ], [ -16.696570249363454, 28.201837190263362 ], [ -16.699105251668161, 28.199080235481905 ], [ -16.700633341796781, 28.19594768752221 ], [ -16.703553178950266, 28.194810339674838 ], [ -16.705311211607878, 28.192358510672211 ], [ -16.707537325924712, 28.191263567727034 ], [ -16.707724871363055, 28.190085745867385 ], [ -16.709396530254551, 28.18855773267002 ], [ -16.711088615413271, 28.185756947018124 ], [ -16.714791817493168, 28.184566706266747 ], [ -16.718218059540391, 28.182204365408552 ], [ -16.7207411320049, 28.17852665506171 ], [ -16.72286525747403, 28.178741350373777 ], [ -16.726979875842588, 28.177013149715567 ], [ -16.733421787394366, 28.175399776370021 ], [ -16.737690103603082, 28.172448718096867 ], [ -16.741110304279893, 28.170751479663068 ], [ -16.745706947105237, 28.16926929475941 ], [ -16.746926738115828, 28.167816547912512 ], [ -16.752198962525064, 28.166891831181086 ], [ -16.755256629255843, 28.167750627110973 ], [ -16.760188402228064, 28.166699110544617 ], [ -16.762051697915055, 28.166641302057908 ], [ -16.764794330555123, 28.164880008241532 ], [ -16.767690928090573, 28.164959965944767 ], [ -16.770285705951373, 28.163446397012816 ], [ -16.775598486053386, 28.163000830104259 ], [ -16.777178947325442, 28.164049749404199 ], [ -16.779080318073131, 28.163585107166035 ], [ -16.783686174247805, 28.161560072911278 ], [ -16.788422685901072, 28.160207773634848 ], [ -16.792790190519071, 28.16058835984667 ], [ -16.795437037569165, 28.159477497598548 ], [ -16.796361011469262, 28.158307974230752 ], [ -16.801221182039409, 28.157233381635336 ], [ -16.801821082966175, 28.156348511747137 ], [ -16.804360439344801, 28.157753061889817 ], [ -16.803610478070166, 28.158669596427462 ], [ -16.804638482819126, 28.161567953643534 ], [ -16.806129819849875, 28.1631447218913 ], [ -16.805357033575742, 28.163971772597087 ], [ -16.805683180577368, 28.166416922885261 ], [ -16.804319237967391, 28.170422936228508 ], [ -16.805261844341594, 28.171481781235364 ], [ -16.807818667163517, 28.172393735728317 ], [ -16.807802085524436, 28.175549293185632 ], [ -16.809879647920464, 28.176296220049451 ], [ -16.812989269173119, 28.180008703022896 ], [ -16.815533594799909, 28.179551981257418 ], [ -16.817997017008121, 28.179746486442923 ], [ -16.819251608965644, 28.180611630584917 ], [ -16.821351747620191, 28.184968531397143 ], [ -16.821698358998944, 28.187004323470866 ], [ -16.823558620225771, 28.189264389814507 ], [ -16.82349677125832, 28.190724782173387 ], [ -16.827099841579017, 28.192674175221267 ], [ -16.826459488737832, 28.195110545128973 ], [ -16.828687508543627, 28.198450173826973 ], [ -16.827880772811447, 28.199462733987275 ], [ -16.829567558094507, 28.201163383239301 ], [ -16.832087224380693, 28.20102769719389 ], [ -16.833997350403862, 28.20267440833571 ], [ -16.833751560759971, 28.204017455492856 ], [ -16.834825662855543, 28.206350935272152 ], [ -16.837177249643116, 28.20713072442366 ], [ -16.836150017185215, 28.210254844437639 ], [ -16.837774400562665, 28.213499747334264 ], [ -16.836852617527963, 28.217240672935585 ], [ -16.838595852653043, 28.219058446800062 ], [ -16.839889568127042, 28.221447723747069 ], [ -16.838541691015177, 28.223353273363159 ], [ -16.839333590276059, 28.226319317069219 ], [ -16.840326265439778, 28.226692407252362 ], [ -16.808616662798276, 28.256005848814162 ], [ -16.795515029231851, 28.264659857522975 ], [ -16.777039513431038, 28.273950783267392 ], [ -16.746952425186755, 28.273698172190159 ], [ -16.700686083585087, 28.267967028934606 ], [ -16.679321789597868, 28.26881794432796 ] ] ] ] } },
{ "type": "Feature", "properties": { "geocode": "38020", "geopadre": "ES709A33", "etiqueta": "Güímar", "notas": "Excelentísimo Ayuntamiento de La Ciudad de Güímar", "granularidad": "MUNICIPIOS", "gcd_provincia": "ES702", "gcd_isla": "ES709", "gcd_grancomarca": "ES709A3", "gcd_comarca": "ES709A33", "ign_sup": 10288.8, "ign_perim": 49952.0, "utm_x": 358498.37, "utm_y": 3129586.44, "longitud": -16.442884, "latitud": 28.284712, "utm_x_capi": 361632.8, "utm_y_capi": 3132831.85, "long_capi": -16.411316, "lati_capi": 28.314333 }, "geometry": { "type": "MultiPolygon", "coordinates": [ [ [ [ -16.511329937568501, 28.301339059844 ], [ -16.509205131401412, 28.303350359499436 ], [ -16.505612457398783, 28.304186504320402 ], [ -16.502244293595098, 28.307147770147591 ], [ -16.499121679751983, 28.309133796938493 ], [ -16.49932381261716, 28.311502941600473 ], [ -16.498623139858992, 28.314353567082939 ], [ -16.496140394005916, 28.315897038020616 ], [ -16.494854348698144, 28.317373210369798 ], [ -16.493750361521251, 28.320977320151798 ], [ -16.492267484135979, 28.323793606676755 ], [ -16.490247463392336, 28.324873887077036 ], [ -16.488214605904258, 28.328169960319713 ], [ -16.485051881469641, 28.330611892064116 ], [ -16.485718736078759, 28.332217882221553 ], [ -16.484700098156875, 28.334890498256456 ], [ -16.470286602391091, 28.335456633309743 ], [ -16.466323167103088, 28.335284225664704 ], [ -16.453409595802711, 28.33602567826961 ], [ -16.436005665109491, 28.332224531993948 ], [ -16.423006810640377, 28.333381689790009 ], [ -16.415472619376505, 28.333501952239395 ], [ -16.413394605625072, 28.334043448156727 ], [ -16.40815695384541, 28.334524244008563 ], [ -16.403259352846767, 28.333282823528126 ], [ -16.398522046329258, 28.331195347522396 ], [ -16.396810052239594, 28.330916313312329 ], [ -16.393623842342659, 28.329372164512165 ], [ -16.389228460176621, 28.329337479200213 ], [ -16.380617469671197, 28.327606993052509 ], [ -16.37602059959816, 28.327706953517609 ], [ -16.375791797133676, 28.32828381945783 ], [ -16.368665738311829, 28.32898582971335 ], [ -16.367441317773839, 28.33030887220762 ], [ -16.364995862286239, 28.32993858892867 ], [ -16.362272630128807, 28.330203726762569 ], [ -16.363207620365884, 28.328798467907582 ], [ -16.362830142948191, 28.326253595879038 ], [ -16.360979038153101, 28.321809353209861 ], [ -16.359232184625085, 28.320420001619034 ], [ -16.360301244157988, 28.315212248754918 ], [ -16.360426718180648, 28.311424369145772 ], [ -16.361352130250335, 28.310684511596016 ], [ -16.362077641837192, 28.305870321974385 ], [ -16.361490776449021, 28.304788073550544 ], [ -16.365487492195015, 28.30082104985819 ], [ -16.367202513771261, 28.300827558861847 ], [ -16.369633079473967, 28.299594251673575 ], [ -16.371178225681778, 28.297866257757768 ], [ -16.372137923718196, 28.295710035469927 ], [ -16.374012348154803, 28.295327150293719 ], [ -16.376307331013319, 28.293083716941279 ], [ -16.377659516685462, 28.290245136869043 ], [ -16.37927712207674, 28.288494239235852 ], [ -16.383496328393232, 28.284941322342601 ], [ -16.384074434139329, 28.281362771246719 ], [ -16.384013687402785, 28.276040399091528 ], [ -16.383701392338775, 28.273435626241209 ], [ -16.384784255528587, 28.271312980982486 ], [ -16.387066376643403, 28.268738525955417 ], [ -16.387501825977186, 28.264789998263556 ], [ -16.391072098317725, 28.260233963349584 ], [ -16.392517048936515, 28.259874544891737 ], [ -16.39290381350872, 28.258421274269665 ], [ -16.394426517947426, 28.258293630124456 ], [ -16.394091823071165, 28.25635824693957 ], [ -16.395805898501369, 28.255035459322105 ], [ -16.395460715785756, 28.253710750515122 ], [ -16.398029174082005, 28.24875728704896 ], [ -16.400400511852332, 28.247498173378048 ], [ -16.400606285399899, 28.245911011395567 ], [ -16.402457627895402, 28.243628539831292 ], [ -16.401541367431172, 28.241071895061044 ], [ -16.404009887150437, 28.239805047572563 ], [ -16.405263295206414, 28.237228014189419 ], [ -16.407258424579101, 28.234906637791543 ], [ -16.407314342292853, 28.233626102468719 ], [ -16.411198371414059, 28.234812741861013 ], [ -16.414228054020036, 28.236701603350053 ], [ -16.416117835883956, 28.236600813021894 ], [ -16.420143354401844, 28.239124539448841 ], [ -16.42124637733593, 28.240766988083191 ], [ -16.424062062084371, 28.242224625263503 ], [ -16.424886123581981, 28.244054968512629 ], [ -16.426980497654871, 28.244385112246295 ], [ -16.428559527943722, 28.245932272188799 ], [ -16.431755959375501, 28.246523837501226 ], [ -16.434249991117273, 28.247558174771854 ], [ -16.434486922613416, 28.248650017867554 ], [ -16.438111424943624, 28.248496855908733 ], [ -16.439146635213614, 28.250184988671084 ], [ -16.440855117566418, 28.250846147989879 ], [ -16.442222532123946, 28.250161590968659 ], [ -16.44482840680887, 28.250831278224666 ], [ -16.451094821225023, 28.255742372306759 ], [ -16.450641485555558, 28.256748999426936 ], [ -16.451799408359562, 28.258257473733085 ], [ -16.45572347546565, 28.258820424368821 ], [ -16.456085881230031, 28.262047633000229 ], [ -16.459482439405019, 28.265404916369025 ], [ -16.459145075034797, 28.266690115403922 ], [ -16.462227728095023, 28.269134605415058 ], [ -16.46491240196373, 28.269886532760186 ], [ -16.48077187653104, 28.277700649050018 ], [ -16.48717703158491, 28.280097206041667 ], [ -16.499311895923732, 28.283944650479764 ], [ -16.502056315476437, 28.284483080498557 ], [ -16.511329937568501, 28.301339059844 ] ] ] ] } },
{ "type": "Feature", "properties": { "geocode": "38021", "geopadre": "ES706A01", "etiqueta": "Hermigua", "notas": "Ayuntamiento De Hermigua", "granularidad": "MUNICIPIOS", "gcd_provincia": "ES702", "gcd_isla": "ES706", "gcd_grancomarca": "ES706A0", "gcd_comarca": "ES706A01", "ign_sup": 3915.87, "ign_perim": 35473.0, "utm_x": 283408.46, "utm_y": 3115044.58, "longitud": -17.205489, "latitud": 28.14331, "utm_x_capi": 284134.77, "utm_y_capi": 3117226.78, "long_capi": -17.1985, "lati_capi": 28.163113 }, "geometry": { "type": "MultiPolygon", "coordinates": [ [ [ [ -17.238990808644743, 28.10579059518977 ], [ -17.239410447784834, 28.106454433534665 ], [ -17.243501026712561, 28.108491689491274 ], [ -17.244965236627721, 28.111730126803327 ], [ -17.245164713333079, 28.112758924119365 ], [ -17.243483439003239, 28.116073315906092 ], [ -17.240773668324163, 28.120930371543114 ], [ -17.240946726729717, 28.126064662163568 ], [ -17.240420870247508, 28.12816428670499 ], [ -17.238791707905001, 28.131235802990368 ], [ -17.238023783927904, 28.135585456660163 ], [ -17.2370421304507, 28.138418311439995 ], [ -17.23491949274413, 28.141912788783234 ], [ -17.22702338713227, 28.149541784436622 ], [ -17.226385224974809, 28.150572857182418 ], [ -17.223413923472112, 28.15272009395407 ], [ -17.22147148870134, 28.156261051779836 ], [ -17.218492293680928, 28.160199779247368 ], [ -17.215829533346092, 28.162704142938981 ], [ -17.213798988617768, 28.165578541143354 ], [ -17.209193411141058, 28.168522773978545 ], [ -17.208556320063479, 28.169243697342306 ], [ -17.203651391211991, 28.172519588069829 ], [ -17.201435733161023, 28.173245420253888 ], [ -17.197540464923172, 28.173424415507931 ], [ -17.196378718342846, 28.17571650760949 ], [ -17.191571822579022, 28.180060499676355 ], [ -17.189203446518302, 28.180165322809327 ], [ -17.186528123752396, 28.179476339788771 ], [ -17.183996461200739, 28.180811014643627 ], [ -17.181397003333835, 28.179191707338568 ], [ -17.176724658732418, 28.177497687831274 ], [ -17.174692083355897, 28.177845007086699 ], [ -17.172604086311864, 28.179118620613746 ], [ -17.170583894328136, 28.178856240148061 ], [ -17.168470343208792, 28.180698856396674 ], [ -17.165510037020212, 28.177770612395523 ], [ -17.166259423946983, 28.17278952113605 ], [ -17.164190535288959, 28.171902484277346 ], [ -17.160417589570539, 28.173086771560747 ], [ -17.15897555180171, 28.172339639398764 ], [ -17.154979063663259, 28.172693623237926 ], [ -17.156702695996902, 28.169515379143871 ], [ -17.154935849557464, 28.166590981258601 ], [ -17.153073260904549, 28.164561212396595 ], [ -17.149416983185688, 28.162671201327811 ], [ -17.148137058847087, 28.162902981093357 ], [ -17.146101949748999, 28.161431753472055 ], [ -17.143117465147149, 28.161348353762587 ], [ -17.138442595635954, 28.160368261770113 ], [ -17.140095568502005, 28.157264934950771 ], [ -17.144189112240522, 28.153551082797247 ], [ -17.14688247282567, 28.150404989870072 ], [ -17.154722292121122, 28.147626737703245 ], [ -17.167669622458483, 28.147891285715357 ], [ -17.168835931691074, 28.147448519973686 ], [ -17.172163502872934, 28.144029134696343 ], [ -17.174146085864066, 28.143279807158862 ], [ -17.17735369368588, 28.14333974675985 ], [ -17.179205384342442, 28.14291135350858 ], [ -17.179961291560204, 28.141685742373447 ], [ -17.180288355543084, 28.138092367921629 ], [ -17.181876916282253, 28.135802251013377 ], [ -17.185223265195642, 28.133760859649389 ], [ -17.187509109858151, 28.131680416904434 ], [ -17.192200054375469, 28.129690561785686 ], [ -17.194301150603145, 28.128378715879315 ], [ -17.195641434126912, 28.126558291816103 ], [ -17.200329786688961, 28.125062017449228 ], [ -17.202261096343804, 28.124082407196969 ], [ -17.20895435570743, 28.122444915891951 ], [ -17.215749715610379, 28.121071679509708 ], [ -17.217552076281098, 28.119953524770047 ], [ -17.219273847890076, 28.116503611453954 ], [ -17.217742913051378, 28.111650820946025 ], [ -17.219449080184809, 28.108798055432793 ], [ -17.2209663019852, 28.107782068649961 ], [ -17.224941507872352, 28.10952082220361 ], [ -17.22972950002093, 28.108644189980488 ], [ -17.232218523049713, 28.107115147847274 ], [ -17.233953106296717, 28.106651147188007 ], [ -17.23673105566084, 28.107144471048457 ], [ -17.238990808644743, 28.10579059518977 ] ] ] ] } },
{ "type": "Feature", "properties": { "geocode": "38022", "geopadre": "ES709A23", "etiqueta": "Icod de los Vinos", "notas": "Excelentísimo Ayuntamiento de La Ciudad de Icod de Los Vinos", "granularidad": "MUNICIPIOS", "gcd_provincia": "ES702", "gcd_isla": "ES709", "gcd_grancomarca": "ES709A2", "gcd_comarca": "ES709A23", "ign_sup": 9585.8, "ign_perim": 48528.0, "utm_x": 334186.92, "utm_y": 3135183.85, "longitud": -16.691503, "latitud": 28.332374, "utm_x_capi": 331529.19, "utm_y_capi": 3139128.57, "long_capi": -16.719179, "lati_capi": 28.367628 }, "geometry": { "type": "MultiPolygon", "coordinates": [ [ [ [ -16.641007784489979, 28.298844532642487 ], [ -16.671376926075997, 28.292059472069305 ], [ -16.67516169265528, 28.271292180753516 ], [ -16.679321789597868, 28.26881794432796 ], [ -16.683495524141545, 28.270343651839941 ], [ -16.700440138923561, 28.271595777735314 ], [ -16.718261684243682, 28.285365522211883 ], [ -16.727464145377443, 28.295122370613935 ], [ -16.72746030488851, 28.297468823546954 ], [ -16.728211272002401, 28.298294096716095 ], [ -16.727958244194024, 28.300618885078038 ], [ -16.729976226734347, 28.30209818031717 ], [ -16.730311329139113, 28.304099653819936 ], [ -16.743579601419579, 28.343056772830675 ], [ -16.743720503292188, 28.345223114954162 ], [ -16.744517335949766, 28.347128379132705 ], [ -16.742819888990645, 28.34918060431125 ], [ -16.741881947216147, 28.351304329560008 ], [ -16.739288497310955, 28.353000208135288 ], [ -16.738820117741639, 28.354032723147146 ], [ -16.739884800147646, 28.355492394459681 ], [ -16.740154653627378, 28.358022585920111 ], [ -16.739250013039769, 28.362762981085137 ], [ -16.739902918353291, 28.365671824002124 ], [ -16.739269099909954, 28.368585807467596 ], [ -16.737300893718697, 28.368410114897905 ], [ -16.738435134328626, 28.378135355101694 ], [ -16.738858577274335, 28.380197108281433 ], [ -16.735541565324258, 28.380382018734036 ], [ -16.735311513105518, 28.381657224183336 ], [ -16.733470962472417, 28.382503725066581 ], [ -16.73149596894363, 28.381441618634142 ], [ -16.732307960902709, 28.379859199240503 ], [ -16.730869952572608, 28.377022150570767 ], [ -16.728548943427743, 28.377564206229032 ], [ -16.726257572661549, 28.376221866940377 ], [ -16.724061732273416, 28.377699973843541 ], [ -16.725396027363391, 28.379104774940895 ], [ -16.724652655146738, 28.380660342164489 ], [ -16.722366453742129, 28.38122279190711 ], [ -16.724295946286155, 28.38339092581263 ], [ -16.720084637490768, 28.384406400435559 ], [ -16.720629166960453, 28.387065275098841 ], [ -16.718964759883651, 28.387787105340731 ], [ -16.716707235579506, 28.385960115146435 ], [ -16.71216426042481, 28.384842963079187 ], [ -16.708871564529652, 28.383132515683787 ], [ -16.70531040998409, 28.383156134545406 ], [ -16.700817757320241, 28.383863254073994 ], [ -16.699792936489395, 28.38594095268385 ], [ -16.6973443901908, 28.38688950777988 ], [ -16.694697657739688, 28.387239970126128 ], [ -16.694334823191443, 28.389930513003446 ], [ -16.695060139420399, 28.394593444408549 ], [ -16.693641354324019, 28.395418424541692 ], [ -16.691918728987524, 28.39317731899855 ], [ -16.690427150005572, 28.393183636150198 ], [ -16.684231682793687, 28.391385742265516 ], [ -16.682204089467771, 28.387976349965165 ], [ -16.680315963096916, 28.387376950978926 ], [ -16.678977676659692, 28.383986645455504 ], [ -16.676531058656945, 28.382543497971671 ], [ -16.675020749779613, 28.381039161480615 ], [ -16.672972229637843, 28.377118290806813 ], [ -16.673628811765155, 28.374987173472245 ], [ -16.670543442645908, 28.371771631717561 ], [ -16.668775855620474, 28.370396715688774 ], [ -16.667178515140719, 28.367916423038054 ], [ -16.663719906871425, 28.366808034320464 ], [ -16.662021814133031, 28.364152922548978 ], [ -16.661525715961155, 28.36081756725692 ], [ -16.659377244295939, 28.357606114650174 ], [ -16.658995740744057, 28.355399697468606 ], [ -16.656295115139418, 28.352217467516866 ], [ -16.655974947927895, 28.35071196710545 ], [ -16.65690173210422, 28.349031129566448 ], [ -16.656105600535799, 28.345983665900878 ], [ -16.654148866854996, 28.344026480476149 ], [ -16.652572032842475, 28.341441952216698 ], [ -16.650082217820678, 28.340684687964746 ], [ -16.64851477200704, 28.339214554412035 ], [ -16.645935565799775, 28.338277796379803 ], [ -16.643975756192098, 28.335747415513733 ], [ -16.642572517440524, 28.329918503388669 ], [ -16.6413940407665, 28.327380922172015 ], [ -16.639771250562447, 28.326125681435371 ], [ -16.639040860402556, 28.324555114154538 ], [ -16.639617762636533, 28.323268913487443 ], [ -16.638658696995737, 28.321437114460807 ], [ -16.634827104536559, 28.318559029342207 ], [ -16.634694504192378, 28.316620276523519 ], [ -16.633302199574256, 28.315082418225973 ], [ -16.633073748958239, 28.312583011974745 ], [ -16.634216563987192, 28.310791435768895 ], [ -16.63319805039384, 28.307369669608523 ], [ -16.632721373710336, 28.30426405112846 ], [ -16.641007784489979, 28.298844532642487 ] ] ] ] } },
{ "type": "Feature", "properties": { "geocode": "38023", "geopadre": "ES709A10", "etiqueta": "San Cristóbal de La Laguna", "notas": "Excelentísimo Ayuntamiento de San Cristóbal de La Laguna", "granularidad": "MUNICIPIOS", "gcd_provincia": "ES702", "gcd_isla": "ES709", "gcd_grancomarca": "ES709A1", "gcd_comarca": "ES709A10", "ign_sup": 10245.2, "ign_perim": 97581.0, "utm_x": 372272.78, "utm_y": 3153896.85, "longitud": -16.305143, "latitud": 28.505511, "utm_x_capi": 371384.1, "utm_y_capi": 3151872.63, "long_capi": -16.313996, "lati_capi": 28.487157 }, "geometry": { "type": "MultiPolygon", "coordinates": [ [ [ [ -16.411180803071485, 28.52668842500842 ], [ -16.408317974557104, 28.528249488236305 ], [ -16.405662664875607, 28.530586332737208 ], [ -16.403541403316488, 28.530732530086553 ], [ -16.402549964148367, 28.53339731145287 ], [ -16.398476925789534, 28.533619946457303 ], [ -16.398949040300529, 28.535514870960885 ], [ -16.397490800099654, 28.538678975416339 ], [ -16.395382802980301, 28.538349144588778 ], [ -16.394923252183741, 28.540098530508139 ], [ -16.392196493220982, 28.541055797746164 ], [ -16.391383598304635, 28.542548185918697 ], [ -16.387164138993114, 28.543634847504585 ], [ -16.382575948060165, 28.54654121880672 ], [ -16.38027575904777, 28.546786679286509 ], [ -16.3776442819137, 28.547928288533068 ], [ -16.375029362756564, 28.547576714508281 ], [ -16.372738736215897, 28.546237169831482 ], [ -16.372238801794222, 28.547118296142752 ], [ -16.370023519920352, 28.547768947911635 ], [ -16.365188186197127, 28.545417514000089 ], [ -16.36401890345547, 28.547721237316313 ], [ -16.360290926032182, 28.548590124377487 ], [ -16.359239979804634, 28.549551165286797 ], [ -16.354336045047518, 28.549698481350731 ], [ -16.354089852428299, 28.553029716075176 ], [ -16.349843438896858, 28.552849909358624 ], [ -16.348265301328059, 28.554072750138612 ], [ -16.345488975212398, 28.554996059325546 ], [ -16.345346531766769, 28.556324906987477 ], [ -16.340006897482976, 28.556501048655253 ], [ -16.336904846094335, 28.556083969763737 ], [ -16.335465067320769, 28.557479967927687 ], [ -16.33417868504392, 28.557516337319999 ], [ -16.333016732829488, 28.559052547692929 ], [ -16.333227775667616, 28.562820390259883 ], [ -16.332235311489256, 28.56323008925316 ], [ -16.331563022627513, 28.565537125353593 ], [ -16.333008644543522, 28.567110774538857 ], [ -16.332637772288901, 28.57148932483657 ], [ -16.330695760544376, 28.574600863702315 ], [ -16.329155096491434, 28.574643943938522 ], [ -16.32966489111158, 28.576925124194407 ], [ -16.326340414045752, 28.577206049249384 ], [ -16.324088218704766, 28.578029226583748 ], [ -16.322955497035863, 28.579326343731253 ], [ -16.320578505661086, 28.57938138031821 ], [ -16.318056714665474, 28.578476324753368 ], [ -16.318367419001348, 28.57668986641643 ], [ -16.316197522928931, 28.574454716592452 ], [ -16.316551369154737, 28.571872267655515 ], [ -16.315122919165209, 28.571165752772497 ], [ -16.313516789725213, 28.571891001726648 ], [ -16.310735479373339, 28.571418332687191 ], [ -16.307216910392153, 28.574328739890039 ], [ -16.306365990502965, 28.572468043097135 ], [ -16.305051237333942, 28.572432013108962 ], [ -16.303430002720525, 28.5707964339156 ], [ -16.301176782906712, 28.57096923324179 ], [ -16.299546262023448, 28.569610391341001 ], [ -16.296454937246242, 28.569231794166409 ], [ -16.292857320892086, 28.571290879589526 ], [ -16.291853738741683, 28.570515057679764 ], [ -16.288261879205024, 28.571079082410549 ], [ -16.286605678368314, 28.572528799395229 ], [ -16.286068393485007, 28.576381214151294 ], [ -16.282707135054046, 28.575598059432892 ], [ -16.280695816466174, 28.572718971287731 ], [ -16.277824969100156, 28.571319885567799 ], [ -16.27451199272598, 28.572236868915486 ], [ -16.27262737942673, 28.567470993014755 ], [ -16.273719092878661, 28.564053687967494 ], [ -16.271921673254329, 28.563222164452149 ], [ -16.273183502656714, 28.560536576541416 ], [ -16.269295897873047, 28.555706071344044 ], [ -16.269943235148972, 28.553242864319788 ], [ -16.271282199081618, 28.553180691506384 ], [ -16.27087035688357, 28.549635327550586 ], [ -16.269577140578107, 28.547968711136381 ], [ -16.268879066484903, 28.545558696479421 ], [ -16.267396562710783, 28.544135254061114 ], [ -16.267805012947754, 28.541755511838659 ], [ -16.268694576649327, 28.541171835329553 ], [ -16.270117037872005, 28.537379162664063 ], [ -16.268973818856573, 28.53656854177979 ], [ -16.269740663931632, 28.535236899626803 ], [ -16.274597500365175, 28.534654390538474 ], [ -16.276760388483375, 28.533334420048384 ], [ -16.278984992837767, 28.532792272351195 ], [ -16.280035844072181, 28.530106351809437 ], [ -16.279697280634103, 28.528728661559896 ], [ -16.284747441349666, 28.520021149495086 ], [ -16.284379689590821, 28.519530488156068 ], [ -16.285720772822177, 28.515941499867409 ], [ -16.285270503781632, 28.510909601644116 ], [ -16.284758213733593, 28.509950987490441 ], [ -16.280201704571908, 28.507805338312828 ], [ -16.277840524550577, 28.50637673124109 ], [ -16.27598540386613, 28.504092686230035 ], [ -16.275011991337294, 28.503914545628284 ], [ -16.271542555976946, 28.501751621371017 ], [ -16.271490701447128, 28.500249374707334 ], [ -16.270379276363141, 28.498727703321386 ], [ -16.271525429563685, 28.496248532461856 ], [ -16.271754778497378, 28.492796418304788 ], [ -16.272496428752696, 28.48952452908814 ], [ -16.278181287455023, 28.474026431186822 ], [ -16.282105062549782, 28.465611632773165 ], [ -16.289911597889098, 28.460167689800574 ], [ -16.293132655699186, 28.44180138899797 ], [ -16.294169262776002, 28.431972337850567 ], [ -16.296469089696664, 28.431611599897078 ], [ -16.299199540703889, 28.43551884640414 ], [ -16.299086095787683, 28.437306967238747 ], [ -16.300504258823093, 28.438128276207998 ], [ -16.300723742200127, 28.441515230162448 ], [ -16.298997463659298, 28.444024996265711 ], [ -16.299886523085693, 28.44559370055023 ], [ -16.303020677137294, 28.446285757835543 ], [ -16.305178102022751, 28.447422590815695 ], [ -16.307431459160352, 28.446911328548961 ], [ -16.309812257158182, 28.447576618681559 ], [ -16.311939487166857, 28.449516893409026 ], [ -16.314680821812939, 28.450169593646024 ], [ -16.318699415013604, 28.450187112239153 ], [ -16.321162627880177, 28.451027396088008 ], [ -16.324492482513865, 28.449961614834585 ], [ -16.326844255341648, 28.450410276001019 ], [ -16.327454084895312, 28.451737825761708 ], [ -16.3305145142321, 28.454848756107861 ], [ -16.333254211890612, 28.4552754576459 ], [ -16.337592299160775, 28.458120982653305 ], [ -16.339138845901861, 28.458473549149328 ], [ -16.341194879825292, 28.459897346143123 ], [ -16.342653026564935, 28.46229272326762 ], [ -16.345542565713963, 28.463922571664948 ], [ -16.353063065635911, 28.465059611852546 ], [ -16.359798575405591, 28.466671141037697 ], [ -16.363317254026089, 28.467256402701828 ], [ -16.36869867893348, 28.469205960065224 ], [ -16.37300709780542, 28.465444125144153 ], [ -16.373956468674741, 28.463731020453643 ], [ -16.376575590857524, 28.461301563558422 ], [ -16.37706331686897, 28.457219466487039 ], [ -16.379086143265436, 28.454475602687204 ], [ -16.381413216883271, 28.453811199402583 ], [ -16.382401478402144, 28.452627877691128 ], [ -16.382657010463266, 28.45038927379376 ], [ -16.383463743735145, 28.45107601751501 ], [ -16.38351335997374, 28.453318288383752 ], [ -16.380970419263502, 28.458242581902081 ], [ -16.379551982529655, 28.464495678556776 ], [ -16.378663399487007, 28.46606605630155 ], [ -16.377518965065754, 28.471240092648291 ], [ -16.372689445339397, 28.471832699525024 ], [ -16.373264688633093, 28.475441503371044 ], [ -16.374798598733147, 28.489699409845798 ], [ -16.375225435416393, 28.49189273381441 ], [ -16.380501803468817, 28.494634806079134 ], [ -16.385534291139095, 28.498947279150034 ], [ -16.388984718592194, 28.500299680131167 ], [ -16.393527479467178, 28.504447621592067 ], [ -16.392580956778424, 28.505041704623846 ], [ -16.399954113761591, 28.50980567909281 ], [ -16.403796801055993, 28.517446419903003 ], [ -16.405587935181199, 28.520437777647995 ], [ -16.411180803071485, 28.52668842500842 ] ], [ [ -16.358976530515744, 28.492162207193381 ], [ -16.358122105754177, 28.491254683492475 ], [ -16.354823849760955, 28.490716749915169 ], [ -16.351477737321051, 28.492108362805244 ], [ -16.349220984518777, 28.493563544489902 ], [ -16.348011189768936, 28.495385115417207 ], [ -16.34464795592541, 28.497812385136942 ], [ -16.340184890416101, 28.499548709093524 ], [ -16.336634929018199, 28.502232592084461 ], [ -16.335720936198367, 28.504470824754254 ], [ -16.33386132529041, 28.50494486822959 ], [ -16.32760367046377, 28.50897502410464 ], [ -16.324409729722451, 28.511709271466014 ], [ -16.321147658869219, 28.509502754288757 ], [ -16.319902169417198, 28.507612774342284 ], [ -16.315965263791824, 28.50833237119959 ], [ -16.315897875930268, 28.510311825084099 ], [ -16.307948179020464, 28.511940941535254 ], [ -16.300116675844517, 28.519139358907552 ], [ -16.298847170134469, 28.522199810997535 ], [ -16.297477262715891, 28.523404247698213 ], [ -16.297687103989698, 28.52452815387041 ], [ -16.29506559273716, 28.528003109911982 ], [ -16.295816517184154, 28.529918343701308 ], [ -16.293344993691587, 28.531045250050543 ], [ -16.292469679672109, 28.532542763691374 ], [ -16.293835491974814, 28.534727426528555 ], [ -16.298452804677709, 28.53462920381692 ], [ -16.301639807460582, 28.536417294193754 ], [ -16.303435801141699, 28.538164514596367 ], [ -16.307779191818774, 28.539228351346129 ], [ -16.309103016392577, 28.538940323140967 ], [ -16.312327076401679, 28.539931315416247 ], [ -16.314102379263232, 28.541279219577259 ], [ -16.318201580018055, 28.540849140842937 ], [ -16.31969892853127, 28.541107610037042 ], [ -16.321162101921281, 28.5431060153619 ], [ -16.323749906852594, 28.542724311417455 ], [ -16.326314547584467, 28.543121213191174 ], [ -16.329769190506941, 28.545181279078477 ], [ -16.33268771170674, 28.545671613015635 ], [ -16.338847568735627, 28.545728334192795 ], [ -16.343096599050309, 28.545095213135038 ], [ -16.343129654766521, 28.54276637903688 ], [ -16.346005753530978, 28.54318690100699 ], [ -16.348137381627197, 28.536159927284235 ], [ -16.349429467276646, 28.535532304415486 ], [ -16.352135374741319, 28.530623747380627 ], [ -16.351118308905122, 28.529069058550309 ], [ -16.353070041530085, 28.527747351770699 ], [ -16.357691096621235, 28.526026860439071 ], [ -16.365026714733265, 28.521412006369161 ], [ -16.367740381713315, 28.520148229843596 ], [ -16.371952273529146, 28.517462646567271 ], [ -16.372882063375283, 28.514693799760799 ], [ -16.371569173553702, 28.510878118707303 ], [ -16.371969991822699, 28.508665152941553 ], [ -16.371608701195317, 28.506875040368787 ], [ -16.372709219019359, 28.505316103776192 ], [ -16.372232889603048, 28.503172914490829 ], [ -16.373078198845089, 28.501830900842467 ], [ -16.371286515348601, 28.499021842480964 ], [ -16.366390869395488, 28.497135239805626 ], [ -16.365371319137246, 28.497371117040487 ], [ -16.363264905946174, 28.495066006532159 ], [ -16.362250047045922, 28.492950061683452 ], [ -16.360536789343463, 28.493141632676757 ], [ -16.358976530515744, 28.492162207193381 ] ] ] ] } },
{ "type": "Feature", "properties": { "geocode": "38024", "geopadre": "ES707A04", "etiqueta": "Los Llanos de Aridane", "notas": "Excmo. Ayuntamiento de Los Llanos De Aridane", "granularidad": "MUNICIPIOS", "gcd_provincia": "ES702", "gcd_isla": "ES707", "gcd_grancomarca": "ES707A0", "gcd_comarca": "ES707A06", "ign_sup": 3560.43, "ign_perim": 43852.0, "utm_x": 216743.97, "utm_y": 3168544.2, "longitud": -17.896776, "latitud": 28.613024, "utm_x_capi": 215261.44, "utm_y_capi": 3173645.86, "long_capi": -17.913192, "lati_capi": 28.65869 }, "geometry": { "type": "MultiPolygon", "coordinates": [ [ [ [ -17.918469814472729, 28.592007426160723 ], [ -17.917559345638146, 28.592372736057587 ], [ -17.908619326057586, 28.59244539179479 ], [ -17.904617435248447, 28.593415692002523 ], [ -17.907226769836591, 28.60132860473286 ], [ -17.909000410277283, 28.608311792383798 ], [ -17.910994810662586, 28.613945065754844 ], [ -17.911604995632167, 28.617226149598533 ], [ -17.912169512756137, 28.625761258712455 ], [ -17.913066832767555, 28.628710101053528 ], [ -17.915521928472518, 28.631560222488627 ], [ -17.91597463275178, 28.633093172654206 ], [ -17.922263454846611, 28.636423031587594 ], [ -17.924192781292852, 28.639885830111886 ], [ -17.924913566471417, 28.643972577902531 ], [ -17.924112444202692, 28.647702194605625 ], [ -17.927531753981416, 28.648351402829398 ], [ -17.929257489742831, 28.647822746269362 ], [ -17.933625909333834, 28.647643621854456 ], [ -17.93571462851385, 28.648851753455592 ], [ -17.942100568984291, 28.65080185238299 ], [ -17.937999018052903, 28.653487349821965 ], [ -17.936611316171749, 28.655277716682459 ], [ -17.934799289769991, 28.656348999057382 ], [ -17.934146554426519, 28.658275492382145 ], [ -17.936330640725771, 28.661061347713368 ], [ -17.938608205702, 28.662717041259114 ], [ -17.936762027700208, 28.663417756558186 ], [ -17.934618731423871, 28.665675874805551 ], [ -17.932223856868255, 28.671390673110182 ], [ -17.931569810772402, 28.67205111356655 ], [ -17.926813796674114, 28.674323674324956 ], [ -17.924231331902018, 28.674737291040678 ], [ -17.927204948626574, 28.67294515113479 ], [ -17.925329178482041, 28.66971834398997 ], [ -17.923147331131144, 28.66755302398948 ], [ -17.920604530930362, 28.671474946433282 ], [ -17.918867199768194, 28.669645994937802 ], [ -17.91544923974033, 28.670392749690144 ], [ -17.912497018339895, 28.67185665791029 ], [ -17.9116569182743, 28.672807462343361 ], [ -17.90939473597237, 28.672192128635942 ], [ -17.907362863320614, 28.670440648356589 ], [ -17.904702952782383, 28.669461949533069 ], [ -17.905181600762823, 28.667700382148738 ], [ -17.901533853050456, 28.663720638185673 ], [ -17.89562800965756, 28.661603602771642 ], [ -17.892516816771789, 28.662576300249917 ], [ -17.889130885154888, 28.659495331121825 ], [ -17.892013033825609, 28.657742124309838 ], [ -17.895123597327757, 28.657259515747249 ], [ -17.897437193270406, 28.65779856493468 ], [ -17.905709271645502, 28.65603952785742 ], [ -17.904486715767831, 28.654392538085162 ], [ -17.902779910913921, 28.653825260421009 ], [ -17.900499217461292, 28.650884337955578 ], [ -17.901099922885006, 28.649059769499825 ], [ -17.899849064254752, 28.646389908683151 ], [ -17.897817566270088, 28.645209468263044 ], [ -17.896928433157232, 28.641031322893156 ], [ -17.894739611131133, 28.637967532404552 ], [ -17.894322010630937, 28.636317106768697 ], [ -17.89174373344802, 28.633197175481239 ], [ -17.889609600630525, 28.633604177456267 ], [ -17.88802135150506, 28.632643312804937 ], [ -17.887586984954751, 28.630909689307675 ], [ -17.885828847227923, 28.628808652855096 ], [ -17.88463502131615, 28.623681457055397 ], [ -17.885587750823941, 28.621897343835563 ], [ -17.884519823918797, 28.620090696230154 ], [ -17.885238601479596, 28.6171431758853 ], [ -17.882885545936489, 28.614609151560092 ], [ -17.88342940869633, 28.610231500267975 ], [ -17.88313445732981, 28.606399294529567 ], [ -17.881149450366092, 28.603216773745306 ], [ -17.880605226565233, 28.600840674621253 ], [ -17.880889691479126, 28.599242547281072 ], [ -17.880200385015549, 28.596567352302383 ], [ -17.878605704546253, 28.595357336611482 ], [ -17.879791476308277, 28.591131393709261 ], [ -17.879421628963396, 28.58997382921272 ], [ -17.880781319330019, 28.584296427527445 ], [ -17.880719866307679, 28.581921586390415 ], [ -17.879828805801136, 28.581204770407737 ], [ -17.88012056671106, 28.578530264785886 ], [ -17.877804828217691, 28.573342234897428 ], [ -17.876730835774126, 28.569425309026915 ], [ -17.876378344843243, 28.565350912395797 ], [ -17.875696191586187, 28.563625743753043 ], [ -17.87644118256954, 28.559762681484262 ], [ -17.874541227674129, 28.554524794000692 ], [ -17.878649569288214, 28.553305445584677 ], [ -17.880331998485072, 28.553529643475656 ], [ -17.885345211793119, 28.551416180929852 ], [ -17.887645412989116, 28.551600392967945 ], [ -17.889123727579925, 28.552113813457538 ], [ -17.889973213094546, 28.55374662970549 ], [ -17.891706967412002, 28.554444806419401 ], [ -17.8933045505681, 28.55669509604402 ], [ -17.893778232138757, 28.560582449982292 ], [ -17.896365328957803, 28.564597704375526 ], [ -17.897434195892682, 28.565154512646327 ], [ -17.898036173736838, 28.568741898122418 ], [ -17.899054153663027, 28.571505315362629 ], [ -17.900225015930168, 28.572599505946538 ], [ -17.903632440076795, 28.573024313579399 ], [ -17.905612638935889, 28.574032926252539 ], [ -17.9068765993858, 28.575584547461084 ], [ -17.906617489530756, 28.577765592915934 ], [ -17.907550510584816, 28.579799031646004 ], [ -17.909839411873467, 28.582405234965535 ], [ -17.911253111739097, 28.586567039468687 ], [ -17.915424124806297, 28.59021705975859 ], [ -17.917838189023758, 28.59111198905655 ], [ -17.918469814472729, 28.592007426160723 ] ] ] ] } },
{ "type": "Feature", "properties": { "geocode": "38025", "geopadre": "ES709A21", "etiqueta": "La Matanza de Acentejo", "notas": "Ilustre Ayuntamiento de La Villa de La Matanza de Acentejo", "granularidad": "MUNICIPIOS", "gcd_provincia": "ES702", "gcd_isla": "ES709", "gcd_grancomarca": "ES709A2", "gcd_comarca": "ES709A21", "ign_sup": 1405.07, "ign_perim": 23596.0, "utm_x": 359084.6, "utm_y": 3146506.77, "longitud": -16.438966, "latitud": 28.437464, "utm_x_capi": 357303.9, "utm_y_capi": 3147701.69, "long_capi": -16.457292, "lati_capi": 28.448053 }, "geometry": { "type": "MultiPolygon", "coordinates": [ [ [ [ -16.474767187428014, 28.442886723268629 ], [ -16.474460563527259, 28.444506204485478 ], [ -16.473059223126544, 28.445004467394817 ], [ -16.472153114152039, 28.446994771311857 ], [ -16.46997411471926, 28.448650902739612 ], [ -16.470714019517374, 28.450719854552794 ], [ -16.473023889695668, 28.451604121616136 ], [ -16.474476592235238, 28.453713559922921 ], [ -16.473037191730075, 28.454066455924909 ], [ -16.47137110728962, 28.455749682082512 ], [ -16.469857379346251, 28.454533511722552 ], [ -16.467404834244245, 28.455397605632822 ], [ -16.467047031286764, 28.457556849542499 ], [ -16.46543142527014, 28.459439592441939 ], [ -16.461400919790165, 28.458120601858873 ], [ -16.459319130885664, 28.457944435962006 ], [ -16.45561494902028, 28.460269286400319 ], [ -16.454965434464583, 28.462525621587016 ], [ -16.455698356455766, 28.464054290955524 ], [ -16.455171072043896, 28.465934063909863 ], [ -16.450724271302821, 28.463974010758726 ], [ -16.449345917301585, 28.46156997933473 ], [ -16.447291146723952, 28.459430345862483 ], [ -16.445513502817171, 28.456730433140155 ], [ -16.441939799686136, 28.454327065508998 ], [ -16.439145688117744, 28.453348094419905 ], [ -16.438686668869853, 28.452396285206632 ], [ -16.434868048302928, 28.450360830622959 ], [ -16.43263463171763, 28.450294115586928 ], [ -16.430643334516571, 28.449367428202194 ], [ -16.427918360644853, 28.445465595411633 ], [ -16.427487970742529, 28.442500830449159 ], [ -16.426276576569979, 28.440945408845863 ], [ -16.422246837342048, 28.439060708120902 ], [ -16.420016513015469, 28.437511359176984 ], [ -16.4181447259724, 28.433604914840334 ], [ -16.416671929164526, 28.431880644145917 ], [ -16.413535392143718, 28.424808150291387 ], [ -16.411128551920577, 28.421006422730365 ], [ -16.408804320039241, 28.418867843150078 ], [ -16.408723268856598, 28.413974160822107 ], [ -16.415569547650023, 28.41027218937106 ], [ -16.417364874434522, 28.409028339230289 ], [ -16.418729645919985, 28.409014127762767 ], [ -16.418343254839169, 28.410922476615845 ], [ -16.418741337785203, 28.412811371453376 ], [ -16.416206105572417, 28.415055713283152 ], [ -16.416838080109972, 28.416542813890892 ], [ -16.419558424308484, 28.420043339528259 ], [ -16.423248744934583, 28.423443415108018 ], [ -16.424336234284624, 28.425223543815271 ], [ -16.42628125862894, 28.426782587997831 ], [ -16.430884876194753, 28.427291579500373 ], [ -16.432393179795831, 28.426925990502557 ], [ -16.434413199308409, 28.427978715253534 ], [ -16.43788377430192, 28.428285054991129 ], [ -16.440391507544174, 28.428946710177502 ], [ -16.442288844351712, 28.430237523180292 ], [ -16.44382753989996, 28.430277617251253 ], [ -16.446777521287153, 28.431780567600654 ], [ -16.452350961012307, 28.435904356893058 ], [ -16.453979740590064, 28.4360629553513 ], [ -16.458243719401505, 28.437594472148689 ], [ -16.459157622606863, 28.438297659866425 ], [ -16.462277513690097, 28.438620663444635 ], [ -16.464740384460274, 28.440421758585249 ], [ -16.467696193799011, 28.440687738664128 ], [ -16.469538718238077, 28.441944902494253 ], [ -16.474767187428014, 28.442886723268629 ] ] ] ] } },
{ "type": "Feature", "properties": { "geocode": "38026", "geopadre": "ES709A24", "etiqueta": "La Orotava", "notas": "Excelentísimo Ayuntamiento de La Villa de La Orotava", "granularidad": "MUNICIPIOS", "gcd_provincia": "ES702", "gcd_isla": "ES709", "gcd_grancomarca": "ES709A2", "gcd_comarca": "ES709A24", "ign_sup": 20688.7, "ign_perim": 86379.0, "utm_x": 349840.58, "utm_y": 3132674.64, "longitud": -16.53154, "latitud": 28.311618, "utm_x_capi": 350611.0, "utm_y_capi": 3141259.71, "long_capi": -16.524791, "lati_capi": 28.389174 }, "geometry": { "type": "MultiPolygon", "coordinates": [ [ [ [ -16.641007784489979, 28.298844532642487 ], [ -16.607650825772641, 28.306727615909157 ], [ -16.592141853875219, 28.314005280513825 ], [ -16.563811185775801, 28.311210210280844 ], [ -16.562417241408284, 28.314479697239296 ], [ -16.562880092062503, 28.31579430670369 ], [ -16.561432982837708, 28.320447477215794 ], [ -16.557879277921156, 28.322455552887238 ], [ -16.55511285920598, 28.325219439004734 ], [ -16.554287363210101, 28.32546124023763 ], [ -16.552798321615072, 28.328140579923502 ], [ -16.552884290952683, 28.329581349714406 ], [ -16.550964668353998, 28.333806594947156 ], [ -16.552733684558181, 28.336475925981759 ], [ -16.553446421702041, 28.338753395952629 ], [ -16.555403379166783, 28.340484201118574 ], [ -16.555889073048874, 28.342969562811312 ], [ -16.555286602332405, 28.344831073242922 ], [ -16.555808130222015, 28.346711349612807 ], [ -16.557288856831526, 28.348258028473136 ], [ -16.556624137487919, 28.352080934169226 ], [ -16.557541242105085, 28.357140247016225 ], [ -16.558883215173694, 28.358408712442326 ], [ -16.558448205056415, 28.361520534350685 ], [ -16.55954871604283, 28.3630173752051 ], [ -16.560572481676221, 28.36589139193994 ], [ -16.560111104917617, 28.367852834574361 ], [ -16.561456070937478, 28.370337347036742 ], [ -16.561169320020323, 28.374250694003923 ], [ -16.561383552716773, 28.378993107133986 ], [ -16.562136912136285, 28.381330958228904 ], [ -16.561578616779606, 28.385385043769549 ], [ -16.558545529903277, 28.390184943311453 ], [ -16.555815868172825, 28.393526042687004 ], [ -16.554363686200105, 28.397651226025804 ], [ -16.549021688650605, 28.397324009028928 ], [ -16.546620724060698, 28.397789002825931 ], [ -16.538150030579391, 28.396986936743914 ], [ -16.53659970050964, 28.398538681753418 ], [ -16.534798677475926, 28.403125629032651 ], [ -16.533081436605755, 28.405477928244803 ], [ -16.530612594921379, 28.406342765781691 ], [ -16.527432384791005, 28.406161872368468 ], [ -16.519750080815072, 28.407648952870289 ], [ -16.520467776023139, 28.409926524351985 ], [ -16.522370597884624, 28.410667877107077 ], [ -16.523185291828131, 28.414011552247079 ], [ -16.522719829498392, 28.416327156664696 ], [ -16.523322333000763, 28.417327394180983 ], [ -16.521772744597421, 28.418201710053609 ], [ -16.519631081377383, 28.418156945524601 ], [ -16.517374998157649, 28.41947821596499 ], [ -16.515116104884157, 28.418924184841622 ], [ -16.511451252452982, 28.419880490153595 ], [ -16.507750049984789, 28.421872036071754 ], [ -16.503177707908335, 28.424786482521593 ], [ -16.503793014528561, 28.421749472708218 ], [ -16.507337286893417, 28.417533946514084 ], [ -16.508071552655398, 28.415253765268638 ], [ -16.506756427888664, 28.41418080912338 ], [ -16.508955292500925, 28.411661038484848 ], [ -16.505923809956055, 28.407188847914501 ], [ -16.504735770098463, 28.407335099719532 ], [ -16.502536897982694, 28.405425761459547 ], [ -16.496560830941924, 28.403217246895917 ], [ -16.495648039307504, 28.401656911698986 ], [ -16.49371146331228, 28.400577104770598 ], [ -16.492320028458341, 28.397995389952971 ], [ -16.48928463521316, 28.395605374633966 ], [ -16.48824831643357, 28.393683073829699 ], [ -16.485848877919882, 28.392398370147177 ], [ -16.484457197251103, 28.392386466851551 ], [ -16.482009896631968, 28.389856748766313 ], [ -16.479858137620642, 28.388918963579084 ], [ -16.477917332543111, 28.389023513593067 ], [ -16.476022776002971, 28.387931704991313 ], [ -16.475119334143745, 28.384342716322177 ], [ -16.471659075678659, 28.381058879266224 ], [ -16.471767533722183, 28.379929563935644 ], [ -16.46931294548672, 28.377406445322688 ], [ -16.467583325581181, 28.374074489866956 ], [ -16.465944402283252, 28.372553336573798 ], [ -16.463561458433283, 28.371881751570424 ], [ -16.464974629033399, 28.368881491106738 ], [ -16.464372001344024, 28.367119030866132 ], [ -16.464642646578827, 28.364467231056665 ], [ -16.466453439819968, 28.361268641525676 ], [ -16.466484405445904, 28.358581058485324 ], [ -16.468071545823086, 28.355150199357745 ], [ -16.471085136171379, 28.352726043392277 ], [ -16.473394746638203, 28.352917710107665 ], [ -16.476282857100067, 28.352175738378396 ], [ -16.477208302347325, 28.350949573217719 ], [ -16.481614804240586, 28.347772287817374 ], [ -16.48224891052061, 28.345224811487128 ], [ -16.481713308133251, 28.341433289429208 ], [ -16.484700098156875, 28.334890498256456 ], [ -16.485718736078759, 28.332217882221553 ], [ -16.485051881469641, 28.330611892064116 ], [ -16.488214605904258, 28.328169960319713 ], [ -16.490247463392336, 28.324873887077036 ], [ -16.492267484135979, 28.323793606676755 ], [ -16.493750361521251, 28.320977320151798 ], [ -16.494854348698144, 28.317373210369798 ], [ -16.496140394005916, 28.315897038020616 ], [ -16.498623139858992, 28.314353567082939 ], [ -16.49932381261716, 28.311502941600473 ], [ -16.499121679751983, 28.309133796938493 ], [ -16.502244293595098, 28.307147770147591 ], [ -16.505612457398783, 28.304186504320402 ], [ -16.509205131401412, 28.303350359499436 ], [ -16.511329937568501, 28.301339059844 ], [ -16.514349619666511, 28.302512709155927 ], [ -16.516785072723714, 28.304010918969226 ], [ -16.521972250861552, 28.302928828991938 ], [ -16.523233797009141, 28.302075420363128 ], [ -16.523831897029513, 28.298808416320668 ], [ -16.525526577125859, 28.297250704804071 ], [ -16.531156580968261, 28.294990061553797 ], [ -16.532934289060055, 28.290277050911811 ], [ -16.533198922336144, 28.287954622930176 ], [ -16.53774939979175, 28.287109244343768 ], [ -16.541589413175714, 28.285852070663317 ], [ -16.545082847307278, 28.282421406889416 ], [ -16.54751912598946, 28.28120476526081 ], [ -16.546794288124257, 28.278469345230452 ], [ -16.54565388341965, 28.277663227139502 ], [ -16.54540551278404, 28.275531599013167 ], [ -16.546188410736523, 28.274196047653881 ], [ -16.544411003654847, 28.270768560595837 ], [ -16.546030309733048, 28.264173187409714 ], [ -16.550001360303455, 28.26455011816077 ], [ -16.549590733276197, 28.260937960284121 ], [ -16.548844326437653, 28.260095805528852 ], [ -16.549408224850652, 28.257767699602187 ], [ -16.550986521984655, 28.25578683045881 ], [ -16.551922866006368, 28.251468959832724 ], [ -16.55454353904226, 28.248657181661919 ], [ -16.559019918539189, 28.246961366701338 ], [ -16.560377202929182, 28.244326339238221 ], [ -16.56501934692302, 28.242660029890853 ], [ -16.566128167678443, 28.240819746771638 ], [ -16.568996884766218, 28.239223251871501 ], [ -16.572021419529069, 28.238572542008733 ], [ -16.575937429935465, 28.236587060943194 ], [ -16.578114448368169, 28.236392727758844 ], [ -16.57936758644551, 28.234792098854967 ], [ -16.580407513368364, 28.232210190150909 ], [ -16.582982774822106, 28.229596970200365 ], [ -16.585732473428486, 28.228495637719888 ], [ -16.586701340926542, 28.227539022131523 ], [ -16.587337885302496, 28.225214447204419 ], [ -16.592098042652246, 28.222187606945191 ], [ -16.593431842603351, 28.220211377560723 ], [ -16.599023244664931, 28.218977372957951 ], [ -16.599787430044959, 28.21810203133823 ], [ -16.610106725907869, 28.217301803357014 ], [ -16.61874815365109, 28.213726490302221 ], [ -16.62058005938929, 28.212939035507251 ], [ -16.622362986938253, 28.209045749272779 ], [ -16.621858451689036, 28.206944392408165 ], [ -16.623660287646608, 28.205946061992456 ], [ -16.625669397001548, 28.205791339848272 ], [ -16.627377943997043, 28.203598257907718 ], [ -16.633987246895487, 28.201746071536945 ], [ -16.637575273601492, 28.199753778243128 ], [ -16.640106560416026, 28.199989696003254 ], [ -16.643526152861412, 28.198464055777375 ], [ -16.647810043691905, 28.198667487357067 ], [ -16.652765505860685, 28.200516494272446 ], [ -16.658177977185989, 28.200469055888743 ], [ -16.660359997120516, 28.201358758776863 ], [ -16.661077014019966, 28.20150785623542 ], [ -16.662167442706611, 28.204556315161891 ], [ -16.66381980357653, 28.205937346399075 ], [ -16.666546651816518, 28.207212765284066 ], [ -16.669972607579748, 28.207049150052413 ], [ -16.672823044871492, 28.208444767507192 ], [ -16.675072910827126, 28.208665420225831 ], [ -16.679193148300939, 28.212788903284657 ], [ -16.68081807494919, 28.212782482551734 ], [ -16.683865080343192, 28.249455734233766 ], [ -16.679321789597868, 28.26881794432796 ], [ -16.67516169265528, 28.271292180753516 ], [ -16.671376926075997, 28.292059472069305 ], [ -16.641007784489979, 28.298844532642487 ] ] ] ] } },
{ "type": "Feature", "properties": { "geocode": "38027", "geopadre": "ES707A04", "etiqueta": "El Paso", "notas": "Ayuntamiento de El Paso", "granularidad": "MUNICIPIOS", "gcd_provincia": "ES702", "gcd_isla": "ES707", "gcd_grancomarca": "ES707A0", "gcd_comarca": "ES707A07", "ign_sup": 13594.0, "ign_perim": 65038.0, "utm_x": 220596.21, "utm_y": 3173428.22, "longitud": -17.858615, "latitud": 28.65789, "utm_x_capi": 218456.63, "utm_y_capi": 3172829.69, "long_capi": -17.880335, "lati_capi": 28.652031 }, "geometry": { "type": "MultiPolygon", "coordinates": [ [ [ [ -17.924231331902018, 28.674737291040678 ], [ -17.921548268764091, 28.676814830037095 ], [ -17.920929116680618, 28.683532221913705 ], [ -17.921047911369897, 28.685108429361101 ], [ -17.922815565942056, 28.687287451516045 ], [ -17.923484729073252, 28.691451416581117 ], [ -17.924136547213568, 28.692787527513509 ], [ -17.922139218873415, 28.694818074053678 ], [ -17.921912567877882, 28.696961848840079 ], [ -17.920046543485288, 28.698298763010587 ], [ -17.919937200289077, 28.699379764872859 ], [ -17.91746517378381, 28.701066474007785 ], [ -17.915367573968201, 28.70381825648845 ], [ -17.915970800558711, 28.70524410315587 ], [ -17.91393562754693, 28.706734276985074 ], [ -17.911686313148124, 28.709377762927996 ], [ -17.911889909999488, 28.710440702181362 ], [ -17.910445433546954, 28.71287407491285 ], [ -17.908965776494195, 28.714087049141096 ], [ -17.908299108351915, 28.716364959083663 ], [ -17.90955255890411, 28.717759781130898 ], [ -17.908889910932828, 28.720706453052134 ], [ -17.906666268003995, 28.722504865789265 ], [ -17.905062537256978, 28.724712217802637 ], [ -17.904814238627804, 28.727216978187133 ], [ -17.90249495970621, 28.729209757184751 ], [ -17.901414024720093, 28.731263714268248 ], [ -17.902270375736204, 28.73354632952864 ], [ -17.90198790839969, 28.735218627312936 ], [ -17.900329368217147, 28.736653914089516 ], [ -17.899635753341791, 28.738385989375583 ], [ -17.899789392699553, 28.740267397305132 ], [ -17.899369796316865, 28.742783052123617 ], [ -17.895625595000279, 28.744990429386153 ], [ -17.896284342436079, 28.746688404987765 ], [ -17.892695194643817, 28.748591491089531 ], [ -17.891544223012648, 28.750014900951982 ], [ -17.890224022891424, 28.750052985134939 ], [ -17.888094095238067, 28.753210167009509 ], [ -17.88485332815269, 28.754305457529664 ], [ -17.882243784504936, 28.758744569894283 ], [ -17.878840027110975, 28.759879094942455 ], [ -17.876341765519097, 28.762280685284939 ], [ -17.874253349694751, 28.761780340645405 ], [ -17.87038591109253, 28.759852523919246 ], [ -17.868670056923587, 28.760897238555433 ], [ -17.866008639303988, 28.761375729563493 ], [ -17.864563686464987, 28.760843414733351 ], [ -17.863114925064245, 28.759858532648895 ], [ -17.860770019448974, 28.759827798921428 ], [ -17.85941420069765, 28.759025658254473 ], [ -17.858908019619534, 28.75750093678926 ], [ -17.857061336040619, 28.757424147040073 ], [ -17.854687983076804, 28.755889422868311 ], [ -17.853376724157556, 28.754341578171449 ], [ -17.851817184947276, 28.753463105798325 ], [ -17.849603660050342, 28.750119357697056 ], [ -17.845499086531113, 28.749622955150297 ], [ -17.838810067077297, 28.746401360270379 ], [ -17.838328994299896, 28.743616010571191 ], [ -17.83534973726924, 28.741765223791276 ], [ -17.835097291283418, 28.738231102621565 ], [ -17.835590180228575, 28.735087083275069 ], [ -17.835086066583433, 28.732682312618088 ], [ -17.835636011046564, 28.731766527459477 ], [ -17.835551272131681, 28.72692049324807 ], [ -17.838375361532702, 28.72432676594083 ], [ -17.837336697153759, 28.721587686897006 ], [ -17.837396319962934, 28.718756444538819 ], [ -17.838251338642728, 28.716557885830795 ], [ -17.840245936863717, 28.716036834125255 ], [ -17.843490657350806, 28.713040006951339 ], [ -17.843117908830241, 28.71197736006814 ], [ -17.844343904347852, 28.710129760094876 ], [ -17.844170288479539, 28.708793885201267 ], [ -17.845327815859708, 28.706035718625287 ], [ -17.845494000682997, 28.704184262258902 ], [ -17.84327945545645, 28.702761503511955 ], [ -17.841565299697596, 28.700081984000839 ], [ -17.8391016236186, 28.697309860727305 ], [ -17.836849202381522, 28.695558643669425 ], [ -17.835827121068409, 28.693664091493574 ], [ -17.835705194147746, 28.691655139202837 ], [ -17.833736801674995, 28.690315847178425 ], [ -17.833446734161122, 28.688534525504501 ], [ -17.833564654287528, 28.687544114105183 ], [ -17.832156506948262, 28.684904408650894 ], [ -17.829907806125757, 28.682924425328899 ], [ -17.82963117813134, 28.681831121611591 ], [ -17.830329437164139, 28.677965794571112 ], [ -17.829741860333353, 28.675708856158838 ], [ -17.827967655766852, 28.672959327092084 ], [ -17.827817007756639, 28.669790375302821 ], [ -17.826194282802938, 28.665959084491568 ], [ -17.826638566740982, 28.663499560755444 ], [ -17.825416095606119, 28.659571820855753 ], [ -17.825833882841636, 28.657582856334919 ], [ -17.824816939505087, 28.65343183957528 ], [ -17.825362938490674, 28.651805357525184 ], [ -17.825195134142476, 28.648864649349321 ], [ -17.825768702515802, 28.648061302283807 ], [ -17.824887196533428, 28.645430218141264 ], [ -17.824940102516297, 28.642626162457276 ], [ -17.824398765260213, 28.641723880926381 ], [ -17.824896235174972, 28.638345336279983 ], [ -17.826788017334223, 28.63071603914501 ], [ -17.830067672670637, 28.625218729655614 ], [ -17.831387413518964, 28.624169260798581 ], [ -17.832265711929711, 28.622243393556772 ], [ -17.833052909010522, 28.618433508297223 ], [ -17.835238975790471, 28.616126150753569 ], [ -17.83453729794017, 28.612549535194194 ], [ -17.835826498738243, 28.608942701292264 ], [ -17.837569182070336, 28.607926428381713 ], [ -17.839359245450424, 28.605872909827838 ], [ -17.840891419910726, 28.605132048284876 ], [ -17.840973113001827, 28.602711771702847 ], [ -17.839490602825961, 28.599954667135538 ], [ -17.84091254945416, 28.598607237262822 ], [ -17.840576773597334, 28.596556621393113 ], [ -17.83816195971897, 28.594107066324426 ], [ -17.837113698110279, 28.591052490687812 ], [ -17.838638222703302, 28.589652038168332 ], [ -17.837310379870377, 28.588565973836669 ], [ -17.83806441274065, 28.587316917143731 ], [ -17.838231733536631, 28.584297731423781 ], [ -17.83665533158841, 28.582501374089347 ], [ -17.836869533119511, 28.579886289974624 ], [ -17.838533745448622, 28.578490677582238 ], [ -17.838381744433363, 28.577341927618566 ], [ -17.836399563911762, 28.576121939499256 ], [ -17.838844751664446, 28.575376267561332 ], [ -17.838068454291825, 28.573279370051537 ], [ -17.838012213070499, 28.570563646668941 ], [ -17.839298414104693, 28.569130442910783 ], [ -17.838244968888127, 28.565794246170977 ], [ -17.837001624573933, 28.563917154002084 ], [ -17.837875583840393, 28.56280800873083 ], [ -17.836586316045604, 28.560476108703142 ], [ -17.838564650611676, 28.555670404787474 ], [ -17.853855120020199, 28.553479428499209 ], [ -17.857065101550834, 28.554178072017326 ], [ -17.861620173466942, 28.554570897821066 ], [ -17.874541227674129, 28.554524794000692 ], [ -17.87644118256954, 28.559762681484262 ], [ -17.875696191586187, 28.563625743753043 ], [ -17.876378344843243, 28.565350912395797 ], [ -17.876730835774126, 28.569425309026915 ], [ -17.877804828217691, 28.573342234897428 ], [ -17.88012056671106, 28.578530264785886 ], [ -17.879828805801136, 28.581204770407737 ], [ -17.880719866307679, 28.581921586390415 ], [ -17.880781319330019, 28.584296427527445 ], [ -17.879421628963396, 28.58997382921272 ], [ -17.879791476308277, 28.591131393709261 ], [ -17.878605704546253, 28.595357336611482 ], [ -17.880200385015549, 28.596567352302383 ], [ -17.880889691479126, 28.599242547281072 ], [ -17.880605226565233, 28.600840674621253 ], [ -17.881149450366092, 28.603216773745306 ], [ -17.88313445732981, 28.606399294529567 ], [ -17.88342940869633, 28.610231500267975 ], [ -17.882885545936489, 28.614609151560092 ], [ -17.885238601479596, 28.6171431758853 ], [ -17.884519823918797, 28.620090696230154 ], [ -17.885587750823941, 28.621897343835563 ], [ -17.88463502131615, 28.623681457055397 ], [ -17.885828847227923, 28.628808652855096 ], [ -17.887586984954751, 28.630909689307675 ], [ -17.88802135150506, 28.632643312804937 ], [ -17.889609600630525, 28.633604177456267 ], [ -17.89174373344802, 28.633197175481239 ], [ -17.894322010630937, 28.636317106768697 ], [ -17.894739611131133, 28.637967532404552 ], [ -17.896928433157232, 28.641031322893156 ], [ -17.897817566270088, 28.645209468263044 ], [ -17.899849064254752, 28.646389908683151 ], [ -17.901099922885006, 28.649059769499825 ], [ -17.900499217461292, 28.650884337955578 ], [ -17.902779910913921, 28.653825260421009 ], [ -17.904486715767831, 28.654392538085162 ], [ -17.905709271645502, 28.65603952785742 ], [ -17.897437193270406, 28.65779856493468 ], [ -17.895123597327757, 28.657259515747249 ], [ -17.892013033825609, 28.657742124309838 ], [ -17.889130885154888, 28.659495331121825 ], [ -17.892516816771789, 28.662576300249917 ], [ -17.89562800965756, 28.661603602771642 ], [ -17.901533853050456, 28.663720638185673 ], [ -17.905181600762823, 28.667700382148738 ], [ -17.904702952782383, 28.669461949533069 ], [ -17.907362863320614, 28.670440648356589 ], [ -17.90939473597237, 28.672192128635942 ], [ -17.9116569182743, 28.672807462343361 ], [ -17.912497018339895, 28.67185665791029 ], [ -17.91544923974033, 28.670392749690144 ], [ -17.918867199768194, 28.669645994937802 ], [ -17.920604530930362, 28.671474946433282 ], [ -17.923147331131144, 28.66755302398948 ], [ -17.925329178482041, 28.66971834398997 ], [ -17.927204948626574, 28.67294515113479 ], [ -17.924231331902018, 28.674737291040678 ] ] ] ] } },
{ "type": "Feature", "properties": { "geocode": "38028", "geopadre": "ES709A24", "etiqueta": "Puerto de la Cruz", "notas": "Excelentísimo Ayuntamiento La Ciudad del Puerto de La Cruz", "granularidad": "MUNICIPIOS", "gcd_provincia": "ES702", "gcd_isla": "ES709", "gcd_grancomarca": "ES709A2", "gcd_comarca": "ES709A24", "ign_sup": 882.59, "ign_perim": 17985.0, "utm_x": 348054.3, "utm_y": 3143118.44, "longitud": -16.551124, "latitud": 28.405652, "utm_x_capi": 348317.86, "utm_y_capi": 3144478.12, "long_capi": -16.548613, "lati_capi": 28.417952 }, "geometry": { "type": "MultiPolygon", "coordinates": [ [ [ [ -16.570491599279904, 28.408193393952747 ], [ -16.569694801254609, 28.407958849603077 ], [ -16.566464486387023, 28.41024593589496 ], [ -16.566393938270686, 28.412130938090346 ], [ -16.564180681399293, 28.411268204336437 ], [ -16.562248997257434, 28.411389284348388 ], [ -16.558931843135714, 28.414248516360118 ], [ -16.559057123173137, 28.414905575363104 ], [ -16.555361927627715, 28.418671887203892 ], [ -16.550551697461621, 28.419264027931639 ], [ -16.54807868517198, 28.418729358457149 ], [ -16.547411202385174, 28.417272498039207 ], [ -16.545462648391116, 28.417784928353267 ], [ -16.545124123000342, 28.419393413447189 ], [ -16.543199877554347, 28.421097604756618 ], [ -16.541146904933122, 28.420098587637817 ], [ -16.541481243322306, 28.418609016814095 ], [ -16.539794876078851, 28.416789140085818 ], [ -16.535961142853228, 28.417113363691623 ], [ -16.533176938203084, 28.416604212684767 ], [ -16.529942618337394, 28.418044565422218 ], [ -16.528443786418148, 28.417451744980728 ], [ -16.525636783351214, 28.418157710317448 ], [ -16.523322333000763, 28.417327394180983 ], [ -16.522719829498392, 28.416327156664696 ], [ -16.523185291828131, 28.414011552247079 ], [ -16.522370597884624, 28.410667877107077 ], [ -16.520467776023139, 28.409926524351985 ], [ -16.519750080815072, 28.407648952870289 ], [ -16.527432384791005, 28.406161872368468 ], [ -16.530612594921379, 28.406342765781691 ], [ -16.533081436605755, 28.405477928244803 ], [ -16.534798677475926, 28.403125629032651 ], [ -16.53659970050964, 28.398538681753418 ], [ -16.538150030579391, 28.396986936743914 ], [ -16.546620724060698, 28.397789002825931 ], [ -16.549021688650605, 28.397324009028928 ], [ -16.554363686200105, 28.397651226025804 ], [ -16.555815868172825, 28.393526042687004 ], [ -16.558545529903277, 28.390184943311453 ], [ -16.558008749524657, 28.393780752747798 ], [ -16.559706893091565, 28.394191177403851 ], [ -16.56360063510326, 28.393500083314919 ], [ -16.564187856612737, 28.396002269761922 ], [ -16.566879915116456, 28.398119258368077 ], [ -16.568370818952584, 28.401053243356834 ], [ -16.568782264410434, 28.403455897113417 ], [ -16.570491599279904, 28.408193393952747 ] ] ] ] } },
{ "type": "Feature", "properties": { "geocode": "38029", "geopadre": "ES707A03", "etiqueta": "Puntagorda", "notas": "Ayuntamiento de Puntagorda", "granularidad": "MUNICIPIOS", "gcd_provincia": "ES702", "gcd_isla": "ES707", "gcd_grancomarca": "ES707A0", "gcd_comarca": "ES707A05", "ign_sup": 3080.58, "ign_perim": 37105.0, "utm_x": 209068.61, "utm_y": 3185943.27, "longitud": -17.979625, "latitud": 28.768163, "utm_x_capi": 209035.1, "utm_y_capi": 3185699.71, "long_capi": -17.979906, "lati_capi": 28.76596 }, "geometry": { "type": "MultiPolygon", "coordinates": [ [ [ [ -17.991814955846689, 28.740248499724121 ], [ -17.993322118051751, 28.741042379593061 ], [ -17.994494699039073, 28.74399954603339 ], [ -18.000448033256443, 28.747194037133152 ], [ -18.000941661806554, 28.751783971619361 ], [ -18.002630215104329, 28.753138341158252 ], [ -18.004765414839682, 28.753279626105197 ], [ -18.005148148185086, 28.755856122019932 ], [ -18.007175051118722, 28.757800984663149 ], [ -18.004262874300512, 28.760411680917937 ], [ -18.003663982358749, 28.762814293836307 ], [ -18.003993953196094, 28.765330991574427 ], [ -18.006362369741712, 28.769856808192401 ], [ -18.006060150336857, 28.771701338331294 ], [ -18.006700938269436, 28.775046130511868 ], [ -18.005776373632383, 28.780207692353947 ], [ -18.004563954793664, 28.783709810127345 ], [ -18.005086716811203, 28.784820040097479 ], [ -18.003004365858381, 28.785975668563921 ], [ -18.000228699879177, 28.786492242183094 ], [ -17.9984808913966, 28.787471149510576 ], [ -17.998288844368673, 28.788728985713295 ], [ -17.996284538569846, 28.790156464624381 ], [ -17.996644498154378, 28.792288087939255 ], [ -17.995293652515553, 28.794046797308607 ], [ -17.994951584962124, 28.796086180413187 ], [ -17.990326815477431, 28.794987232612478 ], [ -17.9880237423646, 28.795645946353964 ], [ -17.986305667321218, 28.794375955337657 ], [ -17.984148432434115, 28.794920760726392 ], [ -17.982377617834221, 28.793891721322769 ], [ -17.982100442258897, 28.792162647945013 ], [ -17.980312880741863, 28.788485234178495 ], [ -17.977362797868448, 28.787476569789835 ], [ -17.977070513091281, 28.786152163501978 ], [ -17.975116551025081, 28.785451135997857 ], [ -17.974688433870956, 28.782994590715887 ], [ -17.973704557505254, 28.781768850759011 ], [ -17.970968902070652, 28.78100921226153 ], [ -17.969033525090573, 28.779911710542095 ], [ -17.96813801845412, 28.778007502886851 ], [ -17.964951029891093, 28.776416388211068 ], [ -17.965016861963822, 28.774690996898606 ], [ -17.962964824375373, 28.77442127155453 ], [ -17.961353731413325, 28.771822858516288 ], [ -17.958265013693318, 28.77112056573954 ], [ -17.957676048258943, 28.770100438413063 ], [ -17.953140294322431, 28.767857301176178 ], [ -17.949269257173881, 28.766602483037495 ], [ -17.947769085691501, 28.767039877683583 ], [ -17.945799443260949, 28.766253409459271 ], [ -17.942696918215344, 28.767172544768624 ], [ -17.940443238427608, 28.766896938697748 ], [ -17.938454032958592, 28.764991056057443 ], [ -17.936170086771455, 28.766446947003079 ], [ -17.935601761184053, 28.764137590907939 ], [ -17.933050549139644, 28.762444984739194 ], [ -17.933125357169516, 28.761204024166727 ], [ -17.929692268951307, 28.75922030961441 ], [ -17.928620964810928, 28.757747145824084 ], [ -17.926424648606144, 28.75793809069669 ], [ -17.923144057468459, 28.754120652692649 ], [ -17.920477833245528, 28.752957309586886 ], [ -17.919036695962863, 28.753002177013833 ], [ -17.917482962383048, 28.751332333080807 ], [ -17.912145748691238, 28.753894652376964 ], [ -17.909144599036232, 28.754630429158013 ], [ -17.908292423373815, 28.754204098471018 ], [ -17.903494949114439, 28.754573423513541 ], [ -17.90129599218432, 28.755079807583716 ], [ -17.899340759337647, 28.754480476338728 ], [ -17.896533770957006, 28.75443833636335 ], [ -17.890224022891424, 28.750052985134939 ], [ -17.891544223012648, 28.750014900951982 ], [ -17.892695194643817, 28.748591491089531 ], [ -17.896284342436079, 28.746688404987765 ], [ -17.895625595000279, 28.744990429386153 ], [ -17.899369796316865, 28.742783052123617 ], [ -17.899789392699553, 28.740267397305132 ], [ -17.901899016669606, 28.741433051917578 ], [ -17.905421765452864, 28.741634512176379 ], [ -17.906993483559965, 28.740463904008987 ], [ -17.910845947994211, 28.740694838951736 ], [ -17.91174004553611, 28.741344851854414 ], [ -17.915162156457825, 28.741335085174317 ], [ -17.917216022214653, 28.742543620057937 ], [ -17.923531488830541, 28.743233303917581 ], [ -17.928237020886908, 28.742819283905849 ], [ -17.932006917497066, 28.744340341079081 ], [ -17.935565707446486, 28.745372490493839 ], [ -17.937350264710535, 28.74477445858739 ], [ -17.940275406804371, 28.745332823049495 ], [ -17.942424530235861, 28.746414767042808 ], [ -17.946183579509945, 28.746846049615076 ], [ -17.947376048405953, 28.746048832877086 ], [ -17.948718896183159, 28.746961195128332 ], [ -17.951919916304945, 28.746801071104134 ], [ -17.951986950598098, 28.748564784218363 ], [ -17.953657598801847, 28.750578463186127 ], [ -17.958097936225446, 28.750152051335657 ], [ -17.959144269985636, 28.749176365717052 ], [ -17.964807264070259, 28.749691034931146 ], [ -17.966339334255192, 28.750736966925029 ], [ -17.967573988955476, 28.748685896568571 ], [ -17.970161490626612, 28.746326904849354 ], [ -17.972349612495329, 28.745726128967199 ], [ -17.975588605703901, 28.745645787731309 ], [ -17.97717039692564, 28.744882947554196 ], [ -17.980343289442882, 28.746198486882381 ], [ -17.981449544704329, 28.745611782405756 ], [ -17.988497177598401, 28.744490373758651 ], [ -17.989626800675808, 28.741982171933547 ], [ -17.990822242766384, 28.742064752643252 ], [ -17.991814955846689, 28.740248499724121 ] ] ] ] } },
{ "type": "Feature", "properties": { "geocode": "38030", "geopadre": "ES707A02", "etiqueta": "Puntallana", "notas": "Ayuntamiento de Puntallana", "granularidad": "MUNICIPIOS", "gcd_provincia": "ES702", "gcd_isla": "ES707", "gcd_grancomarca": "ES707A0", "gcd_comarca": "ES707A04", "ign_sup": 3505.04, "ign_perim": 38423.0, "utm_x": 228190.36, "utm_y": 3182796.35, "longitud": -17.78323, "latitud": 28.743968, "utm_x_capi": 231940.19, "utm_y_capi": 3182228.09, "long_capi": -17.744736, "lati_capi": 28.739629 }, "geometry": { "type": "MultiPolygon", "coordinates": [ [ [ [ -17.753565620116234, 28.782529941551363 ], [ -17.752894636426579, 28.78129309724936 ], [ -17.753447637212005, 28.77902766854616 ], [ -17.752533206904062, 28.776145984477836 ], [ -17.750090228469812, 28.77188912742665 ], [ -17.746606208863479, 28.76852146550624 ], [ -17.744694420638332, 28.767623303461921 ], [ -17.743727046805684, 28.765943928272463 ], [ -17.744032080106905, 28.764601025554494 ], [ -17.74293345058625, 28.761946754792177 ], [ -17.739016593532146, 28.758709373790282 ], [ -17.737780644353396, 28.759212634415466 ], [ -17.733303404313457, 28.756130756053533 ], [ -17.734348205433875, 28.75466917419692 ], [ -17.734401681807277, 28.75308887566694 ], [ -17.732616686954575, 28.750885737861029 ], [ -17.730751958566216, 28.750099279838015 ], [ -17.731010088436786, 28.748178051654499 ], [ -17.730210468899795, 28.747004847191175 ], [ -17.729933419686784, 28.744112101570554 ], [ -17.727719711539329, 28.74249285701292 ], [ -17.724888828064895, 28.742597347815238 ], [ -17.725073037203408, 28.73969345678778 ], [ -17.72427918281587, 28.738429109754993 ], [ -17.72640343757449, 28.735177490929399 ], [ -17.727315984527319, 28.732155962558977 ], [ -17.729226331499433, 28.731418215918929 ], [ -17.729225537569565, 28.729944894253681 ], [ -17.731500180363277, 28.729282931027708 ], [ -17.730994568794802, 28.726840165914112 ], [ -17.733223162416635, 28.723536147056215 ], [ -17.732296146781501, 28.722743896978066 ], [ -17.732596384805458, 28.720218530185015 ], [ -17.734984058014582, 28.719126296666992 ], [ -17.73535721765543, 28.718032788466211 ], [ -17.738754006336709, 28.714846752488359 ], [ -17.741481914217349, 28.71480997324975 ], [ -17.74644245098408, 28.712116111610179 ], [ -17.748642589226108, 28.70930875968153 ], [ -17.751568425751209, 28.706774992001545 ], [ -17.752131291569174, 28.705313476857992 ], [ -17.753030627839717, 28.707379100361798 ], [ -17.75653213972528, 28.709706633505647 ], [ -17.757588542188021, 28.711276817106 ], [ -17.758540393346237, 28.716241747577385 ], [ -17.761727334664915, 28.717427834260668 ], [ -17.764188702982725, 28.721214003065139 ], [ -17.764219145692071, 28.722798307826864 ], [ -17.766951373743332, 28.723883507571102 ], [ -17.769385372554112, 28.725881333912188 ], [ -17.772181481188642, 28.726047713488242 ], [ -17.772853775561646, 28.727053248293934 ], [ -17.777576157677757, 28.728583579379517 ], [ -17.781557709825268, 28.731233107393091 ], [ -17.784524952914037, 28.732482677807717 ], [ -17.787111643434741, 28.732502412186399 ], [ -17.789483861720367, 28.731383620275107 ], [ -17.791800983615055, 28.731158059274396 ], [ -17.795702578428227, 28.733401974592852 ], [ -17.797019631416443, 28.73481980031946 ], [ -17.798457416712175, 28.734929843935792 ], [ -17.799771468886668, 28.737038671356444 ], [ -17.803875475789344, 28.736539520739775 ], [ -17.805497713601468, 28.737269875580761 ], [ -17.807042879118161, 28.736763303266695 ], [ -17.81463077727695, 28.738331038784082 ], [ -17.816163422050597, 28.739266087868685 ], [ -17.817983929862674, 28.737847100777845 ], [ -17.819667412938514, 28.737500769398075 ], [ -17.820574607331597, 28.735003025409377 ], [ -17.825769695526308, 28.735048715008979 ], [ -17.832550007803885, 28.734354795048446 ], [ -17.835590180228575, 28.735087083275069 ], [ -17.835097291283418, 28.738231102621565 ], [ -17.83534973726924, 28.741765223791276 ], [ -17.838328994299896, 28.743616010571191 ], [ -17.836816370612429, 28.743898550549268 ], [ -17.834253838988111, 28.74587469430168 ], [ -17.829236909034645, 28.747094124134254 ], [ -17.825895409306124, 28.745796956829793 ], [ -17.811605317676964, 28.745736672748002 ], [ -17.807567264485328, 28.747564317737748 ], [ -17.805973812531715, 28.747457614365359 ], [ -17.802346157533929, 28.749251328113637 ], [ -17.799193605673569, 28.75009697140074 ], [ -17.798010255023996, 28.75166670196225 ], [ -17.793923189805639, 28.75302130924435 ], [ -17.791808721041875, 28.752106244901661 ], [ -17.789670829711159, 28.75256446416352 ], [ -17.788436547818439, 28.750896803074554 ], [ -17.785052090021171, 28.752113145384683 ], [ -17.784085594740645, 28.754573126760857 ], [ -17.781644244248497, 28.755924197716848 ], [ -17.781230510391193, 28.758271747267511 ], [ -17.778312450901272, 28.762962065862965 ], [ -17.776293246452951, 28.763138907240503 ], [ -17.775169515034836, 28.762067813841639 ], [ -17.773397787473726, 28.764246601617177 ], [ -17.771753660857694, 28.764470605995143 ], [ -17.771863631880745, 28.766507991437063 ], [ -17.767193892983393, 28.76734617627298 ], [ -17.764233403605466, 28.769917253870659 ], [ -17.761303548130311, 28.770334157058446 ], [ -17.758963197863157, 28.773427639508874 ], [ -17.759151149113205, 28.775608138828588 ], [ -17.758121023833649, 28.777158909224568 ], [ -17.758937412271266, 28.778320046219022 ], [ -17.755852120373888, 28.78138153018131 ], [ -17.753565620116234, 28.782529941551363 ] ] ] ] } },
{ "type": "Feature", "properties": { "geocode": "38031", "geopadre": "ES709A24", "etiqueta": "Los Realejos", "notas": "Excelentísimo Ayuntamiento de La Histórica Villa de Los Realejos", "granularidad": "MUNICIPIOS", "gcd_provincia": "ES702", "gcd_isla": "ES709", "gcd_grancomarca": "ES709A2", "gcd_comarca": "ES709A24", "ign_sup": 5646.81, "ign_perim": 37344.0, "utm_x": 344276.58, "utm_y": 3138073.62, "longitud": -16.588997, "latitud": 28.359687, "utm_x_capi": 344805.22, "utm_y_capi": 3140498.9, "long_capi": -16.58393, "lati_capi": 28.381634 }, "geometry": { "type": "MultiPolygon", "coordinates": [ [ [ [ -16.623802699771321, 28.395879310679522 ], [ -16.621121671834096, 28.395934905055622 ], [ -16.61777522917388, 28.394178153531726 ], [ -16.614103750582032, 28.394801903644993 ], [ -16.611336238767556, 28.394592218142268 ], [ -16.608401030228517, 28.393741537410968 ], [ -16.601946444262026, 28.394768705793759 ], [ -16.600211157330108, 28.396135769969064 ], [ -16.598221342390268, 28.399649613240772 ], [ -16.596252420081431, 28.4004749839185 ], [ -16.594169216542255, 28.398395340239002 ], [ -16.592019579085065, 28.397696031227262 ], [ -16.5869687478793, 28.398444436175467 ], [ -16.584048265591861, 28.40061100857503 ], [ -16.581478646397777, 28.401851556679389 ], [ -16.578246690183924, 28.405103239273746 ], [ -16.574974392190633, 28.40478842116595 ], [ -16.572755725358796, 28.404126094425703 ], [ -16.570491599279904, 28.408193393952747 ], [ -16.568782264410434, 28.403455897113417 ], [ -16.568370818952584, 28.401053243356834 ], [ -16.566879915116456, 28.398119258368077 ], [ -16.564187856612737, 28.396002269761922 ], [ -16.56360063510326, 28.393500083314919 ], [ -16.559706893091565, 28.394191177403851 ], [ -16.558008749524657, 28.393780752747798 ], [ -16.558545529903277, 28.390184943311453 ], [ -16.561578616779606, 28.385385043769549 ], [ -16.562136912136285, 28.381330958228904 ], [ -16.561383552716773, 28.378993107133986 ], [ -16.561169320020323, 28.374250694003923 ], [ -16.561456070937478, 28.370337347036742 ], [ -16.560111104917617, 28.367852834574361 ], [ -16.560572481676221, 28.36589139193994 ], [ -16.55954871604283, 28.3630173752051 ], [ -16.558448205056415, 28.361520534350685 ], [ -16.558883215173694, 28.358408712442326 ], [ -16.557541242105085, 28.357140247016225 ], [ -16.556624137487919, 28.352080934169226 ], [ -16.557288856831526, 28.348258028473136 ], [ -16.555808130222015, 28.346711349612807 ], [ -16.555286602332405, 28.344831073242922 ], [ -16.555889073048874, 28.342969562811312 ], [ -16.555403379166783, 28.340484201118574 ], [ -16.553446421702041, 28.338753395952629 ], [ -16.552733684558181, 28.336475925981759 ], [ -16.550964668353998, 28.333806594947156 ], [ -16.552884290952683, 28.329581349714406 ], [ -16.552798321615072, 28.328140579923502 ], [ -16.554287363210101, 28.32546124023763 ], [ -16.55511285920598, 28.325219439004734 ], [ -16.557879277921156, 28.322455552887238 ], [ -16.561432982837708, 28.320447477215794 ], [ -16.562880092062503, 28.31579430670369 ], [ -16.562417241408284, 28.314479697239296 ], [ -16.563811185775801, 28.311210210280844 ], [ -16.592141853875219, 28.314005280513825 ], [ -16.592413014407438, 28.316141030022173 ], [ -16.593788957937708, 28.319247597434071 ], [ -16.595966917252344, 28.322292875096601 ], [ -16.597025160366865, 28.325071451991619 ], [ -16.59971354430758, 28.327366129430789 ], [ -16.602921548611718, 28.331739398569525 ], [ -16.603573934207777, 28.3334532312027 ], [ -16.605937355569889, 28.336392360506387 ], [ -16.607083782796039, 28.338479400327131 ], [ -16.607315844885495, 28.340723862032256 ], [ -16.610282231743529, 28.346275266309288 ], [ -16.612400222137786, 28.348235709366119 ], [ -16.613683137984552, 28.350539921663763 ], [ -16.6167697312653, 28.353021290271162 ], [ -16.617585852879682, 28.355080555301821 ], [ -16.61962638093248, 28.357377968802012 ], [ -16.61932137841012, 28.360136421842533 ], [ -16.620388817819091, 28.364187165477201 ], [ -16.62148496073884, 28.365611333071708 ], [ -16.62327494632251, 28.36632329379967 ], [ -16.6229804386554, 28.369451641919646 ], [ -16.624459956474873, 28.370918596285204 ], [ -16.623937617489421, 28.372653071252877 ], [ -16.625122905697175, 28.375648712753385 ], [ -16.625649900592805, 28.37831827855214 ], [ -16.625178531173855, 28.379736281231864 ], [ -16.626405477016252, 28.38277878862511 ], [ -16.62663073450279, 28.38773747326038 ], [ -16.625938770049718, 28.392506303433109 ], [ -16.624072258819723, 28.393938690846465 ], [ -16.623802699771321, 28.395879310679522 ] ] ] ] } },
{ "type": "Feature", "properties": { "geocode": "38032", "geopadre": "ES709A10", "etiqueta": "El Rosario", "notas": "Ilustre Ayuntamiento de El Rosario", "granularidad": "MUNICIPIOS", "gcd_provincia": "ES702", "gcd_isla": "ES709", "gcd_grancomarca": "ES709A1", "gcd_comarca": "ES709A10", "ign_sup": 3931.15, "ign_perim": 34587.0, "utm_x": 366014.25, "utm_y": 3145908.56, "longitud": -16.368151, "latitud": 28.432795, "utm_x_capi": 366137.84, "utm_y_capi": 3147937.02, "long_capi": -16.367124, "lati_capi": 28.451113 }, "geometry": { "type": "MultiPolygon", "coordinates": [ [ [ [ -16.307483661149107, 28.40972452029569 ], [ -16.310625944428033, 28.407731102008739 ], [ -16.31171560473086, 28.408018252566862 ], [ -16.313169769129704, 28.406568731329703 ], [ -16.315907048527389, 28.405771077024916 ], [ -16.317528044633761, 28.404431002113771 ], [ -16.318265645398128, 28.402423915864301 ], [ -16.320288751677285, 28.399982810706582 ], [ -16.321126135550415, 28.400982274116721 ], [ -16.328208409538451, 28.402281570696914 ], [ -16.334146511093138, 28.400153528284218 ], [ -16.335156982821346, 28.39690200324878 ], [ -16.337391695586092, 28.396688529255655 ], [ -16.338722845990834, 28.397743635364023 ], [ -16.341836909613818, 28.398581690668596 ], [ -16.343926519446633, 28.399623831128938 ], [ -16.347068955705232, 28.399822937671061 ], [ -16.351834319428701, 28.400876823592533 ], [ -16.353510541592108, 28.400176504522619 ], [ -16.35696297392132, 28.400620498771413 ], [ -16.359114344125452, 28.402663601594082 ], [ -16.360262084476673, 28.402543839433335 ], [ -16.363183653466038, 28.404567898621412 ], [ -16.366998181573397, 28.406318940331172 ], [ -16.367409771438787, 28.4090585124681 ], [ -16.371916933478321, 28.41015488536063 ], [ -16.374232109796893, 28.411530466796126 ], [ -16.375210889127743, 28.411191161418699 ], [ -16.377446830470429, 28.413316587686218 ], [ -16.382758042465721, 28.414476660115177 ], [ -16.384398402130387, 28.413692841819969 ], [ -16.38772687766205, 28.414252373601631 ], [ -16.391800375667408, 28.412331281949918 ], [ -16.394922701458608, 28.41242343035395 ], [ -16.397421445937244, 28.411402773834805 ], [ -16.400956816444687, 28.413261753482249 ], [ -16.402518064725559, 28.414741618577693 ], [ -16.405006742840254, 28.413781847710936 ], [ -16.406741259737945, 28.414346735841356 ], [ -16.406466327819736, 28.419908733711118 ], [ -16.404338659219601, 28.424170034231153 ], [ -16.403042179758124, 28.425652261226087 ], [ -16.398063802526643, 28.427323514212766 ], [ -16.396493141227896, 28.43019161731095 ], [ -16.388991400359945, 28.441249863717086 ], [ -16.385655749541023, 28.444147134020501 ], [ -16.383823102336862, 28.446568759713131 ], [ -16.385435555137533, 28.450584383074201 ], [ -16.382657010463266, 28.45038927379376 ], [ -16.382401478402144, 28.452627877691128 ], [ -16.381413216883271, 28.453811199402583 ], [ -16.379086143265436, 28.454475602687204 ], [ -16.37706331686897, 28.457219466487039 ], [ -16.376575590857524, 28.461301563558422 ], [ -16.373956468674741, 28.463731020453643 ], [ -16.37300709780542, 28.465444125144153 ], [ -16.36869867893348, 28.469205960065224 ], [ -16.363317254026089, 28.467256402701828 ], [ -16.359798575405591, 28.466671141037697 ], [ -16.353063065635911, 28.465059611852546 ], [ -16.345542565713963, 28.463922571664948 ], [ -16.342653026564935, 28.46229272326762 ], [ -16.341194879825292, 28.459897346143123 ], [ -16.339138845901861, 28.458473549149328 ], [ -16.337592299160775, 28.458120982653305 ], [ -16.333254211890612, 28.4552754576459 ], [ -16.3305145142321, 28.454848756107861 ], [ -16.330384040850813, 28.449601784022917 ], [ -16.330607708181667, 28.447559864022157 ], [ -16.332397924701084, 28.445522919723775 ], [ -16.336342304564582, 28.439346992719173 ], [ -16.339000944521676, 28.437396201421173 ], [ -16.34283748833511, 28.430717992153586 ], [ -16.345108950579441, 28.428881466768622 ], [ -16.342908010788779, 28.42697853847789 ], [ -16.340766103116405, 28.426361106649662 ], [ -16.338240254714997, 28.424260483910867 ], [ -16.33651253088853, 28.419349595027878 ], [ -16.331492743393145, 28.418236758347582 ], [ -16.329698143197714, 28.416442445924467 ], [ -16.326742356467015, 28.417511458117708 ], [ -16.321293480748793, 28.417796848833081 ], [ -16.320454352380096, 28.420720201137485 ], [ -16.318142438233199, 28.419596374934049 ], [ -16.317128942233975, 28.418028989320494 ], [ -16.313920630690021, 28.416798682728984 ], [ -16.311914680144653, 28.414577458405383 ], [ -16.31129986380769, 28.413173154233931 ], [ -16.30883336728596, 28.411883680109785 ], [ -16.307483661149107, 28.40972452029569 ] ] ] ] } },
{ "type": "Feature", "properties": { "geocode": "38033", "geopadre": "ES707A02", "etiqueta": "San Andrés y Sauces", "notas": "Ayuntamiento de San Andrés y Sauces", "granularidad": "MUNICIPIOS", "gcd_provincia": "ES702", "gcd_isla": "ES707", "gcd_grancomarca": "ES707A0", "gcd_comarca": "ES707A05", "ign_sup": 4287.29, "ign_perim": 32994.0, "utm_x": 227312.49, "utm_y": 3186932.23, "longitud": -17.793204, "latitud": 28.781069, "utm_x_capi": 229223.38, "utm_y_capi": 3189475.45, "long_capi": -17.774257, "lati_capi": 28.804402 }, "geometry": { "type": "MultiPolygon", "coordinates": [ [ [ [ -17.770255804179296, 28.818427299099941 ], [ -17.76544957735641, 28.814305476649885 ], [ -17.766330267011433, 28.813709352112255 ], [ -17.765438491955127, 28.811159786229432 ], [ -17.761160987649689, 28.807599311976215 ], [ -17.76176023902541, 28.806112430863475 ], [ -17.761106315499919, 28.804915832961086 ], [ -17.759109476425294, 28.804127597897853 ], [ -17.759174567153121, 28.798637165500317 ], [ -17.758642946816721, 28.796144009131954 ], [ -17.758210665481052, 28.791067157659807 ], [ -17.757160055379494, 28.790143241185419 ], [ -17.758172047097275, 28.787448906779105 ], [ -17.754460805865705, 28.786185838469937 ], [ -17.755861652699263, 28.785343534911625 ], [ -17.753565620116234, 28.782529941551363 ], [ -17.755852120373888, 28.78138153018131 ], [ -17.758937412271266, 28.778320046219022 ], [ -17.758121023833649, 28.777158909224568 ], [ -17.759151149113205, 28.775608138828588 ], [ -17.758963197863157, 28.773427639508874 ], [ -17.761303548130311, 28.770334157058446 ], [ -17.764233403605466, 28.769917253870659 ], [ -17.767193892983393, 28.76734617627298 ], [ -17.771863631880745, 28.766507991437063 ], [ -17.771753660857694, 28.764470605995143 ], [ -17.773397787473726, 28.764246601617177 ], [ -17.775169515034836, 28.762067813841639 ], [ -17.776293246452951, 28.763138907240503 ], [ -17.778312450901272, 28.762962065862965 ], [ -17.781230510391193, 28.758271747267511 ], [ -17.781644244248497, 28.755924197716848 ], [ -17.784085594740645, 28.754573126760857 ], [ -17.785052090021171, 28.752113145384683 ], [ -17.788436547818439, 28.750896803074554 ], [ -17.789670829711159, 28.75256446416352 ], [ -17.791808721041875, 28.752106244901661 ], [ -17.793923189805639, 28.75302130924435 ], [ -17.798010255023996, 28.75166670196225 ], [ -17.799193605673569, 28.75009697140074 ], [ -17.802346157533929, 28.749251328113637 ], [ -17.805973812531715, 28.747457614365359 ], [ -17.807567264485328, 28.747564317737748 ], [ -17.811605317676964, 28.745736672748002 ], [ -17.825895409306124, 28.745796956829793 ], [ -17.829236909034645, 28.747094124134254 ], [ -17.834253838988111, 28.74587469430168 ], [ -17.836816370612429, 28.743898550549268 ], [ -17.838328994299896, 28.743616010571191 ], [ -17.838810067077297, 28.746401360270379 ], [ -17.845499086531113, 28.749622955150297 ], [ -17.849603660050342, 28.750119357697056 ], [ -17.851817184947276, 28.753463105798325 ], [ -17.853376724157556, 28.754341578171449 ], [ -17.851708885075794, 28.757250824253813 ], [ -17.849664165365819, 28.758786823386863 ], [ -17.846790793635716, 28.762197649337505 ], [ -17.844098661622091, 28.764496823286635 ], [ -17.841991104070893, 28.766842909254095 ], [ -17.840307494427069, 28.770088947529288 ], [ -17.835997215087477, 28.773827448389781 ], [ -17.834817058968731, 28.775427181700504 ], [ -17.831593567324944, 28.77821085783772 ], [ -17.830035254437181, 28.781166124392094 ], [ -17.826122144550592, 28.783219963767973 ], [ -17.825982976974004, 28.78474100144507 ], [ -17.82437114706136, 28.78554237355187 ], [ -17.823356582793057, 28.788380834491363 ], [ -17.822042513130686, 28.789996442980641 ], [ -17.818621650616613, 28.791686374273176 ], [ -17.813114331575306, 28.793647413839409 ], [ -17.814367335926782, 28.794361225337155 ], [ -17.813684213781347, 28.796609005537718 ], [ -17.812506416696824, 28.796755338548497 ], [ -17.810192738924346, 28.798533656558114 ], [ -17.811281824858987, 28.799430143686081 ], [ -17.80723878404994, 28.801375418618399 ], [ -17.805267543856065, 28.8009210245731 ], [ -17.801679713153376, 28.802853786071392 ], [ -17.796446894022182, 28.803670464337038 ], [ -17.793553333609122, 28.802540618777826 ], [ -17.792232620593612, 28.804205174041766 ], [ -17.7892800645939, 28.804664959869459 ], [ -17.789679492025328, 28.806356154182453 ], [ -17.786065980138048, 28.806919745029688 ], [ -17.784732134411225, 28.807635550245845 ], [ -17.782318210556245, 28.810293185563225 ], [ -17.781597396355924, 28.809260772692252 ], [ -17.779758922040575, 28.809565680618206 ], [ -17.778976069757267, 28.811864899985952 ], [ -17.775845887645286, 28.813631527849626 ], [ -17.775215745337231, 28.815591119821274 ], [ -17.773457998410858, 28.815693127974065 ], [ -17.770255804179296, 28.818427299099941 ] ] ] ] } },
{ "type": "Feature", "properties": { "geocode": "38034", "geopadre": "ES709A23", "etiqueta": "San Juan de la Rambla", "notas": "Ilustre Ayuntamiento de La Villa de San Juan de La Rambla", "granularidad": "MUNICIPIOS", "gcd_provincia": "ES702", "gcd_isla": "ES709", "gcd_grancomarca": "ES709A2", "gcd_comarca": "ES709A23", "ign_sup": 2060.52, "ign_perim": 28172.0, "utm_x": 340744.23, "utm_y": 3137342.68, "longitud": -16.624929, "latitud": 28.352666, "utm_x_capi": 338784.47, "utm_y_capi": 3140349.15, "long_capi": -16.645337, "lati_capi": 28.379554 }, "geometry": { "type": "MultiPolygon", "coordinates": [ [ [ [ -16.592141853875219, 28.314005280513825 ], [ -16.607650825772641, 28.306727615909157 ], [ -16.62916586798752, 28.341242994897403 ], [ -16.630725071505751, 28.3428352913031 ], [ -16.631812572337587, 28.345139405371743 ], [ -16.631875169037837, 28.346731536418066 ], [ -16.635122102819899, 28.356245394015129 ], [ -16.638803911377703, 28.361006883897804 ], [ -16.639991982126432, 28.36333678164058 ], [ -16.642653386712386, 28.365391713218962 ], [ -16.643069862605028, 28.367900090122738 ], [ -16.644848623870761, 28.368307311450536 ], [ -16.648519066123136, 28.371493825389226 ], [ -16.649088294879395, 28.375744359840908 ], [ -16.648454449432066, 28.37698616171301 ], [ -16.650163422449864, 28.379774425088758 ], [ -16.650462123347182, 28.382218764711197 ], [ -16.654369857959065, 28.386103892356648 ], [ -16.655386813990862, 28.388668093597612 ], [ -16.653644965964691, 28.390273084476277 ], [ -16.652485230343341, 28.392606507800277 ], [ -16.652475135370999, 28.395821542500279 ], [ -16.64927679451106, 28.395631795852619 ], [ -16.645769710042032, 28.396809985467105 ], [ -16.644234208129411, 28.398604784939906 ], [ -16.642639146295988, 28.397581756563287 ], [ -16.640156110665359, 28.397101646593708 ], [ -16.638474033274647, 28.394479086512256 ], [ -16.635573562694105, 28.394274183678132 ], [ -16.632722771723127, 28.395389513439049 ], [ -16.627242524053539, 28.39634940191409 ], [ -16.623802699771321, 28.395879310679522 ], [ -16.624072258819723, 28.393938690846465 ], [ -16.625938770049718, 28.392506303433109 ], [ -16.62663073450279, 28.38773747326038 ], [ -16.626405477016252, 28.38277878862511 ], [ -16.625178531173855, 28.379736281231864 ], [ -16.625649900592805, 28.37831827855214 ], [ -16.625122905697175, 28.375648712753385 ], [ -16.623937617489421, 28.372653071252877 ], [ -16.624459956474873, 28.370918596285204 ], [ -16.6229804386554, 28.369451641919646 ], [ -16.62327494632251, 28.36632329379967 ], [ -16.62148496073884, 28.365611333071708 ], [ -16.620388817819091, 28.364187165477201 ], [ -16.61932137841012, 28.360136421842533 ], [ -16.61962638093248, 28.357377968802012 ], [ -16.617585852879682, 28.355080555301821 ], [ -16.6167697312653, 28.353021290271162 ], [ -16.613683137984552, 28.350539921663763 ], [ -16.612400222137786, 28.348235709366119 ], [ -16.610282231743529, 28.346275266309288 ], [ -16.607315844885495, 28.340723862032256 ], [ -16.607083782796039, 28.338479400327131 ], [ -16.605937355569889, 28.336392360506387 ], [ -16.603573934207777, 28.3334532312027 ], [ -16.602921548611718, 28.331739398569525 ], [ -16.59971354430758, 28.327366129430789 ], [ -16.597025160366865, 28.325071451991619 ], [ -16.595966917252344, 28.322292875096601 ], [ -16.593788957937708, 28.319247597434071 ], [ -16.592413014407438, 28.316141030022173 ], [ -16.592141853875219, 28.314005280513825 ] ] ] ] } },
{ "type": "Feature", "properties": { "geocode": "38035", "geopadre": "ES709A31", "etiqueta": "San Miguel de Abona", "notas": "Ilustre Ayuntamiento de San Miguel de Abona", "granularidad": "MUNICIPIOS", "gcd_provincia": "ES702", "gcd_isla": "ES709", "gcd_grancomarca": "ES709A3", "gcd_comarca": "ES709A31", "ign_sup": 4203.66, "ign_perim": 39235.0, "utm_x": 340573.39, "utm_y": 3106229.08, "longitud": -16.622422, "latitud": 28.071896, "utm_x_capi": 341242.43, "utm_y_capi": 3108987.65, "long_capi": -16.615989, "lati_capi": 28.096868 }, "geometry": { "type": "MultiPolygon", "coordinates": [ [ [ [ -16.638557208538661, 28.00879618887538 ], [ -16.638952789966154, 28.009158939258054 ], [ -16.638883596713899, 28.015481919100743 ], [ -16.638220627127403, 28.036236476271398 ], [ -16.63813962418245, 28.044547368631573 ], [ -16.637692445815848, 28.059446469694411 ], [ -16.637828446358792, 28.061831998564919 ], [ -16.639180898273835, 28.066080233041959 ], [ -16.640389324095647, 28.067726419952294 ], [ -16.64128787005486, 28.070215637901967 ], [ -16.641504698239633, 28.072430969063017 ], [ -16.640536483997316, 28.073875285856474 ], [ -16.640390977325158, 28.075871577659953 ], [ -16.639463954316685, 28.078418716363771 ], [ -16.640583510118471, 28.081990562349915 ], [ -16.642084544838958, 28.084210832335806 ], [ -16.642070583659304, 28.086219085733322 ], [ -16.642924153276248, 28.088559905180865 ], [ -16.642547982411493, 28.09251063458828 ], [ -16.641944302932639, 28.094909513010055 ], [ -16.641594149330448, 28.099047197355493 ], [ -16.641015572662472, 28.100026575300852 ], [ -16.64179281118431, 28.10445189368156 ], [ -16.641616296186921, 28.115726609181912 ], [ -16.636893773495938, 28.118607739313674 ], [ -16.633960030911513, 28.120070986632367 ], [ -16.631088162265332, 28.122809187566887 ], [ -16.627124397835605, 28.124527475522058 ], [ -16.624650213311828, 28.127083275843045 ], [ -16.62262329675637, 28.127517830815531 ], [ -16.620967090201102, 28.129500038001275 ], [ -16.62125795911923, 28.134545745168467 ], [ -16.620190031933703, 28.134741937454432 ], [ -16.618191854279324, 28.131177264228402 ], [ -16.616210888718808, 28.130189827923218 ], [ -16.614299586419115, 28.127012948477475 ], [ -16.612748425161815, 28.126061008330254 ], [ -16.612759602405188, 28.123556402550214 ], [ -16.611985421312937, 28.122863805169729 ], [ -16.61131274969242, 28.120279242908442 ], [ -16.61205128822029, 28.118357229733558 ], [ -16.611281437098715, 28.116164145256828 ], [ -16.610944044449386, 28.112788191856264 ], [ -16.608841432658586, 28.111849445851419 ], [ -16.607762798978378, 28.110400022560562 ], [ -16.607046410877736, 28.107985164190303 ], [ -16.605667352301154, 28.106627237822067 ], [ -16.603378624130951, 28.105503309026908 ], [ -16.602942943816682, 28.102620344440304 ], [ -16.600788234449244, 28.099910880791924 ], [ -16.601717562954548, 28.097296262399251 ], [ -16.601412415397334, 28.094673493817822 ], [ -16.599793745025963, 28.093225787745787 ], [ -16.600170727766177, 28.091260664986745 ], [ -16.602188895774926, 28.088558878765397 ], [ -16.602786389814998, 28.084871872356324 ], [ -16.603919586423952, 28.0824195672363 ], [ -16.603172422079819, 28.081487421943624 ], [ -16.60296047083914, 28.078543166969705 ], [ -16.603650425805565, 28.077616789608019 ], [ -16.603702311159029, 28.072568831609303 ], [ -16.603063493279354, 28.070019901516712 ], [ -16.601246400236708, 28.067838958849446 ], [ -16.602750875946928, 28.064788921213143 ], [ -16.604911727832263, 28.062502852508111 ], [ -16.605728224729795, 28.060600262105027 ], [ -16.605192659556888, 28.057594355129794 ], [ -16.606399040758543, 28.055594692841439 ], [ -16.605835798174965, 28.053570604487895 ], [ -16.606573534158262, 28.05103716384497 ], [ -16.605182244799988, 28.049552990198872 ], [ -16.606660546196046, 28.045898527724287 ], [ -16.60566408319983, 28.043917859941715 ], [ -16.603723121429567, 28.042573215310849 ], [ -16.602360409602941, 28.040626128664432 ], [ -16.600860541769897, 28.039695967707058 ], [ -16.599258167580071, 28.036862650897231 ], [ -16.599245968270008, 28.035285626400846 ], [ -16.598070086532413, 28.033622867357902 ], [ -16.597002642243091, 28.027878036958978 ], [ -16.599117020163956, 28.027732977957463 ], [ -16.600516309113978, 28.026283319074896 ], [ -16.602265128925946, 28.026071015187025 ], [ -16.604279846118427, 28.024313906560238 ], [ -16.607610322637445, 28.022916721159344 ], [ -16.61009579981614, 28.022664448181782 ], [ -16.611510154923479, 28.021600164381169 ], [ -16.614473838746573, 28.020417546059942 ], [ -16.616535802697076, 28.020708090652459 ], [ -16.619079470839814, 28.018651457869858 ], [ -16.621740475887385, 28.018801113541244 ], [ -16.623484479868065, 28.018045151142374 ], [ -16.625720895378066, 28.018439880231419 ], [ -16.626702887392632, 28.015677765636521 ], [ -16.629450658012416, 28.014805087735322 ], [ -16.630905015977802, 28.01331710242604 ], [ -16.631809618543624, 28.011313829434496 ], [ -16.631171926279762, 28.010505194805663 ], [ -16.632671514264008, 28.008699328720478 ], [ -16.634457796728526, 28.0092394111158 ], [ -16.638557208538661, 28.00879618887538 ] ] ] ] } },
{ "type": "Feature", "properties": { "geocode": "38036", "geopadre": "ES706A02", "etiqueta": "San Sebastián de La Gomera", "notas": "Ayuntamiento De San Sebastián De La Gomera", "granularidad": "MUNICIPIOS", "gcd_provincia": "ES702", "gcd_isla": "ES706", "gcd_grancomarca": "ES706A0", "gcd_comarca": "ES706A02", "ign_sup": 11313.4, "ign_perim": 59100.0, "utm_x": 287085.86, "utm_y": 3109608.41, "longitud": -17.167078, "latitud": 28.094869, "utm_x_capi": 292715.46, "utm_y_capi": 3109011.48, "long_capi": -17.109706, "lati_capi": 28.090378 }, "geometry": { "type": "MultiPolygon", "coordinates": [ [ [ [ -17.194984621599136, 28.029098498248967 ], [ -17.198698768035261, 28.033359438840748 ], [ -17.201414871870842, 28.038539214956391 ], [ -17.202766436055896, 28.039716402705697 ], [ -17.20496738129496, 28.044583815209474 ], [ -17.206239790694262, 28.046151107569695 ], [ -17.209689548812914, 28.049243486533619 ], [ -17.2111797545695, 28.054211166333271 ], [ -17.212413300783915, 28.05584713617603 ], [ -17.21379540141707, 28.058988232865321 ], [ -17.216549500310077, 28.061698524482726 ], [ -17.217464266677542, 28.065354455507979 ], [ -17.22138869397665, 28.069505027334575 ], [ -17.222630835833964, 28.072231976321902 ], [ -17.226853008866428, 28.079438507629352 ], [ -17.22858989334361, 28.081397893014746 ], [ -17.232038100925912, 28.08838289852017 ], [ -17.233496183886921, 28.092155674716647 ], [ -17.234847465679046, 28.096766388618143 ], [ -17.235262318541324, 28.099616228278595 ], [ -17.236363878876297, 28.102124233754282 ], [ -17.238990808644743, 28.10579059518977 ], [ -17.23673105566084, 28.107144471048457 ], [ -17.233953106296717, 28.106651147188007 ], [ -17.232218523049713, 28.107115147847274 ], [ -17.22972950002093, 28.108644189980488 ], [ -17.224941507872352, 28.10952082220361 ], [ -17.2209663019852, 28.107782068649961 ], [ -17.219449080184809, 28.108798055432793 ], [ -17.217742913051378, 28.111650820946025 ], [ -17.219273847890076, 28.116503611453954 ], [ -17.217552076281098, 28.119953524770047 ], [ -17.215749715610379, 28.121071679509708 ], [ -17.20895435570743, 28.122444915891951 ], [ -17.202261096343804, 28.124082407196969 ], [ -17.200329786688961, 28.125062017449228 ], [ -17.195641434126912, 28.126558291816103 ], [ -17.194301150603145, 28.128378715879315 ], [ -17.192200054375469, 28.129690561785686 ], [ -17.187509109858151, 28.131680416904434 ], [ -17.185223265195642, 28.133760859649389 ], [ -17.181876916282253, 28.135802251013377 ], [ -17.180288355543084, 28.138092367921629 ], [ -17.179961291560204, 28.141685742373447 ], [ -17.179205384342442, 28.14291135350858 ], [ -17.17735369368588, 28.14333974675985 ], [ -17.174146085864066, 28.143279807158862 ], [ -17.172163502872934, 28.144029134696343 ], [ -17.168835931691074, 28.147448519973686 ], [ -17.167669622458483, 28.147891285715357 ], [ -17.154722292121122, 28.147626737703245 ], [ -17.14688247282567, 28.150404989870072 ], [ -17.144189112240522, 28.153551082797247 ], [ -17.140095568502005, 28.157264934950771 ], [ -17.138442595635954, 28.160368261770113 ], [ -17.136731585249734, 28.15991995269794 ], [ -17.135392833577171, 28.158040199474527 ], [ -17.133861831644513, 28.157280638100424 ], [ -17.131934525933833, 28.154817527315533 ], [ -17.129225697266591, 28.154817532145263 ], [ -17.12790805539413, 28.15325897036794 ], [ -17.125701967834029, 28.152154359642523 ], [ -17.124056262161091, 28.152822557120764 ], [ -17.121272002781524, 28.151948369375063 ], [ -17.1204860013538, 28.153496636537771 ], [ -17.117707975234346, 28.151800856210642 ], [ -17.118411444811411, 28.150656154657703 ], [ -17.117629381783413, 28.148997519504633 ], [ -17.118150186352331, 28.147459324685137 ], [ -17.117446528193341, 28.145080739636349 ], [ -17.115927057942923, 28.144001438214445 ], [ -17.111404853931191, 28.142745189769094 ], [ -17.110735955593238, 28.141574207655676 ], [ -17.112853974239744, 28.138309633372472 ], [ -17.113962221389485, 28.135680180443494 ], [ -17.112456750027906, 28.133245890014425 ], [ -17.109647204387002, 28.130712732055855 ], [ -17.104725090104605, 28.129362680679776 ], [ -17.103397516996175, 28.128284815661733 ], [ -17.103523501495143, 28.126503646381565 ], [ -17.106111845997091, 28.123000855713936 ], [ -17.105062237609872, 28.120114499985178 ], [ -17.105121706364187, 28.117016732013365 ], [ -17.103972855743955, 28.114859831703537 ], [ -17.102266783703325, 28.113044262139137 ], [ -17.105314955559489, 28.112379353625837 ], [ -17.103767824271213, 28.108830425432792 ], [ -17.10448699724116, 28.106128596091626 ], [ -17.103768556109976, 28.103304783747188 ], [ -17.102419430798779, 28.103520445509904 ], [ -17.100788727843774, 28.101970099880976 ], [ -17.101752040566844, 28.10015227165654 ], [ -17.101209065322546, 28.097720774409222 ], [ -17.099139930040522, 28.097753024468261 ], [ -17.098385493908168, 28.095595995109111 ], [ -17.105316108835201, 28.091014081669858 ], [ -17.105998385938086, 28.087980997953487 ], [ -17.107662080633844, 28.089351940720707 ], [ -17.109529865248927, 28.089817211973962 ], [ -17.111456071131716, 28.089010012855709 ], [ -17.113714545138976, 28.085912811362515 ], [ -17.11256939529672, 28.085004798055195 ], [ -17.113719976610362, 28.081453554498818 ], [ -17.114984470654832, 28.079726050136923 ], [ -17.117188212546431, 28.078461037975757 ], [ -17.117988634310681, 28.075865096454987 ], [ -17.120588866575549, 28.073773203570433 ], [ -17.123757447054089, 28.072547860123201 ], [ -17.127465192499411, 28.073931775437099 ], [ -17.129106882288916, 28.073357848035844 ], [ -17.131262562549377, 28.071621606752583 ], [ -17.133101938307565, 28.069429682113626 ], [ -17.136820009528535, 28.067948344455001 ], [ -17.139014295311931, 28.065358559876049 ], [ -17.141013908735683, 28.065125245802104 ], [ -17.144600948757954, 28.060836484589647 ], [ -17.143721698732765, 28.058633123313271 ], [ -17.143950568107087, 28.055758034621071 ], [ -17.145338731908421, 28.054206741629631 ], [ -17.147471134349054, 28.053531723396187 ], [ -17.150112757126212, 28.055721559280293 ], [ -17.1530665088953, 28.054627810030272 ], [ -17.154988497247917, 28.05216160745168 ], [ -17.154725654103942, 28.050982914257748 ], [ -17.156964441293528, 28.049159476130022 ], [ -17.16007545627637, 28.048468473319211 ], [ -17.161081818758287, 28.047447970827655 ], [ -17.164061842495741, 28.042624102335854 ], [ -17.166498146907855, 28.043255954001364 ], [ -17.168452140176235, 28.041609519159426 ], [ -17.168413974121655, 28.039514478335043 ], [ -17.166964088161372, 28.036875490578772 ], [ -17.168867818841978, 28.035482056633111 ], [ -17.17078773966545, 28.035601421012913 ], [ -17.172370272609776, 28.038304049204402 ], [ -17.173821834703386, 28.039370314717832 ], [ -17.179313352402833, 28.038044868038057 ], [ -17.181129140005243, 28.037219616386306 ], [ -17.184059388035742, 28.033889572297429 ], [ -17.183595414834105, 28.031787086836196 ], [ -17.185838705604578, 28.02984949383459 ], [ -17.189012114142386, 28.029274987622401 ], [ -17.190204918995121, 28.029754485576554 ], [ -17.194984621599136, 28.029098498248967 ] ] ] ] } },
{ "type": "Feature", "properties": { "geocode": "38037", "geopadre": "ES707A01", "etiqueta": "Santa Cruz de La Palma", "notas": "Ayuntamiento de Santa Cruz de La Palma", "granularidad": "MUNICIPIOS", "gcd_provincia": "ES702", "gcd_isla": "ES707", "gcd_grancomarca": "ES707A0", "gcd_comarca": "ES707A04", "ign_sup": 4341.21, "ign_perim": 31883.0, "utm_x": 226569.92, "utm_y": 3178538.08, "longitud": -17.798783, "latitud": 28.705235, "utm_x_capi": 229840.31, "utm_y_capi": 3176022.48, "long_capi": -17.764744, "lati_capi": 28.683243 }, "geometry": { "type": "MultiPolygon", "coordinates": [ [ [ [ -17.752131291569174, 28.705313476857992 ], [ -17.755189479160126, 28.702285185804048 ], [ -17.75611191472936, 28.701891873125774 ], [ -17.757789572083837, 28.698418252782037 ], [ -17.759278685773655, 28.697109803851149 ], [ -17.759546204626126, 28.692428357844626 ], [ -17.759981798404652, 28.691027042632587 ], [ -17.759467149765506, 28.688651018336259 ], [ -17.759986041459509, 28.686438089722845 ], [ -17.762423748315268, 28.684810910448874 ], [ -17.764628186511519, 28.681858568811663 ], [ -17.765738136814349, 28.679684523668929 ], [ -17.767595850124184, 28.679149156004161 ], [ -17.768577162527084, 28.676289845660978 ], [ -17.772190540305029, 28.676020451194209 ], [ -17.772707299246157, 28.677261486912823 ], [ -17.77187650110989, 28.678605091150036 ], [ -17.772766919718435, 28.679523684704744 ], [ -17.768873668486339, 28.685526629469141 ], [ -17.771136268819543, 28.686947275971296 ], [ -17.773697049885381, 28.686951451549959 ], [ -17.775252938165245, 28.687911183943466 ], [ -17.779004559795418, 28.68787579929478 ], [ -17.780536479890394, 28.685960808459686 ], [ -17.783634362939292, 28.683307270537117 ], [ -17.787314816957789, 28.679405843365313 ], [ -17.790192070767645, 28.678089056144568 ], [ -17.791719413894956, 28.678173007523359 ], [ -17.795718710652636, 28.675895711870965 ], [ -17.799451835511555, 28.675999825185503 ], [ -17.804155090858057, 28.677694797884566 ], [ -17.805137144796511, 28.679539882875627 ], [ -17.807192551055813, 28.681407337265352 ], [ -17.811052768731852, 28.683044852668651 ], [ -17.813803578203832, 28.683537275089801 ], [ -17.815094794195748, 28.684503563188226 ], [ -17.820692733503929, 28.686199146017337 ], [ -17.822967798171177, 28.687572399280302 ], [ -17.830677404835836, 28.68732917090006 ], [ -17.833446734161122, 28.688534525504501 ], [ -17.833736801674995, 28.690315847178425 ], [ -17.835705194147746, 28.691655139202837 ], [ -17.835827121068409, 28.693664091493574 ], [ -17.836849202381522, 28.695558643669425 ], [ -17.8391016236186, 28.697309860727305 ], [ -17.841565299697596, 28.700081984000839 ], [ -17.84327945545645, 28.702761503511955 ], [ -17.845494000682997, 28.704184262258902 ], [ -17.845327815859708, 28.706035718625287 ], [ -17.844170288479539, 28.708793885201267 ], [ -17.844343904347852, 28.710129760094876 ], [ -17.843117908830241, 28.71197736006814 ], [ -17.843490657350806, 28.713040006951339 ], [ -17.840245936863717, 28.716036834125255 ], [ -17.838251338642728, 28.716557885830795 ], [ -17.837396319962934, 28.718756444538819 ], [ -17.837336697153759, 28.721587686897006 ], [ -17.838375361532702, 28.72432676594083 ], [ -17.835551272131681, 28.72692049324807 ], [ -17.835636011046564, 28.731766527459477 ], [ -17.835086066583433, 28.732682312618088 ], [ -17.835590180228575, 28.735087083275069 ], [ -17.832550007803885, 28.734354795048446 ], [ -17.825769695526308, 28.735048715008979 ], [ -17.820574607331597, 28.735003025409377 ], [ -17.819667412938514, 28.737500769398075 ], [ -17.817983929862674, 28.737847100777845 ], [ -17.816163422050597, 28.739266087868685 ], [ -17.81463077727695, 28.738331038784082 ], [ -17.807042879118161, 28.736763303266695 ], [ -17.805497713601468, 28.737269875580761 ], [ -17.803875475789344, 28.736539520739775 ], [ -17.799771468886668, 28.737038671356444 ], [ -17.798457416712175, 28.734929843935792 ], [ -17.797019631416443, 28.73481980031946 ], [ -17.795702578428227, 28.733401974592852 ], [ -17.791800983615055, 28.731158059274396 ], [ -17.789483861720367, 28.731383620275107 ], [ -17.787111643434741, 28.732502412186399 ], [ -17.784524952914037, 28.732482677807717 ], [ -17.781557709825268, 28.731233107393091 ], [ -17.777576157677757, 28.728583579379517 ], [ -17.772853775561646, 28.727053248293934 ], [ -17.772181481188642, 28.726047713488242 ], [ -17.769385372554112, 28.725881333912188 ], [ -17.766951373743332, 28.723883507571102 ], [ -17.764219145692071, 28.722798307826864 ], [ -17.764188702982725, 28.721214003065139 ], [ -17.761727334664915, 28.717427834260668 ], [ -17.758540393346237, 28.716241747577385 ], [ -17.757588542188021, 28.711276817106 ], [ -17.75653213972528, 28.709706633505647 ], [ -17.753030627839717, 28.707379100361798 ], [ -17.752131291569174, 28.705313476857992 ] ] ] ] } },
{ "type": "Feature", "properties": { "geocode": "38038", "geopadre": "ES709A10", "etiqueta": "Santa Cruz de Tenerife", "notas": "Excelentísimo Ayuntamiento de Santa Cruz de Tenerife", "granularidad": "MUNICIPIOS", "gcd_provincia": "ES702", "gcd_isla": "ES709", "gcd_grancomarca": "ES709A1", "gcd_comarca": "ES709A10", "ign_sup": 15044.0, "ign_perim": 123587.0, "utm_x": 379339.69, "utm_y": 3153127.47, "longitud": -16.232866, "latitud": 28.499242, "utm_x_capi": 377175.0, "utm_y_capi": 3149887.94, "long_capi": -16.254634, "lati_capi": 28.469805 }, "geometry": { "type": "MultiPolygon", "coordinates": [ [ [ [ -16.27451199272598, 28.572236868915486 ], [ -16.274437715868505, 28.573422566377953 ], [ -16.272698012167108, 28.574186996100362 ], [ -16.272368554051202, 28.575567386247705 ], [ -16.273765765998007, 28.577516560113892 ], [ -16.272710679131439, 28.578125986805222 ], [ -16.266975302228037, 28.573816121758217 ], [ -16.264519506304342, 28.573974330634918 ], [ -16.26404167498605, 28.572914307598154 ], [ -16.261465882631065, 28.57353581168211 ], [ -16.260768476332316, 28.572155089213936 ], [ -16.258342762255491, 28.570922198609235 ], [ -16.257048436620444, 28.569314766982259 ], [ -16.254230569737807, 28.569933528666105 ], [ -16.251402568426322, 28.571335944319596 ], [ -16.248445799234105, 28.570661485914755 ], [ -16.246360929361835, 28.570769019727525 ], [ -16.243306335552809, 28.571779807719235 ], [ -16.239439420655174, 28.569521021951967 ], [ -16.234281060931412, 28.567738736639665 ], [ -16.231429263226822, 28.566470916783903 ], [ -16.223355491951381, 28.565595333450378 ], [ -16.221553231960428, 28.566810813082672 ], [ -16.21719481080175, 28.568096623470513 ], [ -16.212303695359459, 28.568299147384284 ], [ -16.209232206418918, 28.569132443984778 ], [ -16.20633427847196, 28.568566041532591 ], [ -16.203610389618035, 28.571510577794307 ], [ -16.201234097460819, 28.572586296400335 ], [ -16.198557697617538, 28.572182509538617 ], [ -16.197222263679869, 28.573129969034692 ], [ -16.193596249326095, 28.572162687331353 ], [ -16.191482117873356, 28.573107281860967 ], [ -16.191343088780119, 28.574697689792224 ], [ -16.186183068469973, 28.576025961904541 ], [ -16.183184155329844, 28.577888607866633 ], [ -16.18123937792549, 28.578255779381593 ], [ -16.180133092364169, 28.580717730619909 ], [ -16.17667542231279, 28.582049331116799 ], [ -16.175277646573218, 28.581710897995375 ], [ -16.171895502293133, 28.585244720604724 ], [ -16.168424009484252, 28.584000979800887 ], [ -16.164792227459788, 28.58655180930668 ], [ -16.161163258465329, 28.586892777953114 ], [ -16.159155920764714, 28.588603511836475 ], [ -16.157845735555451, 28.588739735522612 ], [ -16.154537426489011, 28.586964796833165 ], [ -16.151409147285193, 28.586712931843959 ], [ -16.150409714250692, 28.587424771190882 ], [ -16.148648439446013, 28.586806944664961 ], [ -16.147366485970036, 28.585032299964332 ], [ -16.142141546365952, 28.583880129833386 ], [ -16.138334859554789, 28.583864472259549 ], [ -16.136000196184256, 28.581794897678812 ], [ -16.133914678272454, 28.581381826250034 ], [ -16.135114830990201, 28.577406588592154 ], [ -16.133946549360044, 28.574639641448691 ], [ -16.132265096019513, 28.574652059060945 ], [ -16.12836783581584, 28.572786716660325 ], [ -16.127022184892546, 28.571582334351785 ], [ -16.126521721326906, 28.569250216265313 ], [ -16.125102120549531, 28.567507869577003 ], [ -16.126421668224921, 28.56657559025135 ], [ -16.126529172465471, 28.563883445529594 ], [ -16.125394859817998, 28.563331644597216 ], [ -16.123011358672755, 28.55982011957914 ], [ -16.120791555680224, 28.558501874085277 ], [ -16.119377006829197, 28.555835113681791 ], [ -16.120637578884498, 28.554093490335319 ], [ -16.120390042443045, 28.551727598390201 ], [ -16.125118810773035, 28.549566412231815 ], [ -16.126639590538318, 28.548213477770698 ], [ -16.127481171554258, 28.54634268306242 ], [ -16.126618357179211, 28.543454299567333 ], [ -16.128692326632109, 28.539277986327996 ], [ -16.128311923877447, 28.538373214772101 ], [ -16.129306911409884, 28.536224958364215 ], [ -16.125379748190635, 28.533697257583444 ], [ -16.126448238270953, 28.531925746224196 ], [ -16.13147558974007, 28.535232653093924 ], [ -16.134432989713368, 28.534360176578332 ], [ -16.137368439888395, 28.532700840499164 ], [ -16.139367660738817, 28.53080960647079 ], [ -16.139787414053544, 28.528938142344408 ], [ -16.138458552061643, 28.526977603868978 ], [ -16.141019344602931, 28.526303166376309 ], [ -16.143115806831524, 28.524877289741038 ], [ -16.143080741829603, 28.522661451863687 ], [ -16.143935918427246, 28.521111909488756 ], [ -16.14856114819408, 28.522741438232561 ], [ -16.151631199047003, 28.523294401937978 ], [ -16.153660952258814, 28.522369022213791 ], [ -16.156238988663922, 28.522728894943743 ], [ -16.159326496537634, 28.521353848695842 ], [ -16.160717294899509, 28.520032123649372 ], [ -16.163282963141327, 28.519820676285626 ], [ -16.164789671581257, 28.518637182947135 ], [ -16.167128660414001, 28.518511707500924 ], [ -16.16929198583761, 28.516679585200258 ], [ -16.173709819289055, 28.51474138925337 ], [ -16.17407041897431, 28.51379508250421 ], [ -16.176211410880274, 28.512953377727882 ], [ -16.177996447406592, 28.510247551307629 ], [ -16.179544660084549, 28.509253590614531 ], [ -16.18169020862781, 28.510098000783366 ], [ -16.183974234044801, 28.509529706408234 ], [ -16.186707068310934, 28.508137636112263 ], [ -16.189291595005212, 28.504771683036513 ], [ -16.192813415842757, 28.502927923698675 ], [ -16.19386647412432, 28.500714237872664 ], [ -16.195247225557281, 28.499832470894521 ], [ -16.194768906683315, 28.497782386563181 ], [ -16.195686874828141, 28.49652575376787 ], [ -16.201302833612537, 28.495909166966804 ], [ -16.205062259749415, 28.49580553378226 ], [ -16.20193813081292, 28.497891166456654 ], [ -16.202713551118137, 28.499071617720727 ], [ -16.208182076938009, 28.496227560604602 ], [ -16.211658631832652, 28.494810870166166 ], [ -16.217336855784108, 28.491176358513727 ], [ -16.21825918231411, 28.489729778160982 ], [ -16.226725922425153, 28.488848696035642 ], [ -16.230099441865821, 28.485759619020801 ], [ -16.233947628356269, 28.486568702474962 ], [ -16.235514641048084, 28.486425324271405 ], [ -16.237328732427713, 28.485281414065174 ], [ -16.23743312659472, 28.484208414845423 ], [ -16.24033679655464, 28.480714845830235 ], [ -16.24110096370984, 28.47837554770992 ], [ -16.244571592043904, 28.47484328532526 ], [ -16.246247321135694, 28.471025846940933 ], [ -16.246335835161769, 28.469508931771731 ], [ -16.243445466184408, 28.469034581739042 ], [ -16.244863794264059, 28.467634440202804 ], [ -16.245332456550717, 28.465227324326065 ], [ -16.24804447804982, 28.458790571972433 ], [ -16.249903296818783, 28.455318575012161 ], [ -16.252363915279741, 28.454641207998403 ], [ -16.253807260567736, 28.453123839481197 ], [ -16.25352931145936, 28.4508468270162 ], [ -16.256912814342467, 28.45060539860447 ], [ -16.259657106797707, 28.451805266788618 ], [ -16.261266394058907, 28.451513825350393 ], [ -16.26443819275632, 28.449926097220036 ], [ -16.266165332497618, 28.449680824028459 ], [ -16.267576353201981, 28.448220502697481 ], [ -16.269729054163736, 28.447304263365936 ], [ -16.273766054927432, 28.442659446804846 ], [ -16.274546008617513, 28.440160144134179 ], [ -16.27703778012447, 28.437143554789635 ], [ -16.279124152597245, 28.435634793251328 ], [ -16.28072711945229, 28.433598218274245 ], [ -16.282245092115573, 28.433143184994929 ], [ -16.286141297680757, 28.430018917512079 ], [ -16.287542076149929, 28.429695451257302 ], [ -16.290675992772783, 28.426849942341299 ], [ -16.291526058629071, 28.426836148818939 ], [ -16.293610193899923, 28.424372587641304 ], [ -16.293273860512976, 28.422130579614677 ], [ -16.293947050939789, 28.420670052995682 ], [ -16.296922347980122, 28.419603588800587 ], [ -16.297125446011062, 28.417984641738862 ], [ -16.29885945401006, 28.416759772492043 ], [ -16.300590391081286, 28.41440466985706 ], [ -16.304919983704774, 28.412855246112823 ], [ -16.306315406311803, 28.41026535031142 ], [ -16.307483661149107, 28.40972452029569 ], [ -16.30883336728596, 28.411883680109785 ], [ -16.31129986380769, 28.413173154233931 ], [ -16.311914680144653, 28.414577458405383 ], [ -16.313920630690021, 28.416798682728984 ], [ -16.317128942233975, 28.418028989320494 ], [ -16.318142438233199, 28.419596374934049 ], [ -16.320454352380096, 28.420720201137485 ], [ -16.321293480748793, 28.417796848833081 ], [ -16.326742356467015, 28.417511458117708 ], [ -16.329698143197714, 28.416442445924467 ], [ -16.331492743393145, 28.418236758347582 ], [ -16.33651253088853, 28.419349595027878 ], [ -16.338240254714997, 28.424260483910867 ], [ -16.340766103116405, 28.426361106649662 ], [ -16.342908010788779, 28.42697853847789 ], [ -16.345108950579441, 28.428881466768622 ], [ -16.34283748833511, 28.430717992153586 ], [ -16.339000944521676, 28.437396201421173 ], [ -16.336342304564582, 28.439346992719173 ], [ -16.332397924701084, 28.445522919723775 ], [ -16.330607708181667, 28.447559864022157 ], [ -16.330384040850813, 28.449601784022917 ], [ -16.3305145142321, 28.454848756107861 ], [ -16.327454084895312, 28.451737825761708 ], [ -16.326844255341648, 28.450410276001019 ], [ -16.324492482513865, 28.449961614834585 ], [ -16.321162627880177, 28.451027396088008 ], [ -16.318699415013604, 28.450187112239153 ], [ -16.314680821812939, 28.450169593646024 ], [ -16.311939487166857, 28.449516893409026 ], [ -16.309812257158182, 28.447576618681559 ], [ -16.307431459160352, 28.446911328548961 ], [ -16.305178102022751, 28.447422590815695 ], [ -16.303020677137294, 28.446285757835543 ], [ -16.299886523085693, 28.44559370055023 ], [ -16.298997463659298, 28.444024996265711 ], [ -16.300723742200127, 28.441515230162448 ], [ -16.300504258823093, 28.438128276207998 ], [ -16.299086095787683, 28.437306967238747 ], [ -16.299199540703889, 28.43551884640414 ], [ -16.296469089696664, 28.431611599897078 ], [ -16.294169262776002, 28.431972337850567 ], [ -16.293132655699186, 28.44180138899797 ], [ -16.289911597889098, 28.460167689800574 ], [ -16.282105062549782, 28.465611632773165 ], [ -16.278181287455023, 28.474026431186822 ], [ -16.272496428752696, 28.48952452908814 ], [ -16.271754778497378, 28.492796418304788 ], [ -16.271525429563685, 28.496248532461856 ], [ -16.270379276363141, 28.498727703321386 ], [ -16.271490701447128, 28.500249374707334 ], [ -16.271542555976946, 28.501751621371017 ], [ -16.275011991337294, 28.503914545628284 ], [ -16.27598540386613, 28.504092686230035 ], [ -16.277840524550577, 28.50637673124109 ], [ -16.280201704571908, 28.507805338312828 ], [ -16.284758213733593, 28.509950987490441 ], [ -16.285270503781632, 28.510909601644116 ], [ -16.285720772822177, 28.515941499867409 ], [ -16.284379689590821, 28.519530488156068 ], [ -16.284747441349666, 28.520021149495086 ], [ -16.279697280634103, 28.528728661559896 ], [ -16.280035844072181, 28.530106351809437 ], [ -16.278984992837767, 28.532792272351195 ], [ -16.276760388483375, 28.533334420048384 ], [ -16.274597500365175, 28.534654390538474 ], [ -16.269740663931632, 28.535236899626803 ], [ -16.268973818856573, 28.53656854177979 ], [ -16.270117037872005, 28.537379162664063 ], [ -16.268694576649327, 28.541171835329553 ], [ -16.267805012947754, 28.541755511838659 ], [ -16.267396562710783, 28.544135254061114 ], [ -16.268879066484903, 28.545558696479421 ], [ -16.269577140578107, 28.547968711136381 ], [ -16.27087035688357, 28.549635327550586 ], [ -16.271282199081618, 28.553180691506384 ], [ -16.269943235148972, 28.553242864319788 ], [ -16.269295897873047, 28.555706071344044 ], [ -16.273183502656714, 28.560536576541416 ], [ -16.271921673254329, 28.563222164452149 ], [ -16.273719092878661, 28.564053687967494 ], [ -16.27262737942673, 28.567470993014755 ], [ -16.27451199272598, 28.572236868915486 ] ] ] ] } },
{ "type": "Feature", "properties": { "geocode": "38039", "geopadre": "ES709A21", "etiqueta": "Santa Úrsula", "notas": "Ilustre Ayuntamiento de Santa Úrsula", "granularidad": "MUNICIPIOS", "gcd_provincia": "ES702", "gcd_isla": "ES709", "gcd_grancomarca": "ES709A2", "gcd_comarca": "ES709A21", "ign_sup": 2237.31, "ign_perim": 24504.0, "utm_x": 355021.84, "utm_y": 3143096.37, "longitud": -16.480013, "latitud": 28.406244, "utm_x_capi": 353914.93, "utm_y_capi": 3145209.08, "long_capi": -16.491577, "lati_capi": 28.425185 }, "geometry": { "type": "MultiPolygon", "coordinates": [ [ [ [ -16.503177707908335, 28.424786482521593 ], [ -16.502333191602013, 28.426508685146416 ], [ -16.502447127994465, 28.429035020929103 ], [ -16.500386536006548, 28.429640333949628 ], [ -16.500228657891061, 28.430853521441001 ], [ -16.498009655978588, 28.432117757185246 ], [ -16.498411104520475, 28.434146162156537 ], [ -16.497326702408646, 28.437784072245869 ], [ -16.494607381048205, 28.439105906762784 ], [ -16.493801590912685, 28.440621365575634 ], [ -16.491800255699026, 28.439137836665282 ], [ -16.489417228405767, 28.439503723182419 ], [ -16.487575414856153, 28.437579094729234 ], [ -16.488213476925161, 28.436771402519813 ], [ -16.48674093639513, 28.433459510130177 ], [ -16.484618245522395, 28.4320657473091 ], [ -16.483415135551464, 28.42998730701483 ], [ -16.479617165705836, 28.426224577055798 ], [ -16.478156594029414, 28.426567604276105 ], [ -16.476013598667368, 28.4282221420961 ], [ -16.474138690434508, 28.427263238020249 ], [ -16.470790634676348, 28.426475915034207 ], [ -16.468614293766166, 28.425423169201569 ], [ -16.46748100851649, 28.423452123849849 ], [ -16.465568630987935, 28.423420831012358 ], [ -16.462704002417553, 28.418984205636281 ], [ -16.460591442707216, 28.416820547952472 ], [ -16.460244488529977, 28.412063510738456 ], [ -16.457677837223432, 28.40936090438138 ], [ -16.456938981738325, 28.4066048590138 ], [ -16.45478766622276, 28.404565608611403 ], [ -16.452416476971202, 28.403611686363075 ], [ -16.451424560896271, 28.401909734981377 ], [ -16.447943477916485, 28.399173800482657 ], [ -16.44436877839906, 28.395612958828082 ], [ -16.442871435381665, 28.390394211325411 ], [ -16.445392253261826, 28.390392309428332 ], [ -16.447219750211332, 28.389407212626505 ], [ -16.448708875353518, 28.389621528417823 ], [ -16.449362908449228, 28.387692206412531 ], [ -16.452993506353494, 28.385701839487588 ], [ -16.455062388821016, 28.382997025028168 ], [ -16.456936473627458, 28.382426463306587 ], [ -16.457992043588956, 28.380490552918168 ], [ -16.461084602687027, 28.37645476240354 ], [ -16.461003593789712, 28.374127133976408 ], [ -16.462893496365933, 28.373398384266263 ], [ -16.463561458433283, 28.371881751570424 ], [ -16.465944402283252, 28.372553336573798 ], [ -16.467583325581181, 28.374074489866956 ], [ -16.46931294548672, 28.377406445322688 ], [ -16.471767533722183, 28.379929563935644 ], [ -16.471659075678659, 28.381058879266224 ], [ -16.475119334143745, 28.384342716322177 ], [ -16.476022776002971, 28.387931704991313 ], [ -16.477917332543111, 28.389023513593067 ], [ -16.479858137620642, 28.388918963579084 ], [ -16.482009896631968, 28.389856748766313 ], [ -16.484457197251103, 28.392386466851551 ], [ -16.485848877919882, 28.392398370147177 ], [ -16.48824831643357, 28.393683073829699 ], [ -16.48928463521316, 28.395605374633966 ], [ -16.492320028458341, 28.397995389952971 ], [ -16.49371146331228, 28.400577104770598 ], [ -16.495648039307504, 28.401656911698986 ], [ -16.496560830941924, 28.403217246895917 ], [ -16.502536897982694, 28.405425761459547 ], [ -16.504735770098463, 28.407335099719532 ], [ -16.505923809956055, 28.407188847914501 ], [ -16.508955292500925, 28.411661038484848 ], [ -16.506756427888664, 28.41418080912338 ], [ -16.508071552655398, 28.415253765268638 ], [ -16.507337286893417, 28.417533946514084 ], [ -16.503793014528561, 28.421749472708218 ], [ -16.503177707908335, 28.424786482521593 ] ] ] ] } },
{ "type": "Feature", "properties": { "geocode": "38040", "geopadre": "ES709A32", "etiqueta": "Santiago del Teide", "notas": "Ilustre Ayuntamiento de La Villa de Santiago del Teide", "granularidad": "MUNICIPIOS", "gcd_provincia": "ES702", "gcd_isla": "ES709", "gcd_grancomarca": "ES709A3", "gcd_comarca": "ES709A32", "ign_sup": 5198.76, "ign_perim": 52245.0, "utm_x": 321859.92, "utm_y": 3128557.23, "longitud": -16.816188, "latitud": 28.27097, "utm_x_capi": 321968.39, "utm_y_capi": 3131488.0, "long_capi": -16.815531, "lati_capi": 28.297427 }, "geometry": { "type": "MultiPolygon", "coordinates": [ [ [ [ -16.806935959781288, 28.313335934332844 ], [ -16.80279095090658, 28.314994846278957 ], [ -16.798522667465232, 28.31318085962593 ], [ -16.792884885609343, 28.311423087286151 ], [ -16.78849838881408, 28.309172642796316 ], [ -16.777950185546011, 28.305308111757469 ], [ -16.774616824403989, 28.303927879164508 ], [ -16.765151738345889, 28.298367418566887 ], [ -16.757047623934515, 28.294794464647392 ], [ -16.743105278185219, 28.287512108915472 ], [ -16.734572405511411, 28.286305433382594 ], [ -16.714372743776284, 28.277082362410795 ], [ -16.700440138923561, 28.271595777735314 ], [ -16.683495524141545, 28.270343651839941 ], [ -16.679321789597868, 28.26881794432796 ], [ -16.700686083585087, 28.267967028934606 ], [ -16.746952425186755, 28.273698172190159 ], [ -16.777039513431038, 28.273950783267392 ], [ -16.795515029231851, 28.264659857522975 ], [ -16.808616662798276, 28.256005848814162 ], [ -16.840326265439778, 28.226692407252362 ], [ -16.841454032641103, 28.226452718911855 ], [ -16.843179447414435, 28.228562793235362 ], [ -16.8412855340408, 28.229049801975506 ], [ -16.842401938537634, 28.232428783973536 ], [ -16.841790812980793, 28.233627002417684 ], [ -16.842853343894962, 28.234672562077645 ], [ -16.843205339682726, 28.236706119138656 ], [ -16.845354035455294, 28.237467160128098 ], [ -16.845964076329221, 28.23926092017938 ], [ -16.845459409131546, 28.240457562750741 ], [ -16.8422227551603, 28.243024252330322 ], [ -16.843302096188463, 28.244992067350825 ], [ -16.842620624713867, 28.246295442855903 ], [ -16.839790309803512, 28.24824658033538 ], [ -16.837795160410796, 28.255410053212675 ], [ -16.838001288008165, 28.257318499737327 ], [ -16.839780028273978, 28.261618127247438 ], [ -16.841435189626043, 28.264626741106632 ], [ -16.846978968675412, 28.266276345012276 ], [ -16.850933420358363, 28.268762240429364 ], [ -16.849411194559444, 28.270027214671806 ], [ -16.84940683149312, 28.271677029518898 ], [ -16.850394500668518, 28.272880971152567 ], [ -16.852785969184108, 28.273144114245508 ], [ -16.85122263426446, 28.274867345992895 ], [ -16.848665921858803, 28.279274261876068 ], [ -16.846818034042403, 28.281846380118044 ], [ -16.847012197170169, 28.283073318045808 ], [ -16.844102576891324, 28.283069777177644 ], [ -16.842801519858966, 28.284698184839709 ], [ -16.841717595804035, 28.284266104263551 ], [ -16.839527766532623, 28.286587804740847 ], [ -16.838278329776291, 28.286406096274444 ], [ -16.833917154285292, 28.288188393068801 ], [ -16.831864811357107, 28.290329899713132 ], [ -16.832317393328797, 28.291548882587506 ], [ -16.831013883298322, 28.293143376944375 ], [ -16.828733701670533, 28.292291808144444 ], [ -16.82393358384142, 28.293188519665588 ], [ -16.821320507032787, 28.292654869374868 ], [ -16.820948094417652, 28.295333310278572 ], [ -16.821881111821185, 28.297827382272573 ], [ -16.823500497988526, 28.298938318069009 ], [ -16.823872179634865, 28.303057487457384 ], [ -16.823343693959867, 28.303439059500207 ], [ -16.826327946172508, 28.306602806344671 ], [ -16.823901364280562, 28.310856399190573 ], [ -16.822020381876804, 28.311066525304668 ], [ -16.818565623627613, 28.314485464581953 ], [ -16.816015924544754, 28.312141498891428 ], [ -16.813628919901028, 28.311848366031771 ], [ -16.811082353244949, 28.310826333141932 ], [ -16.80794004095095, 28.312221658776838 ], [ -16.806935959781288, 28.313335934332844 ] ] ] ] } },
{ "type": "Feature", "properties": { "geocode": "38041", "geopadre": "ES709A21", "etiqueta": "El Sauzal", "notas": "Ilustre Ayuntamiento de El Sauzal", "granularidad": "MUNICIPIOS", "gcd_provincia": "ES702", "gcd_isla": "ES709", "gcd_grancomarca": "ES709A2", "gcd_comarca": "ES709A21", "ign_sup": 1820.11, "ign_perim": 25335.0, "utm_x": 360888.47, "utm_y": 3147931.52, "longitud": -16.420722, "latitud": 28.450514, "utm_x_capi": 359367.3, "utm_y_capi": 3151110.19, "long_capi": -16.436641, "lati_capi": 28.479035 }, "geometry": { "type": "MultiPolygon", "coordinates": [ [ [ [ -16.455171072043896, 28.465934063909863 ], [ -16.45645276296046, 28.468755717218574 ], [ -16.450918563954737, 28.471584574024721 ], [ -16.449159144294629, 28.473835545985306 ], [ -16.451877473878831, 28.475772626066199 ], [ -16.451154583799802, 28.477159988617068 ], [ -16.44810726494309, 28.474246960583919 ], [ -16.444806552429768, 28.474542644461021 ], [ -16.443332531902605, 28.476449561664676 ], [ -16.444018193737033, 28.479482140100853 ], [ -16.442440544754017, 28.481312840147837 ], [ -16.43800108458311, 28.481728643392394 ], [ -16.43676990060365, 28.483053350427642 ], [ -16.433622370414788, 28.484930750427782 ], [ -16.430918091896832, 28.487161046074469 ], [ -16.428903058930892, 28.485766045791117 ], [ -16.427021021092283, 28.482947414582444 ], [ -16.424307360289351, 28.481755222933604 ], [ -16.421819202837455, 28.478877429106106 ], [ -16.418930761262551, 28.477826842634812 ], [ -16.417975082618653, 28.475341358661172 ], [ -16.410273065012074, 28.462847132983097 ], [ -16.409484353058406, 28.458414916146211 ], [ -16.408753504639847, 28.457258237191265 ], [ -16.405925397730048, 28.448991076580789 ], [ -16.396493141227896, 28.43019161731095 ], [ -16.398063802526643, 28.427323514212766 ], [ -16.403042179758124, 28.425652261226087 ], [ -16.404338659219601, 28.424170034231153 ], [ -16.406466327819736, 28.419908733711118 ], [ -16.406741259737945, 28.414346735841356 ], [ -16.408723268856598, 28.413974160822107 ], [ -16.408804320039241, 28.418867843150078 ], [ -16.411128551920577, 28.421006422730365 ], [ -16.413535392143718, 28.424808150291387 ], [ -16.416671929164526, 28.431880644145917 ], [ -16.4181447259724, 28.433604914840334 ], [ -16.420016513015469, 28.437511359176984 ], [ -16.422246837342048, 28.439060708120902 ], [ -16.426276576569979, 28.440945408845863 ], [ -16.427487970742529, 28.442500830449159 ], [ -16.427918360644853, 28.445465595411633 ], [ -16.430643334516571, 28.449367428202194 ], [ -16.43263463171763, 28.450294115586928 ], [ -16.434868048302928, 28.450360830622959 ], [ -16.438686668869853, 28.452396285206632 ], [ -16.439145688117744, 28.453348094419905 ], [ -16.441939799686136, 28.454327065508998 ], [ -16.445513502817171, 28.456730433140155 ], [ -16.447291146723952, 28.459430345862483 ], [ -16.449345917301585, 28.46156997933473 ], [ -16.450724271302821, 28.463974010758726 ], [ -16.455171072043896, 28.465934063909863 ] ] ] ] } },
{ "type": "Feature", "properties": { "geocode": "38042", "geopadre": "ES709A22", "etiqueta": "Los Silos", "notas": "Ilustre Ayuntamiento de Los Silos", "granularidad": "MUNICIPIOS", "gcd_provincia": "ES702", "gcd_isla": "ES709", "gcd_grancomarca": "ES709A2", "gcd_comarca": "ES709A22", "ign_sup": 2449.68, "ign_perim": 26883.0, "utm_x": 322196.67, "utm_y": 3137557.32, "longitud": -16.814134, "latitud": 28.352217, "utm_x_capi": 321939.56, "utm_y_capi": 3139038.03, "long_capi": -16.816984, "lati_capi": 28.365542 }, "geometry": { "type": "MultiPolygon", "coordinates": [ [ [ [ -16.806935959781288, 28.313335934332844 ], [ -16.80794004095095, 28.312221658776838 ], [ -16.811082353244949, 28.310826333141932 ], [ -16.813628919901028, 28.311848366031771 ], [ -16.816015924544754, 28.312141498891428 ], [ -16.818565623627613, 28.314485464581953 ], [ -16.822063481217651, 28.314790752950376 ], [ -16.824607560269087, 28.316924857398135 ], [ -16.826013779477893, 28.31885755926222 ], [ -16.829213946694779, 28.324939954586767 ], [ -16.830708035113702, 28.325163569523504 ], [ -16.830586469283904, 28.326866284601028 ], [ -16.831942713245578, 28.329104155975653 ], [ -16.831937076770568, 28.333569007577946 ], [ -16.834089738249659, 28.335960845615755 ], [ -16.833593344224685, 28.340481923231625 ], [ -16.834141150561567, 28.342552399159079 ], [ -16.833487330764143, 28.344219404488339 ], [ -16.833970971836386, 28.346728420034822 ], [ -16.833388462434261, 28.34809440831183 ], [ -16.833956882727566, 28.350638379188208 ], [ -16.835444662277023, 28.352734550726641 ], [ -16.834769361910379, 28.355378727911276 ], [ -16.833041631699135, 28.357538466672828 ], [ -16.833456641194182, 28.361503564082529 ], [ -16.834373131178342, 28.365965011208388 ], [ -16.833392915127998, 28.375524428484198 ], [ -16.830688688757135, 28.390570900719592 ], [ -16.83022962987015, 28.392577673035181 ], [ -16.828002768335914, 28.393618921729718 ], [ -16.825449875310905, 28.391537766192169 ], [ -16.825201001484906, 28.387034540734078 ], [ -16.822810294009866, 28.387881649250041 ], [ -16.820784464870545, 28.38524648165356 ], [ -16.8175264014288, 28.383670570085705 ], [ -16.814864717214974, 28.380356658825754 ], [ -16.812772896872762, 28.379461003989814 ], [ -16.81178839629937, 28.377729925808541 ], [ -16.808856940417229, 28.37626411325363 ], [ -16.806557678272551, 28.376265882445843 ], [ -16.805237607173666, 28.378910214156971 ], [ -16.802583513343812, 28.376666563798903 ], [ -16.79854339339359, 28.377411602532778 ], [ -16.794472643220264, 28.37667733828961 ], [ -16.793589289109729, 28.37486606061973 ], [ -16.796059145452176, 28.373484962293336 ], [ -16.797111155589075, 28.371506039755207 ], [ -16.796759839673172, 28.368406292950567 ], [ -16.795750522559619, 28.365743871566266 ], [ -16.795069774685274, 28.357576757397627 ], [ -16.793399291273836, 28.356290208341068 ], [ -16.7930407217146, 28.353222121380789 ], [ -16.794482015229821, 28.350229623176951 ], [ -16.796251468920918, 28.348803031643499 ], [ -16.799072615345509, 28.342579624016899 ], [ -16.800980893330774, 28.335826757606313 ], [ -16.802106931588281, 28.333179019444518 ], [ -16.806401384412357, 28.325672587200462 ], [ -16.80793874642838, 28.323445760455325 ], [ -16.808747292008619, 28.320716448066225 ], [ -16.808773881015075, 28.317618475185512 ], [ -16.80684855522701, 28.314386177863689 ], [ -16.806935959781288, 28.313335934332844 ] ] ] ] } },
{ "type": "Feature", "properties": { "geocode": "38043", "geopadre": "ES709A21", "etiqueta": "Tacoronte", "notas": "Ilustre Ayuntamiento de La Ciudad de Tacoronte", "granularidad": "MUNICIPIOS", "gcd_provincia": "ES702", "gcd_isla": "ES709", "gcd_grancomarca": "ES709A2", "gcd_comarca": "ES709A21", "ign_sup": 2999.64, "ign_perim": 31313.0, "utm_x": 363235.31, "utm_y": 3150998.76, "longitud": -16.397124, "latitud": 28.478441, "utm_x_capi": 361720.0, "utm_y_capi": 3151292.56, "long_capi": -16.412635, "lati_capi": 28.480932 }, "geometry": { "type": "MultiPolygon", "coordinates": [ [ [ [ -16.430918091896832, 28.487161046074469 ], [ -16.428714362196231, 28.489394409726515 ], [ -16.428715091966488, 28.492224261079208 ], [ -16.426995201489948, 28.49256447970475 ], [ -16.427083748193741, 28.494105814891146 ], [ -16.425856436560835, 28.496345605428377 ], [ -16.426214021324483, 28.499552597922968 ], [ -16.424433048698102, 28.500535248434421 ], [ -16.425824941376138, 28.501784427971668 ], [ -16.423325120422685, 28.504767212959571 ], [ -16.423930223520067, 28.50636388478485 ], [ -16.421630923683171, 28.50723145580444 ], [ -16.421486920590649, 28.509850269157894 ], [ -16.419921007239836, 28.512501223871929 ], [ -16.421616457522212, 28.517281080309747 ], [ -16.419355504458949, 28.518419917089265 ], [ -16.417713988917384, 28.520789179282914 ], [ -16.41666003660313, 28.520766204819815 ], [ -16.412229727475854, 28.52482297631429 ], [ -16.411180803071485, 28.52668842500842 ], [ -16.405587935181199, 28.520437777647995 ], [ -16.403796801055993, 28.517446419903003 ], [ -16.399954113761591, 28.50980567909281 ], [ -16.392580956778424, 28.505041704623846 ], [ -16.393527479467178, 28.504447621592067 ], [ -16.388984718592194, 28.500299680131167 ], [ -16.385534291139095, 28.498947279150034 ], [ -16.380501803468817, 28.494634806079134 ], [ -16.375225435416393, 28.49189273381441 ], [ -16.374798598733147, 28.489699409845798 ], [ -16.373264688633093, 28.475441503371044 ], [ -16.372689445339397, 28.471832699525024 ], [ -16.377518965065754, 28.471240092648291 ], [ -16.378663399487007, 28.46606605630155 ], [ -16.379551982529655, 28.464495678556776 ], [ -16.380970419263502, 28.458242581902081 ], [ -16.38351335997374, 28.453318288383752 ], [ -16.383463743735145, 28.45107601751501 ], [ -16.382657010463266, 28.45038927379376 ], [ -16.385435555137533, 28.450584383074201 ], [ -16.383823102336862, 28.446568759713131 ], [ -16.385655749541023, 28.444147134020501 ], [ -16.388991400359945, 28.441249863717086 ], [ -16.396493141227896, 28.43019161731095 ], [ -16.405925397730048, 28.448991076580789 ], [ -16.408753504639847, 28.457258237191265 ], [ -16.409484353058406, 28.458414916146211 ], [ -16.410273065012074, 28.462847132983097 ], [ -16.417975082618653, 28.475341358661172 ], [ -16.418930761262551, 28.477826842634812 ], [ -16.421819202837455, 28.478877429106106 ], [ -16.424307360289351, 28.481755222933604 ], [ -16.427021021092283, 28.482947414582444 ], [ -16.428903058930892, 28.485766045791117 ], [ -16.430918091896832, 28.487161046074469 ] ] ] ] } },
{ "type": "Feature", "properties": { "geocode": "38044", "geopadre": "ES709A22", "etiqueta": "El Tanque", "notas": "Ilustre Ayuntamiento de El Tanque", "granularidad": "MUNICIPIOS", "gcd_provincia": "ES702", "gcd_isla": "ES709", "gcd_grancomarca": "ES709A2", "gcd_comarca": "ES709A22", "ign_sup": 2606.48, "ign_perim": 26568.0, "utm_x": 324945.85, "utm_y": 3134804.73, "longitud": -16.78568, "latitud": 28.327752, "utm_x_capi": 325625.29, "utm_y_capi": 3137951.01, "long_capi": -16.779225, "lati_capi": 28.35623 }, "geometry": { "type": "MultiPolygon", "coordinates": [ [ [ [ -16.743105278185219, 28.287512108915472 ], [ -16.757047623934515, 28.294794464647392 ], [ -16.765151738345889, 28.298367418566887 ], [ -16.774616824403989, 28.303927879164508 ], [ -16.777950185546011, 28.305308111757469 ], [ -16.78849838881408, 28.309172642796316 ], [ -16.792884885609343, 28.311423087286151 ], [ -16.798522667465232, 28.31318085962593 ], [ -16.80279095090658, 28.314994846278957 ], [ -16.806935959781288, 28.313335934332844 ], [ -16.80684855522701, 28.314386177863689 ], [ -16.808773881015075, 28.317618475185512 ], [ -16.808747292008619, 28.320716448066225 ], [ -16.80793874642838, 28.323445760455325 ], [ -16.806401384412357, 28.325672587200462 ], [ -16.802106931588281, 28.333179019444518 ], [ -16.800980893330774, 28.335826757606313 ], [ -16.799072615345509, 28.342579624016899 ], [ -16.796251468920918, 28.348803031643499 ], [ -16.794482015229821, 28.350229623176951 ], [ -16.7930407217146, 28.353222121380789 ], [ -16.793399291273836, 28.356290208341068 ], [ -16.795069774685274, 28.357576757397627 ], [ -16.795750522559619, 28.365743871566266 ], [ -16.793395628875782, 28.364775428369175 ], [ -16.79028131854054, 28.359722104761385 ], [ -16.788417297057912, 28.360619682818747 ], [ -16.786968014912173, 28.360413079695 ], [ -16.781928201659792, 28.361309300228058 ], [ -16.780295826136335, 28.366864848963509 ], [ -16.771327258857362, 28.368010487821092 ], [ -16.765543663024111, 28.365321795857124 ], [ -16.763839103544882, 28.350354234441632 ], [ -16.76731518717504, 28.331411976308125 ], [ -16.765154106869009, 28.325003238966964 ], [ -16.762535644458776, 28.316371307861523 ], [ -16.757457173172938, 28.302654087905214 ], [ -16.749429078034691, 28.293741671264502 ], [ -16.743105278185219, 28.287512108915472 ] ] ] ] } },
{ "type": "Feature", "properties": { "geocode": "38045", "geopadre": "ES707A04", "etiqueta": "Tazacorte", "notas": "Ayuntamiento de La Villa y Puerto de Tazacorte", "granularidad": "MUNICIPIOS", "gcd_provincia": "ES702", "gcd_isla": "ES707", "gcd_grancomarca": "ES707A0", "gcd_comarca": "ES707A08", "ign_sup": 1156.38, "ign_perim": 26062.0, "utm_x": 214213.41, "utm_y": 3170190.01, "longitud": -17.923039, "latitud": 28.627305, "utm_x_capi": 213250.21, "utm_y_capi": 3171700.92, "long_capi": -17.933259, "lati_capi": 28.640713 }, "geometry": { "type": "MultiPolygon", "coordinates": [ [ [ [ -17.918469814472729, 28.592007426160723 ], [ -17.922386250901486, 28.593558443772014 ], [ -17.925112672380564, 28.595242126174199 ], [ -17.92628483897952, 28.598756302393607 ], [ -17.924167524183495, 28.600613695513896 ], [ -17.923807062040936, 28.602422065079963 ], [ -17.924466241312839, 28.604256506551607 ], [ -17.923282511829452, 28.60614406914366 ], [ -17.923350736721282, 28.608860981558848 ], [ -17.925542589681488, 28.615037249005127 ], [ -17.929175676658247, 28.621414747798497 ], [ -17.932274894413624, 28.624312479486267 ], [ -17.934856649391211, 28.630609084503234 ], [ -17.937467080861936, 28.633946167049647 ], [ -17.938154625737063, 28.639692050021775 ], [ -17.940482833130346, 28.642251460216006 ], [ -17.941768123943454, 28.642175279112568 ], [ -17.943538248535312, 28.643311426594071 ], [ -17.945285582208591, 28.643202776305106 ], [ -17.945452138371863, 28.646822928751124 ], [ -17.946011599649104, 28.649208707450622 ], [ -17.947508271882185, 28.651435799093626 ], [ -17.949727403185001, 28.652239895078331 ], [ -17.948670904840725, 28.654322676384673 ], [ -17.945899102738039, 28.656405400854517 ], [ -17.94466400986369, 28.657900730251317 ], [ -17.939855356677864, 28.661240462389252 ], [ -17.938608205702, 28.662717041259114 ], [ -17.936330640725771, 28.661061347713368 ], [ -17.934146554426519, 28.658275492382145 ], [ -17.934799289769991, 28.656348999057382 ], [ -17.936611316171749, 28.655277716682459 ], [ -17.937999018052903, 28.653487349821965 ], [ -17.942100568984291, 28.65080185238299 ], [ -17.93571462851385, 28.648851753455592 ], [ -17.933625909333834, 28.647643621854456 ], [ -17.929257489742831, 28.647822746269362 ], [ -17.927531753981416, 28.648351402829398 ], [ -17.924112444202692, 28.647702194605625 ], [ -17.924913566471417, 28.643972577902531 ], [ -17.924192781292852, 28.639885830111886 ], [ -17.922263454846611, 28.636423031587594 ], [ -17.91597463275178, 28.633093172654206 ], [ -17.915521928472518, 28.631560222488627 ], [ -17.913066832767555, 28.628710101053528 ], [ -17.912169512756137, 28.625761258712455 ], [ -17.911604995632167, 28.617226149598533 ], [ -17.910994810662586, 28.613945065754844 ], [ -17.909000410277283, 28.608311792383798 ], [ -17.907226769836591, 28.60132860473286 ], [ -17.904617435248447, 28.593415692002523 ], [ -17.908619326057586, 28.59244539179479 ], [ -17.917559345638146, 28.592372736057587 ], [ -17.918469814472729, 28.592007426160723 ] ] ] ] } },
{ "type": "Feature", "properties": { "geocode": "38046", "geopadre": "ES709A10", "etiqueta": "Tegueste", "notas": "Ilustre Ayuntamiento de La Villa de Tegueste", "granularidad": "MUNICIPIOS", "gcd_provincia": "ES702", "gcd_isla": "ES709", "gcd_grancomarca": "ES709A1", "gcd_comarca": "ES709A10", "ign_sup": 2644.48, "ign_perim": 23567.0, "utm_x": 369274.15, "utm_y": 3155345.57, "longitud": -16.335942, "latitud": 28.518287, "utm_x_capi": 369223.6, "utm_y_capi": 3155841.41, "long_capi": -16.336515, "lati_capi": 28.522756 }, "geometry": { "type": "MultiPolygon", "coordinates": [ [ [ [ -16.358976530515744, 28.492162207193381 ], [ -16.360536789343463, 28.493141632676757 ], [ -16.362250047045922, 28.492950061683452 ], [ -16.363264905946174, 28.495066006532159 ], [ -16.365371319137246, 28.497371117040487 ], [ -16.366390869395488, 28.497135239805626 ], [ -16.371286515348601, 28.499021842480964 ], [ -16.373078198845089, 28.501830900842467 ], [ -16.372232889603048, 28.503172914490829 ], [ -16.372709219019359, 28.505316103776192 ], [ -16.371608701195317, 28.506875040368787 ], [ -16.371969991822699, 28.508665152941553 ], [ -16.371569173553702, 28.510878118707303 ], [ -16.372882063375283, 28.514693799760799 ], [ -16.371952273529146, 28.517462646567271 ], [ -16.367740381713315, 28.520148229843596 ], [ -16.365026714733265, 28.521412006369161 ], [ -16.357691096621235, 28.526026860439071 ], [ -16.353070041530085, 28.527747351770699 ], [ -16.351118308905122, 28.529069058550309 ], [ -16.352135374741319, 28.530623747380627 ], [ -16.349429467276646, 28.535532304415486 ], [ -16.348137381627197, 28.536159927284235 ], [ -16.346005753530978, 28.54318690100699 ], [ -16.343129654766521, 28.54276637903688 ], [ -16.343096599050309, 28.545095213135038 ], [ -16.338847568735627, 28.545728334192795 ], [ -16.33268771170674, 28.545671613015635 ], [ -16.329769190506941, 28.545181279078477 ], [ -16.326314547584467, 28.543121213191174 ], [ -16.323749906852594, 28.542724311417455 ], [ -16.321162101921281, 28.5431060153619 ], [ -16.31969892853127, 28.541107610037042 ], [ -16.318201580018055, 28.540849140842937 ], [ -16.314102379263232, 28.541279219577259 ], [ -16.312327076401679, 28.539931315416247 ], [ -16.309103016392577, 28.538940323140967 ], [ -16.307779191818774, 28.539228351346129 ], [ -16.303435801141699, 28.538164514596367 ], [ -16.301639807460582, 28.536417294193754 ], [ -16.298452804677709, 28.53462920381692 ], [ -16.293835491974814, 28.534727426528555 ], [ -16.292469679672109, 28.532542763691374 ], [ -16.293344993691587, 28.531045250050543 ], [ -16.295816517184154, 28.529918343701308 ], [ -16.29506559273716, 28.528003109911982 ], [ -16.297687103989698, 28.52452815387041 ], [ -16.297477262715891, 28.523404247698213 ], [ -16.298847170134469, 28.522199810997535 ], [ -16.300116675844517, 28.519139358907552 ], [ -16.307948179020464, 28.511940941535254 ], [ -16.315897875930268, 28.510311825084099 ], [ -16.315965263791824, 28.50833237119959 ], [ -16.319902169417198, 28.507612774342284 ], [ -16.321147658869219, 28.509502754288757 ], [ -16.324409729722451, 28.511709271466014 ], [ -16.32760367046377, 28.50897502410464 ], [ -16.33386132529041, 28.50494486822959 ], [ -16.335720936198367, 28.504470824754254 ], [ -16.336634929018199, 28.502232592084461 ], [ -16.340184890416101, 28.499548709093524 ], [ -16.34464795592541, 28.497812385136942 ], [ -16.348011189768936, 28.495385115417207 ], [ -16.349220984518777, 28.493563544489902 ], [ -16.351477737321051, 28.492108362805244 ], [ -16.354823849760955, 28.490716749915169 ], [ -16.358122105754177, 28.491254683492475 ], [ -16.358976530515744, 28.492162207193381 ] ] ] ] } },
{ "type": "Feature", "properties": { "geocode": "38047", "geopadre": "ES707A03", "etiqueta": "Tijarafe", "notas": "Ayuntamiento de Tijarafe", "granularidad": "MUNICIPIOS", "gcd_provincia": "ES702", "gcd_isla": "ES707", "gcd_grancomarca": "ES707A0", "gcd_comarca": "ES707A06", "ign_sup": 5354.89, "ign_perim": 38669.0, "utm_x": 212260.74, "utm_y": 3178470.02, "longitud": -17.945077, "latitud": 28.701513, "utm_x_capi": 211225.46, "utm_y_capi": 3179608.69, "long_capi": -17.955951, "lati_capi": 28.711546 }, "geometry": { "type": "MultiPolygon", "coordinates": [ [ [ [ -17.938608205702, 28.662717041259114 ], [ -17.939855356677864, 28.661240462389252 ], [ -17.94466400986369, 28.657900730251317 ], [ -17.945899102738039, 28.656405400854517 ], [ -17.948670904840725, 28.654322676384673 ], [ -17.949727403185001, 28.652239895078331 ], [ -17.955757428930266, 28.658552214969607 ], [ -17.956394283796605, 28.661253290997195 ], [ -17.958114010625319, 28.663893890686506 ], [ -17.962074523016295, 28.666893934102941 ], [ -17.964282690070526, 28.667924436901679 ], [ -17.963862870038632, 28.670175347132471 ], [ -17.962800287407124, 28.671048283196239 ], [ -17.962899724144634, 28.67520786495723 ], [ -17.964198043970448, 28.677996318110878 ], [ -17.967709149988021, 28.681301041796836 ], [ -17.965107998700379, 28.682871979573097 ], [ -17.967640055700564, 28.690158849526338 ], [ -17.968952383127572, 28.690876339479036 ], [ -17.96929804752542, 28.69550787829516 ], [ -17.971402387583673, 28.696294744495734 ], [ -17.97037053270693, 28.698963193479589 ], [ -17.972751321129113, 28.702361834436491 ], [ -17.97482863055512, 28.704412694695339 ], [ -17.973234659288451, 28.707386043549729 ], [ -17.973523417468293, 28.710046765640826 ], [ -17.974572790966452, 28.711387897600744 ], [ -17.977689533638685, 28.713536414493348 ], [ -17.979069430295684, 28.716541148414485 ], [ -17.980331975948314, 28.717347456706985 ], [ -17.980711069911909, 28.718948396032015 ], [ -17.979519799846464, 28.721992938981511 ], [ -17.981187545360285, 28.723831085786973 ], [ -17.980457007799902, 28.726287577606726 ], [ -17.981734921154622, 28.728927144099838 ], [ -17.984801324604479, 28.730061943007804 ], [ -17.985995530282651, 28.73263106163391 ], [ -17.989028735332891, 28.732946961772061 ], [ -17.990071403587002, 28.736273253307175 ], [ -17.991441369702549, 28.737939160643329 ], [ -17.991814955846689, 28.740248499724121 ], [ -17.990822242766384, 28.742064752643252 ], [ -17.989626800675808, 28.741982171933547 ], [ -17.988497177598401, 28.744490373758651 ], [ -17.981449544704329, 28.745611782405756 ], [ -17.980343289442882, 28.746198486882381 ], [ -17.97717039692564, 28.744882947554196 ], [ -17.975588605703901, 28.745645787731309 ], [ -17.972349612495329, 28.745726128967199 ], [ -17.970161490626612, 28.746326904849354 ], [ -17.967573988955476, 28.748685896568571 ], [ -17.966339334255192, 28.750736966925029 ], [ -17.964807264070259, 28.749691034931146 ], [ -17.959144269985636, 28.749176365717052 ], [ -17.958097936225446, 28.750152051335657 ], [ -17.953657598801847, 28.750578463186127 ], [ -17.951986950598098, 28.748564784218363 ], [ -17.951919916304945, 28.746801071104134 ], [ -17.948718896183159, 28.746961195128332 ], [ -17.947376048405953, 28.746048832877086 ], [ -17.946183579509945, 28.746846049615076 ], [ -17.942424530235861, 28.746414767042808 ], [ -17.940275406804371, 28.745332823049495 ], [ -17.937350264710535, 28.74477445858739 ], [ -17.935565707446486, 28.745372490493839 ], [ -17.932006917497066, 28.744340341079081 ], [ -17.928237020886908, 28.742819283905849 ], [ -17.923531488830541, 28.743233303917581 ], [ -17.917216022214653, 28.742543620057937 ], [ -17.915162156457825, 28.741335085174317 ], [ -17.91174004553611, 28.741344851854414 ], [ -17.910845947994211, 28.740694838951736 ], [ -17.906993483559965, 28.740463904008987 ], [ -17.905421765452864, 28.741634512176379 ], [ -17.901899016669606, 28.741433051917578 ], [ -17.899789392699553, 28.740267397305132 ], [ -17.899635753341791, 28.738385989375583 ], [ -17.900329368217147, 28.736653914089516 ], [ -17.90198790839969, 28.735218627312936 ], [ -17.902270375736204, 28.73354632952864 ], [ -17.901414024720093, 28.731263714268248 ], [ -17.90249495970621, 28.729209757184751 ], [ -17.904814238627804, 28.727216978187133 ], [ -17.905062537256978, 28.724712217802637 ], [ -17.906666268003995, 28.722504865789265 ], [ -17.908889910932828, 28.720706453052134 ], [ -17.90955255890411, 28.717759781130898 ], [ -17.908299108351915, 28.716364959083663 ], [ -17.908965776494195, 28.714087049141096 ], [ -17.910445433546954, 28.71287407491285 ], [ -17.911889909999488, 28.710440702181362 ], [ -17.911686313148124, 28.709377762927996 ], [ -17.91393562754693, 28.706734276985074 ], [ -17.915970800558711, 28.70524410315587 ], [ -17.915367573968201, 28.70381825648845 ], [ -17.91746517378381, 28.701066474007785 ], [ -17.919937200289077, 28.699379764872859 ], [ -17.920046543485288, 28.698298763010587 ], [ -17.921912567877882, 28.696961848840079 ], [ -17.922139218873415, 28.694818074053678 ], [ -17.924136547213568, 28.692787527513509 ], [ -17.923484729073252, 28.691451416581117 ], [ -17.922815565942056, 28.687287451516045 ], [ -17.921047911369897, 28.685108429361101 ], [ -17.920929116680618, 28.683532221913705 ], [ -17.921548268764091, 28.676814830037095 ], [ -17.924231331902018, 28.674737291040678 ], [ -17.926813796674114, 28.674323674324956 ], [ -17.931569810772402, 28.67205111356655 ], [ -17.932223856868255, 28.671390673110182 ], [ -17.934618731423871, 28.665675874805551 ], [ -17.936762027700208, 28.663417756558186 ], [ -17.938608205702, 28.662717041259114 ] ] ] ] } },
{ "type": "Feature", "properties": { "geocode": "38048", "geopadre": "ES703A00", "etiqueta": "Valverde", "notas": "Ayuntamiento de Valverde", "granularidad": "MUNICIPIOS", "gcd_provincia": "ES702", "gcd_isla": "ES703", "gcd_grancomarca": "ES703A0", "gcd_comarca": "ES703A00", "ign_sup": 10368.5, "ign_perim": 79624.0, "utm_x": 209378.88, "utm_y": 3075290.97, "longitud": -17.948833, "latitud": 27.770721, "utm_x_capi": 212813.6, "utm_y_capi": 3079220.08, "long_capi": -17.914964, "lati_capi": 27.806884 }, "geometry": { "type": "MultiPolygon", "coordinates": [ [ [ [ -17.960788451619248, 27.692453844968863 ], [ -17.967496691560179, 27.714050897132513 ], [ -17.969883251759338, 27.717246751642378 ], [ -17.972394087755799, 27.719685528166231 ], [ -17.973136473211049, 27.72104558168617 ], [ -17.97522897048967, 27.729970491072905 ], [ -17.976145818855436, 27.732135075111891 ], [ -17.980922587970756, 27.729849526968163 ], [ -17.992082949969962, 27.728408886521454 ], [ -18.001761552918381, 27.726524521227862 ], [ -18.00662185238561, 27.725923968876966 ], [ -18.013516871865324, 27.72558661453969 ], [ -18.017043103382989, 27.725658006006704 ], [ -18.023964421535482, 27.727070903744341 ], [ -18.024226211392364, 27.727845620455941 ], [ -18.021824106876238, 27.728723002690607 ], [ -18.017946647500441, 27.728420265861381 ], [ -18.015104997392683, 27.727608853502403 ], [ -18.013603256956458, 27.728180633986575 ], [ -18.010239639352093, 27.730427154197212 ], [ -18.005634779489082, 27.731982080521096 ], [ -17.999148597214699, 27.736207449279014 ], [ -17.996885686155242, 27.73808916985676 ], [ -17.992756033900339, 27.73983421190405 ], [ -17.992437113179694, 27.742039748899952 ], [ -17.990877615649005, 27.742817831592642 ], [ -17.988162955460528, 27.745830102363101 ], [ -17.986414118673665, 27.749158613910101 ], [ -17.983939149535423, 27.751020599446754 ], [ -17.98084491315478, 27.755261788744779 ], [ -17.979112573285356, 27.759724497031399 ], [ -17.981032199670533, 27.76234824111928 ], [ -17.98091765798344, 27.764242881761675 ], [ -17.983951122201425, 27.770707966845283 ], [ -17.987772146094059, 27.772750259188879 ], [ -17.98541778051597, 27.780833575029884 ], [ -17.982840199622508, 27.783573994436868 ], [ -17.981676908225552, 27.78754771635403 ], [ -17.980250183798738, 27.78926032609564 ], [ -17.979793387548327, 27.791748007669582 ], [ -17.978818471034607, 27.793475335340691 ], [ -17.978781664924732, 27.797272433020566 ], [ -17.980042510619704, 27.799793585855479 ], [ -17.97942590251435, 27.803853185323824 ], [ -17.980972258544643, 27.807233644042832 ], [ -17.980493165839093, 27.8089696322604 ], [ -17.983022923427217, 27.810443150602492 ], [ -17.983907099407585, 27.814390656334048 ], [ -17.986570281515338, 27.815902615903632 ], [ -17.987783653167092, 27.819219546837836 ], [ -17.991946477795857, 27.821958262239647 ], [ -17.990050379927968, 27.822332862115868 ], [ -17.987905051703819, 27.821143347929731 ], [ -17.984767841819785, 27.822168342481799 ], [ -17.982128363239298, 27.824600004260123 ], [ -17.975508693072587, 27.825866198598678 ], [ -17.972125780618931, 27.82753560033154 ], [ -17.970868732290239, 27.829699938668938 ], [ -17.966455017705286, 27.833238478465706 ], [ -17.965691147285195, 27.835357259042357 ], [ -17.96360448080684, 27.83587461802848 ], [ -17.963344045352944, 27.838477532456576 ], [ -17.96185708168094, 27.839246375820402 ], [ -17.960167177944136, 27.839045508838129 ], [ -17.958988756233822, 27.840915798806879 ], [ -17.954973672702522, 27.841828645013578 ], [ -17.950633304891582, 27.840625855311178 ], [ -17.946126981283633, 27.840369541411889 ], [ -17.944418076118925, 27.843121690309399 ], [ -17.942376255299205, 27.845238063422546 ], [ -17.93859272664881, 27.846075233742734 ], [ -17.935901975839048, 27.848445933223978 ], [ -17.934129445250168, 27.848663361324274 ], [ -17.931443559841533, 27.848128731959306 ], [ -17.928855375973683, 27.84915843604821 ], [ -17.926867490694082, 27.848701259831575 ], [ -17.926076070472597, 27.849532187556168 ], [ -17.922817911668137, 27.848949183817115 ], [ -17.921807247107278, 27.847430929496529 ], [ -17.920603985598095, 27.847979271620176 ], [ -17.916652680515842, 27.847440026267112 ], [ -17.917025004546549, 27.846407740534726 ], [ -17.915753722430406, 27.8440399509077 ], [ -17.911439924229047, 27.842583750252775 ], [ -17.909957707836437, 27.8437603308892 ], [ -17.906458526483458, 27.841293121929823 ], [ -17.903793808053564, 27.840605305174773 ], [ -17.903158176460398, 27.837749933149063 ], [ -17.899097212923341, 27.835934205966286 ], [ -17.898745060103892, 27.833476271186608 ], [ -17.894672903169507, 27.831691928775967 ], [ -17.893427665232601, 27.828073939902364 ], [ -17.893059304580611, 27.825786546145597 ], [ -17.893988719568288, 27.823915313248591 ], [ -17.893148620277405, 27.82227677030782 ], [ -17.889613334017984, 27.820587355478224 ], [ -17.888507587826513, 27.81878644282024 ], [ -17.885415787884, 27.816066290011474 ], [ -17.883555505941882, 27.813163380899859 ], [ -17.883446652422634, 27.808926584059069 ], [ -17.884290434862589, 27.807816863627139 ], [ -17.883361337906575, 27.803647622757609 ], [ -17.885146855063617, 27.800568512050521 ], [ -17.888743540353442, 27.800021928655841 ], [ -17.890042481882109, 27.797777730039755 ], [ -17.891605866507824, 27.793252157914552 ], [ -17.893021321357992, 27.791872778037042 ], [ -17.894162510753027, 27.791984175012342 ], [ -17.897861345994059, 27.786728349122917 ], [ -17.899752085150794, 27.785812913821772 ], [ -17.90174714543744, 27.785947794967591 ], [ -17.903568285519679, 27.784743594360201 ], [ -17.904988242692095, 27.78185301406015 ], [ -17.904633216737313, 27.780583679634162 ], [ -17.907532204087254, 27.777048003015985 ], [ -17.908357151560896, 27.774505005278769 ], [ -17.911448686861963, 27.771490919500394 ], [ -17.9141570549519, 27.770680736130888 ], [ -17.913556886409211, 27.768684250678632 ], [ -17.910937511116241, 27.767377597450256 ], [ -17.909552231374882, 27.765293240231639 ], [ -17.912036746360407, 27.763783120504833 ], [ -17.912718418213991, 27.762159329228773 ], [ -17.914897350646893, 27.760343534846058 ], [ -17.916738803270629, 27.756896115902375 ], [ -17.919072532999895, 27.754490057833568 ], [ -17.919884911236682, 27.75160343250219 ], [ -17.922547252614237, 27.749071277549252 ], [ -17.923993934051989, 27.746931998921522 ], [ -17.925691719654431, 27.742183990773206 ], [ -17.925752595798368, 27.739841411758263 ], [ -17.926725643459168, 27.737429501764939 ], [ -17.926268918933442, 27.735019334552558 ], [ -17.92704319347903, 27.732716183753517 ], [ -17.928782790530654, 27.730541817552385 ], [ -17.931671144640539, 27.728512393596024 ], [ -17.93591614346461, 27.728609801550594 ], [ -17.937037771868102, 27.727921411715837 ], [ -17.939448320404914, 27.728585685639992 ], [ -17.942561515136454, 27.730517720186953 ], [ -17.945851573954283, 27.728999695598212 ], [ -17.948884777470564, 27.728695947955348 ], [ -17.950837420444824, 27.726482525388235 ], [ -17.952357832220063, 27.725503957601138 ], [ -17.954155655722108, 27.722814361808609 ], [ -17.957213087201374, 27.719724608501171 ], [ -17.95791213201754, 27.71786346228237 ], [ -17.95818278706065, 27.71186948659772 ], [ -17.957526876138079, 27.708918247662414 ], [ -17.958863793817574, 27.706805075965185 ], [ -17.959542256922077, 27.703734765956199 ], [ -17.959558780463716, 27.698074668744368 ], [ -17.958403143943894, 27.697050532622495 ], [ -17.958225340685978, 27.695497882440559 ], [ -17.960788451619248, 27.692453844968863 ] ] ] ] } },
{ "type": "Feature", "properties": { "geocode": "38049", "geopadre": "ES706A02", "etiqueta": "Valle Gran Rey", "notas": "Ayuntamiento De Valle Gran Rey", "granularidad": "MUNICIPIOS", "gcd_provincia": "ES702", "gcd_isla": "ES706", "gcd_grancomarca": "ES706A0", "gcd_comarca": "ES706A02", "ign_sup": 3220.82, "ign_perim": 34299.0, "utm_x": 271881.92, "utm_y": 3112189.16, "longitud": -17.322228, "latitud": 28.115616, "utm_x_capi": 270577.22, "utm_y_capi": 3109954.36, "long_capi": -17.335064, "lati_capi": 28.095233 }, "geometry": { "type": "MultiPolygon", "coordinates": [ [ [ [ -17.330358875788743, 28.081551748940679 ], [ -17.333887157550368, 28.079955860226548 ], [ -17.33460857942616, 28.082273589887176 ], [ -17.337881618879187, 28.084402969779465 ], [ -17.339468352457878, 28.086280751871719 ], [ -17.33954938474411, 28.089113311264697 ], [ -17.341622325883815, 28.094150301392286 ], [ -17.344325526411442, 28.094477715728466 ], [ -17.344784862061903, 28.095719899456522 ], [ -17.348234063113253, 28.097420152443163 ], [ -17.348880001879721, 28.098844165397161 ], [ -17.347166017462545, 28.10142794429408 ], [ -17.346618242082862, 28.105218006815992 ], [ -17.34737689967573, 28.112036797987354 ], [ -17.346567082232092, 28.115394961426919 ], [ -17.347301841597723, 28.118279317757455 ], [ -17.345472157182556, 28.120024878751231 ], [ -17.345206463790646, 28.123191884174062 ], [ -17.342337009693448, 28.127261312820981 ], [ -17.341083308909155, 28.131265435595939 ], [ -17.34277072101008, 28.137072802277917 ], [ -17.342496624291758, 28.139988303738537 ], [ -17.343761782550665, 28.141486134435603 ], [ -17.346334665646985, 28.143332846804267 ], [ -17.345464702811888, 28.144817728199847 ], [ -17.345823753702817, 28.147403986994046 ], [ -17.346547336127596, 28.148172114517511 ], [ -17.343976425912025, 28.149742064419851 ], [ -17.344863575795941, 28.152475001074837 ], [ -17.343229964052686, 28.152577728820901 ], [ -17.3419903622754, 28.153687897108885 ], [ -17.338307826059566, 28.152179205157697 ], [ -17.332743029173184, 28.153045719896284 ], [ -17.328557431857266, 28.151390015718409 ], [ -17.322598242706135, 28.146317616333633 ], [ -17.32071712753314, 28.144117971250171 ], [ -17.318418540055134, 28.143019374445842 ], [ -17.316361440291764, 28.143196271537107 ], [ -17.31242042007008, 28.145870351250366 ], [ -17.309676308514227, 28.150248022996976 ], [ -17.307965050940918, 28.151367674550546 ], [ -17.302969863363529, 28.152016720795867 ], [ -17.299543535906992, 28.151591504599413 ], [ -17.29357171123819, 28.150410858926932 ], [ -17.28959853757727, 28.147411006143809 ], [ -17.287326061830505, 28.146300482315333 ], [ -17.284157087162981, 28.142763539672043 ], [ -17.282216138580797, 28.139472089067542 ], [ -17.280859597920564, 28.135562553105888 ], [ -17.279366985269338, 28.133501474959409 ], [ -17.27629409104544, 28.132112228281365 ], [ -17.273444300216461, 28.129885363203655 ], [ -17.270496069446803, 28.129771193421455 ], [ -17.268652890107177, 28.12814509929337 ], [ -17.273171138883331, 28.12687545791696 ], [ -17.281782706938415, 28.12723974596776 ], [ -17.285562844213036, 28.126173758967322 ], [ -17.288898162540374, 28.122935583212765 ], [ -17.289621297848349, 28.119653637433228 ], [ -17.291941646534934, 28.118088495172248 ], [ -17.300826171109925, 28.114180466219139 ], [ -17.30404062558457, 28.111986604382672 ], [ -17.307194006863831, 28.10872442806339 ], [ -17.312517518692975, 28.105997830868944 ], [ -17.316121231041304, 28.103253793256243 ], [ -17.319617429448666, 28.101669207076682 ], [ -17.322422378298477, 28.097980655877237 ], [ -17.325792215437708, 28.095430838669984 ], [ -17.327031654649584, 28.092012667135247 ], [ -17.327670433312139, 28.086467962369369 ], [ -17.32710930979129, 28.08414632648347 ], [ -17.330358875788743, 28.081551748940679 ] ] ] ] } },
{ "type": "Feature", "properties": { "geocode": "38050", "geopadre": "ES706A01", "etiqueta": "Vallehermoso", "notas": "Ayuntamiento De Vallehermoso", "granularidad": "MUNICIPIOS", "gcd_provincia": "ES702", "gcd_isla": "ES706", "gcd_grancomarca": "ES706A0", "gcd_comarca": "ES706A01", "ign_sup": 10854.2, "ign_perim": 81938.0, "utm_x": 277410.26, "utm_y": 3114045.07, "longitud": -17.266338, "latitud": 28.133298, "utm_x_capi": 277493.52, "utm_y_capi": 3119145.89, "long_capi": -17.26646, "lati_capi": 28.179321 }, "geometry": { "type": "MultiPolygon", "coordinates": [ [ [ [ -17.244965236627721, 28.111730126803327 ], [ -17.248905172752202, 28.10867336607069 ], [ -17.249544321044038, 28.10728618925754 ], [ -17.248203199281477, 28.103169553156508 ], [ -17.249463630070323, 28.098385339601535 ], [ -17.251400860471289, 28.095682431625551 ], [ -17.253292086462121, 28.094770905533952 ], [ -17.254967546427167, 28.092836415264742 ], [ -17.258708457216763, 28.085087083627652 ], [ -17.262424581110018, 28.083562185795476 ], [ -17.264981492213302, 28.080918867174272 ], [ -17.264887922198227, 28.078380441061586 ], [ -17.266275935575823, 28.077122345934118 ], [ -17.270783983357081, 28.074601050898533 ], [ -17.276317226964274, 28.070946429716706 ], [ -17.278971995306446, 28.069870600095587 ], [ -17.280482099964686, 28.066735384210311 ], [ -17.283845053332783, 28.062601716306279 ], [ -17.285257676606815, 28.061561747577972 ], [ -17.288804569273925, 28.060035593549514 ], [ -17.291629713748705, 28.057932571559672 ], [ -17.292792461016052, 28.054491404076288 ], [ -17.294364841718146, 28.052108241745923 ], [ -17.296133926295013, 28.048302223543331 ], [ -17.298816228666578, 28.050217012779299 ], [ -17.301948880044712, 28.049093673893569 ], [ -17.303682006456782, 28.051349942001355 ], [ -17.306191565366895, 28.051898417805909 ], [ -17.307758036645279, 28.051335493405862 ], [ -17.310261051365753, 28.052151232203844 ], [ -17.31258088095117, 28.05401160058253 ], [ -17.313445222964479, 28.057212612098446 ], [ -17.314872262653115, 28.057598289797134 ], [ -17.317204596545928, 28.059885861398151 ], [ -17.318532798985448, 28.058761088241599 ], [ -17.31973228522369, 28.06043437555098 ], [ -17.318671478337453, 28.062323579415363 ], [ -17.320157027429165, 28.065452534866804 ], [ -17.31837276722613, 28.069455836687592 ], [ -17.319176281747321, 28.070971962712996 ], [ -17.319401737225395, 28.073643315371633 ], [ -17.320639839097428, 28.076190670284571 ], [ -17.322645794783952, 28.077434951683461 ], [ -17.32446472324105, 28.079900660181501 ], [ -17.328788820194656, 28.080369002376905 ], [ -17.330358875788743, 28.081551748940679 ], [ -17.32710930979129, 28.08414632648347 ], [ -17.327670433312139, 28.086467962369369 ], [ -17.327031654649584, 28.092012667135247 ], [ -17.325792215437708, 28.095430838669984 ], [ -17.322422378298477, 28.097980655877237 ], [ -17.319617429448666, 28.101669207076682 ], [ -17.316121231041304, 28.103253793256243 ], [ -17.312517518692975, 28.105997830868944 ], [ -17.307194006863831, 28.10872442806339 ], [ -17.30404062558457, 28.111986604382672 ], [ -17.300826171109925, 28.114180466219139 ], [ -17.291941646534934, 28.118088495172248 ], [ -17.289621297848349, 28.119653637433228 ], [ -17.288898162540374, 28.122935583212765 ], [ -17.285562844213036, 28.126173758967322 ], [ -17.281782706938415, 28.12723974596776 ], [ -17.273171138883331, 28.12687545791696 ], [ -17.268652890107177, 28.12814509929337 ], [ -17.270496069446803, 28.129771193421455 ], [ -17.273444300216461, 28.129885363203655 ], [ -17.27629409104544, 28.132112228281365 ], [ -17.279366985269338, 28.133501474959409 ], [ -17.280859597920564, 28.135562553105888 ], [ -17.282216138580797, 28.139472089067542 ], [ -17.284157087162981, 28.142763539672043 ], [ -17.287326061830505, 28.146300482315333 ], [ -17.28959853757727, 28.147411006143809 ], [ -17.29357171123819, 28.150410858926932 ], [ -17.299543535906992, 28.151591504599413 ], [ -17.302969863363529, 28.152016720795867 ], [ -17.307965050940918, 28.151367674550546 ], [ -17.309676308514227, 28.150248022996976 ], [ -17.31242042007008, 28.145870351250366 ], [ -17.316361440291764, 28.143196271537107 ], [ -17.318418540055134, 28.143019374445842 ], [ -17.32071712753314, 28.144117971250171 ], [ -17.322598242706135, 28.146317616333633 ], [ -17.328557431857266, 28.151390015718409 ], [ -17.332743029173184, 28.153045719896284 ], [ -17.338307826059566, 28.152179205157697 ], [ -17.3419903622754, 28.153687897108885 ], [ -17.342088468713314, 28.155490255194888 ], [ -17.339094068709208, 28.157008175331814 ], [ -17.338029232887244, 28.158991476249614 ], [ -17.338426479700761, 28.160077670770608 ], [ -17.334559855402173, 28.162794577157197 ], [ -17.334759584729525, 28.164336865755924 ], [ -17.336224148298772, 28.165292361664857 ], [ -17.336176380979584, 28.167662416345522 ], [ -17.335464438509277, 28.169971539992854 ], [ -17.336048646543901, 28.172412863273671 ], [ -17.337156407000656, 28.173559789428822 ], [ -17.335409469368315, 28.175558745044547 ], [ -17.333305978969946, 28.176343342167403 ], [ -17.3319127066848, 28.179544996745189 ], [ -17.332737055201797, 28.180219312520379 ], [ -17.329512966589508, 28.183583497909602 ], [ -17.328635751883862, 28.187834831799446 ], [ -17.325465113996174, 28.188364913643515 ], [ -17.323694489227641, 28.18952314865092 ], [ -17.321533092817141, 28.191773630625409 ], [ -17.321771894383698, 28.197913106412976 ], [ -17.320246434643895, 28.201473579283714 ], [ -17.317859297594577, 28.202035702849983 ], [ -17.318570064111583, 28.203764564244956 ], [ -17.317379149697704, 28.204432105352602 ], [ -17.315192736183626, 28.204364891278669 ], [ -17.312024513676132, 28.202288872911886 ], [ -17.308490083486205, 28.202598551750953 ], [ -17.305774111415388, 28.203474539165416 ], [ -17.30351936376498, 28.204976471165772 ], [ -17.30100970902194, 28.207750592022816 ], [ -17.299680662317829, 28.20840736089292 ], [ -17.298557469869582, 28.207254862131663 ], [ -17.294852259864591, 28.206864734673974 ], [ -17.292545273337122, 28.207675748819948 ], [ -17.291591424443318, 28.20964526872071 ], [ -17.289776023929036, 28.209453151295083 ], [ -17.288643811521432, 28.211191438134055 ], [ -17.286172074118014, 28.211294860326706 ], [ -17.285176057733917, 28.21030976282211 ], [ -17.283607555604252, 28.211330824333057 ], [ -17.281679487445743, 28.211160737925258 ], [ -17.280306548845612, 28.21386687265991 ], [ -17.279170851533319, 28.213392354463842 ], [ -17.278683828260721, 28.216814085285094 ], [ -17.276360018534589, 28.217985842479841 ], [ -17.273886406128213, 28.214476285147832 ], [ -17.272686208383991, 28.214440394120132 ], [ -17.271717076673909, 28.216603445453103 ], [ -17.270608073803718, 28.217477117011505 ], [ -17.267686792465007, 28.217098218770214 ], [ -17.266005119754773, 28.217428749081854 ], [ -17.260364619668952, 28.217179981303865 ], [ -17.260457259885005, 28.213367271713668 ], [ -17.257250047653763, 28.21171406868174 ], [ -17.256273510129216, 28.210498212040662 ], [ -17.254051967979628, 28.210946887212909 ], [ -17.252609295905245, 28.209102417995258 ], [ -17.253169130775834, 28.206051315985249 ], [ -17.252718747847126, 28.203742494566789 ], [ -17.251290107659699, 28.202871822665838 ], [ -17.249060299813976, 28.203045657018588 ], [ -17.246144047574543, 28.20417166509025 ], [ -17.245037846550723, 28.202795746923865 ], [ -17.245110949134457, 28.200953459323006 ], [ -17.243697599183964, 28.200686003961152 ], [ -17.237685428795157, 28.202889517942705 ], [ -17.235548953792112, 28.203995867901181 ], [ -17.235298775235488, 28.202483285915385 ], [ -17.235923768519402, 28.199971123520694 ], [ -17.235458566385656, 28.196627325089615 ], [ -17.231603727664051, 28.193097982812656 ], [ -17.229762880155764, 28.190759378212075 ], [ -17.228840903047161, 28.188412892279114 ], [ -17.228889860891684, 28.185966870025918 ], [ -17.229569807497285, 28.184258358488677 ], [ -17.233552309366825, 28.178658065754945 ], [ -17.236792361559999, 28.177350009611168 ], [ -17.238100031550175, 28.173955678379141 ], [ -17.241135939428823, 28.171888754383353 ], [ -17.240166571407901, 28.16845112911572 ], [ -17.241730385621043, 28.165654957013551 ], [ -17.244310391278169, 28.164286768815703 ], [ -17.244534648778842, 28.163208093517582 ], [ -17.243211596915792, 28.160860153697598 ], [ -17.245398328010353, 28.157526582744211 ], [ -17.25183905161974, 28.154634133749859 ], [ -17.253412363216011, 28.152584385302603 ], [ -17.252254628621969, 28.15094919883353 ], [ -17.250210036217798, 28.151148141944734 ], [ -17.251016798899784, 28.1466837521481 ], [ -17.252368958474847, 28.144931772806803 ], [ -17.251981582822026, 28.141496436787587 ], [ -17.253700933073141, 28.138448090183211 ], [ -17.253968570312104, 28.136175179024082 ], [ -17.253474471623893, 28.133566329464738 ], [ -17.256184072802014, 28.131899858418787 ], [ -17.256724680729377, 28.129260470661514 ], [ -17.255999360802736, 28.126248800720592 ], [ -17.254969078483402, 28.125153864232399 ], [ -17.253183502735713, 28.125388253423601 ], [ -17.251932507070677, 28.124522150357212 ], [ -17.248262613828285, 28.120580384842818 ], [ -17.247585403331673, 28.118545008420426 ], [ -17.243483439003239, 28.116073315906092 ], [ -17.245164713333079, 28.112758924119365 ], [ -17.244965236627721, 28.111730126803327 ] ] ] ] } },
{ "type": "Feature", "properties": { "geocode": "38051", "geopadre": "ES709A21", "etiqueta": "La Victoria de Acentejo", "notas": null, "granularidad": "MUNICIPIOS", "gcd_provincia": "ES702", "gcd_isla": "ES709", "gcd_grancomarca": "ES709A2", "gcd_comarca": "ES709A21", "ign_sup": 1808.63, "ign_perim": 21800.0, "utm_x": 359072.69, "utm_y": 3144204.96, "longitud": -16.438806, "latitud": 28.416691, "utm_x_capi": null, "utm_y_capi": null, "long_capi": null, "lati_capi": null }, "geometry": { "type": "MultiPolygon", "coordinates": [ [ [ [ -16.487575414856153, 28.437579094729234 ], [ -16.486455104569103, 28.438601703144233 ], [ -16.483686706856755, 28.43969344073485 ], [ -16.482244494326988, 28.440831341611815 ], [ -16.478011741789238, 28.441318950528821 ], [ -16.477286393750539, 28.440902035292364 ], [ -16.474767187428014, 28.442886723268629 ], [ -16.469538718238077, 28.441944902494253 ], [ -16.467696193799011, 28.440687738664128 ], [ -16.464740384460274, 28.440421758585249 ], [ -16.462277513690097, 28.438620663444635 ], [ -16.459157622606863, 28.438297659866425 ], [ -16.458243719401505, 28.437594472148689 ], [ -16.453979740590064, 28.4360629553513 ], [ -16.452350961012307, 28.435904356893058 ], [ -16.446777521287153, 28.431780567600654 ], [ -16.44382753989996, 28.430277617251253 ], [ -16.442288844351712, 28.430237523180292 ], [ -16.440391507544174, 28.428946710177502 ], [ -16.43788377430192, 28.428285054991129 ], [ -16.434413199308409, 28.427978715253534 ], [ -16.432393179795831, 28.426925990502557 ], [ -16.430884876194753, 28.427291579500373 ], [ -16.42628125862894, 28.426782587997831 ], [ -16.424336234284624, 28.425223543815271 ], [ -16.423248744934583, 28.423443415108018 ], [ -16.419558424308484, 28.420043339528259 ], [ -16.416838080109972, 28.416542813890892 ], [ -16.416206105572417, 28.415055713283152 ], [ -16.418741337785203, 28.412811371453376 ], [ -16.418343254839169, 28.410922476615845 ], [ -16.418729645919985, 28.409014127762767 ], [ -16.420431782628196, 28.40913401885371 ], [ -16.422483429501067, 28.406858553375347 ], [ -16.422585227773258, 28.404975730025523 ], [ -16.424640330466126, 28.403659128191382 ], [ -16.424100518802224, 28.401313701555715 ], [ -16.424608142953044, 28.399298022944354 ], [ -16.423092505737046, 28.398061615036603 ], [ -16.424471613041568, 28.395910475413825 ], [ -16.426864116002292, 28.395747800859063 ], [ -16.431067873868919, 28.394631957735577 ], [ -16.433176811470787, 28.394779009262354 ], [ -16.437560026218996, 28.392221558827277 ], [ -16.441308469964319, 28.39120497378282 ], [ -16.442871435381665, 28.390394211325411 ], [ -16.44436877839906, 28.395612958828082 ], [ -16.447943477916485, 28.399173800482657 ], [ -16.451424560896271, 28.401909734981377 ], [ -16.452416476971202, 28.403611686363075 ], [ -16.45478766622276, 28.404565608611403 ], [ -16.456938981738325, 28.4066048590138 ], [ -16.457677837223432, 28.40936090438138 ], [ -16.460244488529977, 28.412063510738456 ], [ -16.460591442707216, 28.416820547952472 ], [ -16.462704002417553, 28.418984205636281 ], [ -16.465568630987935, 28.423420831012358 ], [ -16.46748100851649, 28.423452123849849 ], [ -16.468614293766166, 28.425423169201569 ], [ -16.470790634676348, 28.426475915034207 ], [ -16.474138690434508, 28.427263238020249 ], [ -16.476013598667368, 28.4282221420961 ], [ -16.478156594029414, 28.426567604276105 ], [ -16.479617165705836, 28.426224577055798 ], [ -16.483415135551464, 28.42998730701483 ], [ -16.484618245522395, 28.4320657473091 ], [ -16.48674093639513, 28.433459510130177 ], [ -16.488213476925161, 28.436771402519813 ], [ -16.487575414856153, 28.437579094729234 ] ] ] ] } },
{ "type": "Feature", "properties": { "geocode": "38052", "geopadre": "ES709A31", "etiqueta": "Vilaflor de Chasna", "notas": "Ilustre Ayuntamiento de Vilaflor", "granularidad": "MUNICIPIOS", "gcd_provincia": "ES702", "gcd_isla": "ES709", "gcd_grancomarca": "ES709A3", "gcd_comarca": "ES709A31", "ign_sup": 5627.11, "ign_perim": 34914.0, "utm_x": 338263.87, "utm_y": 3115921.95, "longitud": -16.647254, "latitud": 28.159079, "utm_x_capi": 339293.42, "utm_y_capi": 3115891.4, "long_capi": -16.636767, "lati_capi": 28.158929 }, "geometry": { "type": "MultiPolygon", "coordinates": [ [ [ [ -16.660359997120516, 28.201358758776863 ], [ -16.658177977185989, 28.200469055888743 ], [ -16.652765505860685, 28.200516494272446 ], [ -16.647810043691905, 28.198667487357067 ], [ -16.643526152861412, 28.198464055777375 ], [ -16.640106560416026, 28.199989696003254 ], [ -16.637575273601492, 28.199753778243128 ], [ -16.633987246895487, 28.201746071536945 ], [ -16.627377943997043, 28.203598257907718 ], [ -16.625669397001548, 28.205791339848272 ], [ -16.623660287646608, 28.205946061992456 ], [ -16.621858451689036, 28.206944392408165 ], [ -16.622362986938253, 28.209045749272779 ], [ -16.62058005938929, 28.212939035507251 ], [ -16.61874815365109, 28.213726490302221 ], [ -16.619237215775051, 28.210553933729802 ], [ -16.618381175179728, 28.203832636842296 ], [ -16.620122335927807, 28.201658650534064 ], [ -16.618722907601036, 28.199327841346623 ], [ -16.615397943950445, 28.19760713733319 ], [ -16.614062950386398, 28.193950899109296 ], [ -16.614649344336605, 28.192931615069988 ], [ -16.613221413879856, 28.189887393191128 ], [ -16.613733121584467, 28.182603330018683 ], [ -16.613452350520323, 28.180142238347134 ], [ -16.61414441968985, 28.176906138954585 ], [ -16.613531054738864, 28.174506049908793 ], [ -16.611925606919737, 28.172883634611708 ], [ -16.611346309419066, 28.170326221204224 ], [ -16.613420169072565, 28.165313304127398 ], [ -16.615797739840733, 28.161166675482384 ], [ -16.616180527093452, 28.15849542749476 ], [ -16.615075723595766, 28.156213092021417 ], [ -16.612502618814215, 28.152774180684403 ], [ -16.616711534766701, 28.145744704912172 ], [ -16.619671214216588, 28.145432422483438 ], [ -16.621629662643905, 28.143653252408757 ], [ -16.621935947952316, 28.138241846909342 ], [ -16.620190031933703, 28.134741937454432 ], [ -16.62125795911923, 28.134545745168467 ], [ -16.620967090201102, 28.129500038001275 ], [ -16.62262329675637, 28.127517830815531 ], [ -16.624650213311828, 28.127083275843045 ], [ -16.627124397835605, 28.124527475522058 ], [ -16.631088162265332, 28.122809187566887 ], [ -16.633960030911513, 28.120070986632367 ], [ -16.636893773495938, 28.118607739313674 ], [ -16.641616296186921, 28.115726609181912 ], [ -16.64179281118431, 28.10445189368156 ], [ -16.651473696665459, 28.108339999523402 ], [ -16.659949172208385, 28.112902494391939 ], [ -16.67361444686793, 28.112278665327345 ], [ -16.684017806018051, 28.120340723734323 ], [ -16.684890934920048, 28.120268741813625 ], [ -16.687085272241777, 28.122239794204237 ], [ -16.687589843188213, 28.1238264855617 ], [ -16.687656647637422, 28.129836272999867 ], [ -16.689394943724004, 28.132574227748286 ], [ -16.688975453783513, 28.134287366386282 ], [ -16.687589124952574, 28.135008391324398 ], [ -16.688084410330916, 28.136890756793598 ], [ -16.68763683273334, 28.13929013188659 ], [ -16.686568071126679, 28.140668312141589 ], [ -16.685558932331446, 28.143417539909947 ], [ -16.682869727338279, 28.146329552402108 ], [ -16.682565955701254, 28.148330049152722 ], [ -16.680442209594862, 28.151327739216832 ], [ -16.67934126852488, 28.154496699794183 ], [ -16.679364743011373, 28.156345005808959 ], [ -16.678413480360121, 28.158918735013952 ], [ -16.674494063800179, 28.165593088558879 ], [ -16.674000316133526, 28.169259996683337 ], [ -16.668561045884047, 28.174036900843962 ], [ -16.660359997120516, 28.201358758776863 ] ] ] ] } },
{ "type": "Feature", "properties": { "geocode": "38053", "geopadre": "ES707A01", "etiqueta": "Villa de Mazo", "notas": "Ayuntamiento de La Villa de Mazo", "granularidad": "MUNICIPIOS", "gcd_provincia": "ES702", "gcd_isla": "ES707", "gcd_grancomarca": "ES707A0", "gcd_comarca": "ES707A05", "ign_sup": 7067.2, "ign_perim": 46447.0, "utm_x": 226221.3, "utm_y": 3164212.52, "longitud": -17.798915, "latitud": 28.576007, "utm_x_capi": 228188.79, "utm_y_capi": 3167506.49, "long_capi": -17.779602, "lati_capi": 28.606118 }, "geometry": { "type": "MultiPolygon", "coordinates": [ [ [ [ -17.840576773597334, 28.596556621393113 ], [ -17.835489219950297, 28.597771834935418 ], [ -17.831158867670201, 28.599722396496635 ], [ -17.830309108808695, 28.601346699830398 ], [ -17.82829875627035, 28.601542923840078 ], [ -17.825714649613751, 28.606421909680293 ], [ -17.82355438286573, 28.608147737147345 ], [ -17.818551455857495, 28.60919254137924 ], [ -17.816241509710359, 28.610539149851 ], [ -17.813589997385911, 28.613925100039136 ], [ -17.809965120268959, 28.614702424473869 ], [ -17.803829750208269, 28.616826944001208 ], [ -17.799576442333418, 28.619836923638307 ], [ -17.794372165400798, 28.621980813973209 ], [ -17.790004947726466, 28.626297239791267 ], [ -17.78759871839658, 28.627590925123251 ], [ -17.784108812756486, 28.628305111535315 ], [ -17.781801693201789, 28.630180261037868 ], [ -17.77894467076748, 28.631654969304918 ], [ -17.778735882366565, 28.63255404226965 ], [ -17.773720558844907, 28.632381912987007 ], [ -17.770857139689152, 28.631994367371462 ], [ -17.767133870567285, 28.63343750307866 ], [ -17.765182493819012, 28.632949651540798 ], [ -17.760470101500601, 28.630564709048954 ], [ -17.753820493713967, 28.630353081546854 ], [ -17.753036042083171, 28.62679165314599 ], [ -17.750842685930596, 28.625561039660198 ], [ -17.751134470647507, 28.624212907623352 ], [ -17.750223281291856, 28.62247839888002 ], [ -17.750866544893238, 28.619448597201917 ], [ -17.752812925555816, 28.616244982050439 ], [ -17.755503278512176, 28.613823264152266 ], [ -17.756497617119052, 28.610317572207759 ], [ -17.755216565871066, 28.609167317049998 ], [ -17.756659265313324, 28.607943888415999 ], [ -17.755596803739579, 28.606935054254407 ], [ -17.754624925528955, 28.603231837691851 ], [ -17.755385711647538, 28.60243652107761 ], [ -17.754918122365893, 28.600640963541018 ], [ -17.756010351882367, 28.599676711714608 ], [ -17.754928318911439, 28.598180599767321 ], [ -17.75646643023024, 28.595879958543321 ], [ -17.756847308478122, 28.594112521877395 ], [ -17.755500904254472, 28.593214997465093 ], [ -17.756631856931538, 28.590248778791857 ], [ -17.758060351726559, 28.588264368384412 ], [ -17.756778825805071, 28.5871520101451 ], [ -17.75665146236005, 28.585029024258272 ], [ -17.758662516138028, 28.584691780711562 ], [ -17.76005912112192, 28.583548200558251 ], [ -17.761045691548908, 28.581298438109766 ], [ -17.760796292501016, 28.578974073389922 ], [ -17.761135941947, 28.576051630582029 ], [ -17.759520537763237, 28.573543460307111 ], [ -17.760431005800079, 28.571614751838705 ], [ -17.760093331675858, 28.569963255484868 ], [ -17.76163192367272, 28.569202390318925 ], [ -17.762676761791973, 28.567156783730265 ], [ -17.76437894199324, 28.567004438845181 ], [ -17.766591967698005, 28.56493089354424 ], [ -17.76650815828874, 28.564016450513893 ], [ -17.769249040921213, 28.560492379510524 ], [ -17.770816783972254, 28.559064485135398 ], [ -17.771192479959911, 28.55653459725572 ], [ -17.772267258424609, 28.555413904066427 ], [ -17.775326617057249, 28.554280760331562 ], [ -17.778529308420232, 28.551473879017866 ], [ -17.78085071743735, 28.54801953454902 ], [ -17.782875823392349, 28.547671937144958 ], [ -17.786749676784286, 28.543661546620203 ], [ -17.789728211439119, 28.537168830127538 ], [ -17.790202597788639, 28.535246952641629 ], [ -17.789842530435944, 28.532494570169835 ], [ -17.790800875746498, 28.5302683764804 ], [ -17.792770827663297, 28.529308012329889 ], [ -17.793566401182176, 28.52477433067023 ], [ -17.796082807713219, 28.522160003945451 ], [ -17.795895259237646, 28.519454943513356 ], [ -17.796462486471562, 28.518511013460309 ], [ -17.801628785749607, 28.524325252479759 ], [ -17.805364140267731, 28.526196058889273 ], [ -17.813806818916976, 28.529231400462237 ], [ -17.818894401000183, 28.530094861674314 ], [ -17.824594769190739, 28.531957994756855 ], [ -17.832292800237653, 28.533874943367184 ], [ -17.838185232593904, 28.535579407308177 ], [ -17.840267621753316, 28.536536801749065 ], [ -17.838403203886298, 28.545167789370225 ], [ -17.839504019562121, 28.550263832689431 ], [ -17.83846104350522, 28.552388683344816 ], [ -17.834064622253937, 28.554574555279302 ], [ -17.835075719485271, 28.557939326749903 ], [ -17.834193660270863, 28.561148274195219 ], [ -17.836586316045604, 28.560476108703142 ], [ -17.837875583840393, 28.56280800873083 ], [ -17.837001624573933, 28.563917154002084 ], [ -17.838244968888127, 28.565794246170977 ], [ -17.839298414104693, 28.569130442910783 ], [ -17.838012213070499, 28.570563646668941 ], [ -17.838068454291825, 28.573279370051537 ], [ -17.838844751664446, 28.575376267561332 ], [ -17.836399563911762, 28.576121939499256 ], [ -17.838381744433363, 28.577341927618566 ], [ -17.838533745448622, 28.578490677582238 ], [ -17.836869533119511, 28.579886289974624 ], [ -17.83665533158841, 28.582501374089347 ], [ -17.838231733536631, 28.584297731423781 ], [ -17.83806441274065, 28.587316917143731 ], [ -17.837310379870377, 28.588565973836669 ], [ -17.838638222703302, 28.589652038168332 ], [ -17.837113698110279, 28.591052490687812 ], [ -17.83816195971897, 28.594107066324426 ], [ -17.840576773597334, 28.596556621393113 ] ] ] ] } },
{ "type": "Feature", "properties": { "geocode": "38901", "geopadre": "ES703A00", "etiqueta": "El Pinar de El Hierro", "notas": "Ayuntamiento de El Pinar", "granularidad": "MUNICIPIOS", "gcd_provincia": "ES702", "gcd_isla": "ES703", "gcd_grancomarca": "ES703A0", "gcd_comarca": "ES703A00", "ign_sup": 8273.68, "ign_perim": 61881.0, "utm_x": 203935.86, "utm_y": 3065948.89, "longitud": -18.00169, "latitud": 27.685312, "utm_x_capi": 206329.3, "utm_y_capi": 3068522.9, "long_capi": -17.978081, "lati_capi": 27.709041 }, "geometry": { "type": "MultiPolygon", "coordinates": [ [ [ [ -18.157048187084154, 27.71177087713399 ], [ -18.131614911510326, 27.714472079575952 ], [ -18.115329100337075, 27.716498422573707 ], [ -18.094096697751681, 27.720255809998353 ], [ -18.065289896023309, 27.726168966428592 ], [ -18.053341368378241, 27.724816880261532 ], [ -18.040472127112604, 27.729297384855361 ], [ -18.038572067623875, 27.728777349069102 ], [ -18.024226211392364, 27.727845620455941 ], [ -18.023964421535482, 27.727070903744341 ], [ -18.017043103382989, 27.725658006006704 ], [ -18.013516871865324, 27.72558661453969 ], [ -18.00662185238561, 27.725923968876966 ], [ -18.001761552918381, 27.726524521227862 ], [ -17.992082949969962, 27.728408886521454 ], [ -17.980922587970756, 27.729849526968163 ], [ -17.976145818855436, 27.732135075111891 ], [ -17.97522897048967, 27.729970491072905 ], [ -17.973136473211049, 27.72104558168617 ], [ -17.972394087755799, 27.719685528166231 ], [ -17.969883251759338, 27.717246751642378 ], [ -17.967496691560179, 27.714050897132513 ], [ -17.960788451619248, 27.692453844968863 ], [ -17.963267481077807, 27.691224480930739 ], [ -17.967114734504147, 27.68461974011035 ], [ -17.966636698638816, 27.683816853304084 ], [ -17.967835491978171, 27.677919027611228 ], [ -17.969533439855514, 27.676822474057321 ], [ -17.972103541390876, 27.672635318053253 ], [ -17.972517516196415, 27.670917174354642 ], [ -17.971280145037337, 27.668225529793606 ], [ -17.971739759841729, 27.666920281933166 ], [ -17.970705711896603, 27.663089367388043 ], [ -17.971243387465638, 27.66157213607914 ], [ -17.970383710738034, 27.657994474600041 ], [ -17.971331932772809, 27.653676086962506 ], [ -17.97142075355853, 27.65073163369134 ], [ -17.970363524462485, 27.648978797783819 ], [ -17.971062803980043, 27.647743404330281 ], [ -17.97431059681816, 27.645119762837279 ], [ -17.975454392835875, 27.641419041778722 ], [ -17.976824515384155, 27.640984866377767 ], [ -17.977948336291387, 27.639500910846333 ], [ -17.97986069175705, 27.640767176135526 ], [ -17.983477694147208, 27.63982603368893 ], [ -17.985941822164811, 27.638017001819776 ], [ -17.987501282170388, 27.637795783004005 ], [ -17.989293240262434, 27.638637513128963 ], [ -17.995721298884551, 27.640865750080987 ], [ -17.996396263128027, 27.641946726256492 ], [ -17.996044428258426, 27.644663239104805 ], [ -17.998378779198713, 27.646580425564018 ], [ -18.002429507679086, 27.647400982068419 ], [ -18.00553822243203, 27.648806225246389 ], [ -18.008080654682669, 27.648966821249541 ], [ -18.009918518626996, 27.649828536873756 ], [ -18.010104939043618, 27.651263409587344 ], [ -18.013460653278138, 27.654488601147118 ], [ -18.015952149418638, 27.657380114329897 ], [ -18.018568869046337, 27.659471670016618 ], [ -18.019854137738665, 27.66171355608607 ], [ -18.019468573435688, 27.665680969936641 ], [ -18.020536235934909, 27.667292532474484 ], [ -18.023796794934501, 27.669054012407077 ], [ -18.025002984200537, 27.670908020347504 ], [ -18.026809678398649, 27.670304029407951 ], [ -18.028207460662522, 27.672148602547956 ], [ -18.027880034007154, 27.675662442137028 ], [ -18.028530987050868, 27.678380639415227 ], [ -18.031660654187526, 27.679605524102449 ], [ -18.032198191264712, 27.681008405187686 ], [ -18.034781249260806, 27.683828476357075 ], [ -18.037777180465124, 27.686287396509243 ], [ -18.04767688698772, 27.690409432879107 ], [ -18.050338708347375, 27.69270852343454 ], [ -18.053389138803098, 27.692973303207239 ], [ -18.056229037426668, 27.694283848426558 ], [ -18.059347949039964, 27.694894985033468 ], [ -18.0615575219215, 27.694552951597391 ], [ -18.066690026007421, 27.6955685801742 ], [ -18.06858692401202, 27.696401122704774 ], [ -18.071851187675072, 27.697048443232088 ], [ -18.077857512220405, 27.697322096330733 ], [ -18.083119043723872, 27.696969466409222 ], [ -18.090566201828082, 27.698447441677178 ], [ -18.09929578568137, 27.701234723450671 ], [ -18.101425530704915, 27.701007475027414 ], [ -18.104310234708993, 27.701416393053311 ], [ -18.10687929815839, 27.700946817009523 ], [ -18.111071815965754, 27.702348163274685 ], [ -18.115294236645028, 27.703012205053149 ], [ -18.118323610854283, 27.703956711563517 ], [ -18.12178708009094, 27.704326211406158 ], [ -18.124771194001866, 27.705210959496608 ], [ -18.13156252694781, 27.704646408169253 ], [ -18.133093353361122, 27.704748161534706 ], [ -18.136385100319163, 27.703367447393489 ], [ -18.140605852844804, 27.703905958177831 ], [ -18.145984549843778, 27.703810623976853 ], [ -18.147843909975983, 27.704976034656468 ], [ -18.150509406074672, 27.708033767857298 ], [ -18.154250167907357, 27.709337903001089 ], [ -18.157048187084154, 27.71177087713399 ] ] ] ] } }
]
}
